ISO-10303-21;
HEADER;
/* Generated by software containing ST-Developer
 * from STEP Tools, Inc. (www.steptools.com) 
 */

FILE_DESCRIPTION(
/* description */ (''),
/* implementation_level */ '2;1');

FILE_NAME(
/* name */ 'PillGuard Cover.step',
/* time_stamp */ '2026-06-11T16:16:49+08:00',
/* author */ (''),
/* organization */ (''),
/* preprocessor_version */ 'ST-DEVELOPER v20.1',
/* originating_system */ 'Autodesk Translation Framework v15.8.0.0',
/* authorisation */ '');

FILE_SCHEMA (('AUTOMOTIVE_DESIGN { 1 0 10303 214 3 1 1 }'));
ENDSEC;

DATA;
#10=MECHANICAL_DESIGN_GEOMETRIC_PRESENTATION_REPRESENTATION('',(#13),#7209);
#11=SHAPE_REPRESENTATION_RELATIONSHIP('SRR','None',#7215,#12);
#12=ADVANCED_BREP_SHAPE_REPRESENTATION('',(#14),#7208);
#13=STYLED_ITEM('',(#7228),#14);
#14=MANIFOLD_SOLID_BREP('Cover',#2086);
#15=FACE_BOUND('',#288,.T.);
#16=FACE_BOUND('',#289,.T.);
#17=FACE_BOUND('',#293,.T.);
#18=FACE_BOUND('',#297,.T.);
#19=FACE_BOUND('',#298,.T.);
#20=FACE_BOUND('',#299,.T.);
#21=FACE_BOUND('',#300,.T.);
#22=FACE_BOUND('',#306,.T.);
#23=FACE_BOUND('',#310,.T.);
#24=FACE_BOUND('',#313,.T.);
#25=FACE_BOUND('',#314,.T.);
#26=FACE_BOUND('',#315,.T.);
#27=FACE_BOUND('',#316,.T.);
#28=FACE_BOUND('',#317,.T.);
#29=PLANE('',#2157);
#30=PLANE('',#2159);
#31=PLANE('',#2161);
#32=PLANE('',#2163);
#33=PLANE('',#2164);
#34=PLANE('',#2166);
#35=PLANE('',#2167);
#36=PLANE('',#2169);
#37=PLANE('',#2170);
#38=PLANE('',#2171);
#39=PLANE('',#2172);
#40=PLANE('',#2173);
#41=PLANE('',#2174);
#42=PLANE('',#2175);
#43=PLANE('',#2176);
#44=PLANE('',#2177);
#45=PLANE('',#2178);
#46=PLANE('',#2182);
#47=PLANE('',#2186);
#48=PLANE('',#2190);
#49=PLANE('',#2194);
#50=PLANE('',#2195);
#51=PLANE('',#2196);
#52=PLANE('',#2197);
#53=PLANE('',#2198);
#54=PLANE('',#2199);
#55=PLANE('',#2200);
#56=PLANE('',#2201);
#57=PLANE('',#2202);
#58=PLANE('',#2203);
#59=PLANE('',#2204);
#60=PLANE('',#2205);
#61=PLANE('',#2206);
#62=PLANE('',#2207);
#63=PLANE('',#2208);
#64=PLANE('',#2209);
#65=PLANE('',#2210);
#66=PLANE('',#2213);
#67=PLANE('',#2214);
#68=PLANE('',#2215);
#69=PLANE('',#2216);
#70=PLANE('',#2217);
#71=PLANE('',#2222);
#72=B_SPLINE_SURFACE_WITH_KNOTS('',3,3,((#4403,#4404,#4405,#4406,#4407,
#4408,#4409,#4410,#4411,#4412,#4413,#4414,#4415,#4416,#4417,#4418,#4419,
#4420,#4421,#4422,#4423,#4424,#4425,#4426,#4427,#4428,#4429,#4430,#4431,
#4432,#4433,#4434,#4435,#4436,#4437,#4438,#4439,#4440,#4441,#4442,#4443,
#4444,#4445,#4446,#4447,#4448,#4449,#4450,#4451,#4452,#4453,#4454,#4455,
#4456,#4457,#4458,#4459,#4460),(#4461,#4462,#4463,#4464,#4465,#4466,#4467,
#4468,#4469,#4470,#4471,#4472,#4473,#4474,#4475,#4476,#4477,#4478,#4479,
#4480,#4481,#4482,#4483,#4484,#4485,#4486,#4487,#4488,#4489,#4490,#4491,
#4492,#4493,#4494,#4495,#4496,#4497,#4498,#4499,#4500,#4501,#4502,#4503,
#4504,#4505,#4506,#4507,#4508,#4509,#4510,#4511,#4512,#4513,#4514,#4515,
#4516,#4517,#4518),(#4519,#4520,#4521,#4522,#4523,#4524,#4525,#4526,#4527,
#4528,#4529,#4530,#4531,#4532,#4533,#4534,#4535,#4536,#4537,#4538,#4539,
#4540,#4541,#4542,#4543,#4544,#4545,#4546,#4547,#4548,#4549,#4550,#4551,
#4552,#4553,#4554,#4555,#4556,#4557,#4558,#4559,#4560,#4561,#4562,#4563,
#4564,#4565,#4566,#4567,#4568,#4569,#4570,#4571,#4572,#4573,#4574,#4575,
#4576),(#4577,#4578,#4579,#4580,#4581,#4582,#4583,#4584,#4585,#4586,#4587,
#4588,#4589,#4590,#4591,#4592,#4593,#4594,#4595,#4596,#4597,#4598,#4599,
#4600,#4601,#4602,#4603,#4604,#4605,#4606,#4607,#4608,#4609,#4610,#4611,
#4612,#4613,#4614,#4615,#4616,#4617,#4618,#4619,#4620,#4621,#4622,#4623,
#4624,#4625,#4626,#4627,#4628,#4629,#4630,#4631,#4632,#4633,#4634)),
 .UNSPECIFIED.,.F.,.F.,.F.,(4,4),(4,1,1,1,1,1,1,1,1,1,1,1,1,1,1,1,1,1,1,
1,1,1,1,1,1,1,1,1,1,1,1,1,1,1,1,1,1,1,1,1,1,1,1,1,1,1,1,1,1,1,1,1,1,1,1,
4),(0.,0.0386536005222455),(11.8529428644272,12.8417387798894,13.8305346953516,
14.8193306108138,15.808126526276,16.7969224417382,17.7857183572004,18.7745142726626,
19.7633101881248,20.752106103587,21.7409020190492,22.7296979345114,23.7184938499736,
24.7072897654358,25.696085680898,26.6848815963602,27.6736775118224,28.6624734272846,
29.6512693427468,30.640065258209,31.6288611736712,32.6176570891334,33.6064530045956,
34.5952489200577,35.5840448355199,36.5728407509822,37.5616366664444,38.5504325819065,
39.5392284973687,40.5280244128309,41.5168203282931,42.5056162437553,43.4944121592175,
44.4832080746797,45.4720039901419,46.4607999056041,47.4495958210663,48.4383917365285,
49.4271876519907,50.4159835674529,51.4047794829151,52.3935753983773,53.3823713138395,
54.3711672293017,55.3599631447639,56.3487590602261,57.3375549756883,58.3263508911505,
59.3151468066127,60.3039427220749,61.2927386375371,62.2815345529993,63.2703304684615,
64.2591263839237,65.2479222993859,66.2367182148481),.UNSPECIFIED.);
#73=B_SPLINE_SURFACE_WITH_KNOTS('',3,3,((#4818,#4819,#4820,#4821,#4822,
#4823,#4824,#4825,#4826,#4827,#4828,#4829,#4830,#4831,#4832,#4833,#4834,
#4835,#4836,#4837,#4838,#4839,#4840,#4841,#4842,#4843,#4844,#4845,#4846,
#4847,#4848,#4849,#4850,#4851,#4852,#4853,#4854,#4855,#4856,#4857,#4858,
#4859,#4860,#4861,#4862,#4863,#4864,#4865,#4866,#4867,#4868,#4869,#4870,
#4871,#4872,#4873,#4874,#4875),(#4876,#4877,#4878,#4879,#4880,#4881,#4882,
#4883,#4884,#4885,#4886,#4887,#4888,#4889,#4890,#4891,#4892,#4893,#4894,
#4895,#4896,#4897,#4898,#4899,#4900,#4901,#4902,#4903,#4904,#4905,#4906,
#4907,#4908,#4909,#4910,#4911,#4912,#4913,#4914,#4915,#4916,#4917,#4918,
#4919,#4920,#4921,#4922,#4923,#4924,#4925,#4926,#4927,#4928,#4929,#4930,
#4931,#4932,#4933),(#4934,#4935,#4936,#4937,#4938,#4939,#4940,#4941,#4942,
#4943,#4944,#4945,#4946,#4947,#4948,#4949,#4950,#4951,#4952,#4953,#4954,
#4955,#4956,#4957,#4958,#4959,#4960,#4961,#4962,#4963,#4964,#4965,#4966,
#4967,#4968,#4969,#4970,#4971,#4972,#4973,#4974,#4975,#4976,#4977,#4978,
#4979,#4980,#4981,#4982,#4983,#4984,#4985,#4986,#4987,#4988,#4989,#4990,
#4991),(#4992,#4993,#4994,#4995,#4996,#4997,#4998,#4999,#5000,#5001,#5002,
#5003,#5004,#5005,#5006,#5007,#5008,#5009,#5010,#5011,#5012,#5013,#5014,
#5015,#5016,#5017,#5018,#5019,#5020,#5021,#5022,#5023,#5024,#5025,#5026,
#5027,#5028,#5029,#5030,#5031,#5032,#5033,#5034,#5035,#5036,#5037,#5038,
#5039,#5040,#5041,#5042,#5043,#5044,#5045,#5046,#5047,#5048,#5049)),
 .UNSPECIFIED.,.F.,.F.,.F.,(4,4),(4,1,1,1,1,1,1,1,1,1,1,1,1,1,1,1,1,1,1,
1,1,1,1,1,1,1,1,1,1,1,1,1,1,1,1,1,1,1,1,1,1,1,1,1,1,1,1,1,1,1,1,1,1,1,1,
4),(0.,0.0386536005222455),(14.3974932272897,15.3862891427519,16.3750850582141,
17.3638809736763,18.3526768891385,19.3414728046007,20.3302687200629,21.3190646355251,
22.3078605509873,23.2966564664495,24.2854523819117,25.2742482973739,26.2630442128361,
27.2518401282983,28.2406360437605,29.2294319592227,30.2182278746849,31.2070237901471,
32.1958197056093,33.1846156210715,34.1734115365337,35.1622074519959,36.1510033674581,
37.1397992829203,38.1285951983825,39.1173911138447,40.1061870293069,41.0949829447691,
42.0837788602313,43.0725747756935,44.0613706911557,45.0501666066179,46.0389625220801,
47.0277584375423,48.0165543530045,49.0053502684667,49.9941461839289,50.9829420993911,
51.9717380148533,52.9605339303155,53.9493298457777,54.9381257612399,55.9269216767021,
56.9157175921643,57.9045135076265,58.8933094230887,59.8821053385509,60.8709012540131,
61.8596971694753,62.8484930849375,63.8372890003997,64.8260849158619,65.8148808313241,
66.8036767467863,67.7924726622485,68.7812685777107),.UNSPECIFIED.);
#74=B_SPLINE_SURFACE_WITH_KNOTS('',3,3,((#5261,#5262,#5263,#5264,#5265,
#5266,#5267,#5268,#5269,#5270,#5271,#5272,#5273,#5274,#5275,#5276,#5277,
#5278,#5279,#5280,#5281,#5282,#5283,#5284,#5285,#5286,#5287,#5288,#5289,
#5290,#5291,#5292,#5293,#5294,#5295,#5296,#5297,#5298,#5299,#5300,#5301,
#5302,#5303,#5304,#5305,#5306,#5307,#5308,#5309,#5310,#5311,#5312,#5313,
#5314,#5315,#5316,#5317,#5318),(#5319,#5320,#5321,#5322,#5323,#5324,#5325,
#5326,#5327,#5328,#5329,#5330,#5331,#5332,#5333,#5334,#5335,#5336,#5337,
#5338,#5339,#5340,#5341,#5342,#5343,#5344,#5345,#5346,#5347,#5348,#5349,
#5350,#5351,#5352,#5353,#5354,#5355,#5356,#5357,#5358,#5359,#5360,#5361,
#5362,#5363,#5364,#5365,#5366,#5367,#5368,#5369,#5370,#5371,#5372,#5373,
#5374,#5375,#5376),(#5377,#5378,#5379,#5380,#5381,#5382,#5383,#5384,#5385,
#5386,#5387,#5388,#5389,#5390,#5391,#5392,#5393,#5394,#5395,#5396,#5397,
#5398,#5399,#5400,#5401,#5402,#5403,#5404,#5405,#5406,#5407,#5408,#5409,
#5410,#5411,#5412,#5413,#5414,#5415,#5416,#5417,#5418,#5419,#5420,#5421,
#5422,#5423,#5424,#5425,#5426,#5427,#5428,#5429,#5430,#5431,#5432,#5433,
#5434),(#5435,#5436,#5437,#5438,#5439,#5440,#5441,#5442,#5443,#5444,#5445,
#5446,#5447,#5448,#5449,#5450,#5451,#5452,#5453,#5454,#5455,#5456,#5457,
#5458,#5459,#5460,#5461,#5462,#5463,#5464,#5465,#5466,#5467,#5468,#5469,
#5470,#5471,#5472,#5473,#5474,#5475,#5476,#5477,#5478,#5479,#5480,#5481,
#5482,#5483,#5484,#5485,#5486,#5487,#5488,#5489,#5490,#5491,#5492)),
 .UNSPECIFIED.,.F.,.F.,.F.,(4,4),(4,1,1,1,1,1,1,1,1,1,1,1,1,1,1,1,1,1,1,
1,1,1,1,1,1,1,1,1,1,1,1,1,1,1,1,1,1,1,1,1,1,1,1,1,1,1,1,1,1,1,1,1,1,1,1,
4),(0.,0.0386536005222455),(11.852942864427,12.8417387798892,13.8305346953514,
14.8193306108136,15.8081265262758,16.796922441738,17.7857183572002,18.7745142726624,
19.7633101881246,20.7521061035868,21.740902019049,22.7296979345112,23.7184938499734,
24.7072897654356,25.6960856808978,26.68488159636,27.6736775118222,28.6624734272844,
29.6512693427466,30.6400652582088,31.628861173671,32.6176570891332,33.6064530045954,
34.5952489200576,35.5840448355198,36.572840750982,37.5616366664442,38.5504325819064,
39.5392284973686,40.5280244128308,41.516820328293,42.5056162437552,43.4944121592174,
44.4832080746796,45.4720039901418,46.4607999056039,47.4495958210662,48.4383917365283,
49.4271876519906,50.4159835674527,51.4047794829149,52.3935753983771,53.3823713138393,
54.3711672293015,55.3599631447637,56.3487590602259,57.3375549756881,58.3263508911503,
59.3151468066125,60.3039427220747,61.2927386375369,62.2815345529991,63.2703304684613,
64.2591263839235,65.2479222993857,66.2367182148479),.UNSPECIFIED.);
#75=B_SPLINE_SURFACE_WITH_KNOTS('',3,3,((#5676,#5677,#5678,#5679,#5680,
#5681,#5682,#5683,#5684,#5685,#5686,#5687,#5688,#5689,#5690,#5691,#5692,
#5693,#5694,#5695,#5696,#5697,#5698,#5699,#5700,#5701,#5702,#5703,#5704,
#5705,#5706,#5707,#5708,#5709,#5710,#5711,#5712,#5713,#5714,#5715,#5716,
#5717,#5718,#5719,#5720,#5721,#5722,#5723,#5724,#5725,#5726,#5727,#5728,
#5729,#5730,#5731,#5732,#5733),(#5734,#5735,#5736,#5737,#5738,#5739,#5740,
#5741,#5742,#5743,#5744,#5745,#5746,#5747,#5748,#5749,#5750,#5751,#5752,
#5753,#5754,#5755,#5756,#5757,#5758,#5759,#5760,#5761,#5762,#5763,#5764,
#5765,#5766,#5767,#5768,#5769,#5770,#5771,#5772,#5773,#5774,#5775,#5776,
#5777,#5778,#5779,#5780,#5781,#5782,#5783,#5784,#5785,#5786,#5787,#5788,
#5789,#5790,#5791),(#5792,#5793,#5794,#5795,#5796,#5797,#5798,#5799,#5800,
#5801,#5802,#5803,#5804,#5805,#5806,#5807,#5808,#5809,#5810,#5811,#5812,
#5813,#5814,#5815,#5816,#5817,#5818,#5819,#5820,#5821,#5822,#5823,#5824,
#5825,#5826,#5827,#5828,#5829,#5830,#5831,#5832,#5833,#5834,#5835,#5836,
#5837,#5838,#5839,#5840,#5841,#5842,#5843,#5844,#5845,#5846,#5847,#5848,
#5849),(#5850,#5851,#5852,#5853,#5854,#5855,#5856,#5857,#5858,#5859,#5860,
#5861,#5862,#5863,#5864,#5865,#5866,#5867,#5868,#5869,#5870,#5871,#5872,
#5873,#5874,#5875,#5876,#5877,#5878,#5879,#5880,#5881,#5882,#5883,#5884,
#5885,#5886,#5887,#5888,#5889,#5890,#5891,#5892,#5893,#5894,#5895,#5896,
#5897,#5898,#5899,#5900,#5901,#5902,#5903,#5904,#5905,#5906,#5907)),
 .UNSPECIFIED.,.F.,.F.,.F.,(4,4),(4,1,1,1,1,1,1,1,1,1,1,1,1,1,1,1,1,1,1,
1,1,1,1,1,1,1,1,1,1,1,1,1,1,1,1,1,1,1,1,1,1,1,1,1,1,1,1,1,1,1,1,1,1,1,1,
4),(0.,0.0386536005222455),(14.3974932272894,15.3862891427516,16.3750850582138,
17.363880973676,18.3526768891382,19.3414728046004,20.3302687200626,21.3190646355248,
22.307860550987,23.2966564664492,24.2854523819114,25.2742482973736,26.2630442128358,
27.251840128298,28.2406360437602,29.2294319592224,30.2182278746846,31.2070237901468,
32.195819705609,33.1846156210712,34.1734115365334,35.1622074519956,36.1510033674578,
37.13979928292,38.1285951983822,39.1173911138444,40.1061870293066,41.0949829447688,
42.083778860231,43.0725747756932,44.0613706911554,45.0501666066176,46.0389625220798,
47.027758437542,48.0165543530042,49.0053502684664,49.9941461839286,50.9829420993908,
51.971738014853,52.9605339303152,53.9493298457774,54.9381257612396,55.9269216767018,
56.915717592164,57.9045135076262,58.8933094230884,59.8821053385506,60.8709012540128,
61.859697169475,62.8484930849372,63.8372890003994,64.8260849158616,65.8148808313238,
66.803676746786,67.7924726622482,68.7812685777104),.UNSPECIFIED.);
#76=B_SPLINE_SURFACE_WITH_KNOTS('',3,3,((#6119,#6120,#6121,#6122,#6123,
#6124,#6125,#6126,#6127,#6128,#6129,#6130,#6131,#6132,#6133,#6134,#6135,
#6136,#6137,#6138,#6139,#6140,#6141,#6142,#6143,#6144,#6145,#6146,#6147,
#6148,#6149,#6150,#6151,#6152,#6153,#6154,#6155,#6156,#6157,#6158,#6159,
#6160,#6161,#6162,#6163,#6164,#6165,#6166,#6167,#6168,#6169,#6170,#6171,
#6172,#6173,#6174,#6175,#6176),(#6177,#6178,#6179,#6180,#6181,#6182,#6183,
#6184,#6185,#6186,#6187,#6188,#6189,#6190,#6191,#6192,#6193,#6194,#6195,
#6196,#6197,#6198,#6199,#6200,#6201,#6202,#6203,#6204,#6205,#6206,#6207,
#6208,#6209,#6210,#6211,#6212,#6213,#6214,#6215,#6216,#6217,#6218,#6219,
#6220,#6221,#6222,#6223,#6224,#6225,#6226,#6227,#6228,#6229,#6230,#6231,
#6232,#6233,#6234),(#6235,#6236,#6237,#6238,#6239,#6240,#6241,#6242,#6243,
#6244,#6245,#6246,#6247,#6248,#6249,#6250,#6251,#6252,#6253,#6254,#6255,
#6256,#6257,#6258,#6259,#6260,#6261,#6262,#6263,#6264,#6265,#6266,#6267,
#6268,#6269,#6270,#6271,#6272,#6273,#6274,#6275,#6276,#6277,#6278,#6279,
#6280,#6281,#6282,#6283,#6284,#6285,#6286,#6287,#6288,#6289,#6290,#6291,
#6292),(#6293,#6294,#6295,#6296,#6297,#6298,#6299,#6300,#6301,#6302,#6303,
#6304,#6305,#6306,#6307,#6308,#6309,#6310,#6311,#6312,#6313,#6314,#6315,
#6316,#6317,#6318,#6319,#6320,#6321,#6322,#6323,#6324,#6325,#6326,#6327,
#6328,#6329,#6330,#6331,#6332,#6333,#6334,#6335,#6336,#6337,#6338,#6339,
#6340,#6341,#6342,#6343,#6344,#6345,#6346,#6347,#6348,#6349,#6350)),
 .UNSPECIFIED.,.F.,.F.,.F.,(4,4),(4,1,1,1,1,1,1,1,1,1,1,1,1,1,1,1,1,1,1,
1,1,1,1,1,1,1,1,1,1,1,1,1,1,1,1,1,1,1,1,1,1,1,1,1,1,1,1,1,1,1,1,1,1,1,1,
4),(0.,0.0386536005222455),(11.8529428644272,12.8417387798894,13.8305346953516,
14.8193306108138,15.808126526276,16.7969224417382,17.7857183572004,18.7745142726626,
19.7633101881248,20.752106103587,21.7409020190492,22.7296979345114,23.7184938499736,
24.7072897654358,25.696085680898,26.6848815963602,27.6736775118224,28.6624734272846,
29.6512693427468,30.640065258209,31.6288611736712,32.6176570891334,33.6064530045956,
34.5952489200578,35.58404483552,36.5728407509822,37.5616366664444,38.5504325819066,
39.5392284973688,40.528024412831,41.5168203282932,42.5056162437554,43.4944121592176,
44.4832080746798,45.4720039901419,46.4607999056041,47.4495958210663,48.4383917365285,
49.4271876519907,50.4159835674529,51.4047794829151,52.3935753983773,53.3823713138395,
54.3711672293017,55.3599631447639,56.3487590602261,57.3375549756883,58.3263508911505,
59.3151468066127,60.3039427220749,61.2927386375371,62.2815345529993,63.2703304684615,
64.2591263839237,65.2479222993859,66.2367182148481),.UNSPECIFIED.);
#77=B_SPLINE_SURFACE_WITH_KNOTS('',3,3,((#6534,#6535,#6536,#6537,#6538,
#6539,#6540,#6541,#6542,#6543,#6544,#6545,#6546,#6547,#6548,#6549,#6550,
#6551,#6552,#6553,#6554,#6555,#6556,#6557,#6558,#6559,#6560,#6561,#6562,
#6563,#6564,#6565,#6566,#6567,#6568,#6569,#6570,#6571,#6572,#6573,#6574,
#6575,#6576,#6577,#6578,#6579,#6580,#6581,#6582,#6583,#6584,#6585,#6586,
#6587,#6588,#6589,#6590,#6591),(#6592,#6593,#6594,#6595,#6596,#6597,#6598,
#6599,#6600,#6601,#6602,#6603,#6604,#6605,#6606,#6607,#6608,#6609,#6610,
#6611,#6612,#6613,#6614,#6615,#6616,#6617,#6618,#6619,#6620,#6621,#6622,
#6623,#6624,#6625,#6626,#6627,#6628,#6629,#6630,#6631,#6632,#6633,#6634,
#6635,#6636,#6637,#6638,#6639,#6640,#6641,#6642,#6643,#6644,#6645,#6646,
#6647,#6648,#6649),(#6650,#6651,#6652,#6653,#6654,#6655,#6656,#6657,#6658,
#6659,#6660,#6661,#6662,#6663,#6664,#6665,#6666,#6667,#6668,#6669,#6670,
#6671,#6672,#6673,#6674,#6675,#6676,#6677,#6678,#6679,#6680,#6681,#6682,
#6683,#6684,#6685,#6686,#6687,#6688,#6689,#6690,#6691,#6692,#6693,#6694,
#6695,#6696,#6697,#6698,#6699,#6700,#6701,#6702,#6703,#6704,#6705,#6706,
#6707),(#6708,#6709,#6710,#6711,#6712,#6713,#6714,#6715,#6716,#6717,#6718,
#6719,#6720,#6721,#6722,#6723,#6724,#6725,#6726,#6727,#6728,#6729,#6730,
#6731,#6732,#6733,#6734,#6735,#6736,#6737,#6738,#6739,#6740,#6741,#6742,
#6743,#6744,#6745,#6746,#6747,#6748,#6749,#6750,#6751,#6752,#6753,#6754,
#6755,#6756,#6757,#6758,#6759,#6760,#6761,#6762,#6763,#6764,#6765)),
 .UNSPECIFIED.,.F.,.F.,.F.,(4,4),(4,1,1,1,1,1,1,1,1,1,1,1,1,1,1,1,1,1,1,
1,1,1,1,1,1,1,1,1,1,1,1,1,1,1,1,1,1,1,1,1,1,1,1,1,1,1,1,1,1,1,1,1,1,1,1,
4),(0.,0.0386536005222455),(14.3974932272897,15.3862891427519,16.3750850582141,
17.3638809736763,18.3526768891385,19.3414728046007,20.3302687200629,21.3190646355251,
22.3078605509873,23.2966564664495,24.2854523819117,25.2742482973739,26.2630442128361,
27.2518401282983,28.2406360437605,29.2294319592227,30.2182278746849,31.2070237901471,
32.1958197056093,33.1846156210715,34.1734115365337,35.1622074519959,36.1510033674581,
37.1397992829203,38.1285951983825,39.1173911138447,40.1061870293069,41.0949829447691,
42.0837788602313,43.0725747756935,44.0613706911557,45.0501666066179,46.0389625220801,
47.0277584375423,48.0165543530045,49.0053502684667,49.9941461839289,50.9829420993911,
51.9717380148533,52.9605339303155,53.9493298457777,54.9381257612399,55.9269216767021,
56.9157175921643,57.9045135076265,58.8933094230887,59.8821053385509,60.8709012540131,
61.8596971694753,62.8484930849375,63.8372890003997,64.8260849158619,65.8148808313241,
66.8036767467863,67.7924726622485,68.7812685777107),.UNSPECIFIED.);
#78=FACE_OUTER_BOUND('',#191,.T.);
#79=FACE_OUTER_BOUND('',#192,.T.);
#80=FACE_OUTER_BOUND('',#193,.T.);
#81=FACE_OUTER_BOUND('',#194,.T.);
#82=FACE_OUTER_BOUND('',#195,.T.);
#83=FACE_OUTER_BOUND('',#196,.T.);
#84=FACE_OUTER_BOUND('',#197,.T.);
#85=FACE_OUTER_BOUND('',#198,.T.);
#86=FACE_OUTER_BOUND('',#199,.T.);
#87=FACE_OUTER_BOUND('',#200,.T.);
#88=FACE_OUTER_BOUND('',#201,.T.);
#89=FACE_OUTER_BOUND('',#202,.T.);
#90=FACE_OUTER_BOUND('',#203,.T.);
#91=FACE_OUTER_BOUND('',#204,.T.);
#92=FACE_OUTER_BOUND('',#205,.T.);
#93=FACE_OUTER_BOUND('',#206,.T.);
#94=FACE_OUTER_BOUND('',#207,.T.);
#95=FACE_OUTER_BOUND('',#208,.T.);
#96=FACE_OUTER_BOUND('',#209,.T.);
#97=FACE_OUTER_BOUND('',#210,.T.);
#98=FACE_OUTER_BOUND('',#211,.T.);
#99=FACE_OUTER_BOUND('',#212,.T.);
#100=FACE_OUTER_BOUND('',#213,.T.);
#101=FACE_OUTER_BOUND('',#214,.T.);
#102=FACE_OUTER_BOUND('',#215,.T.);
#103=FACE_OUTER_BOUND('',#216,.T.);
#104=FACE_OUTER_BOUND('',#217,.T.);
#105=FACE_OUTER_BOUND('',#218,.T.);
#106=FACE_OUTER_BOUND('',#219,.T.);
#107=FACE_OUTER_BOUND('',#220,.T.);
#108=FACE_OUTER_BOUND('',#221,.T.);
#109=FACE_OUTER_BOUND('',#222,.T.);
#110=FACE_OUTER_BOUND('',#223,.T.);
#111=FACE_OUTER_BOUND('',#224,.T.);
#112=FACE_OUTER_BOUND('',#225,.T.);
#113=FACE_OUTER_BOUND('',#226,.T.);
#114=FACE_OUTER_BOUND('',#227,.T.);
#115=FACE_OUTER_BOUND('',#228,.T.);
#116=FACE_OUTER_BOUND('',#229,.T.);
#117=FACE_OUTER_BOUND('',#230,.T.);
#118=FACE_OUTER_BOUND('',#231,.T.);
#119=FACE_OUTER_BOUND('',#232,.T.);
#120=FACE_OUTER_BOUND('',#233,.T.);
#121=FACE_OUTER_BOUND('',#234,.T.);
#122=FACE_OUTER_BOUND('',#235,.T.);
#123=FACE_OUTER_BOUND('',#236,.T.);
#124=FACE_OUTER_BOUND('',#237,.T.);
#125=FACE_OUTER_BOUND('',#238,.T.);
#126=FACE_OUTER_BOUND('',#239,.T.);
#127=FACE_OUTER_BOUND('',#240,.T.);
#128=FACE_OUTER_BOUND('',#241,.T.);
#129=FACE_OUTER_BOUND('',#242,.T.);
#130=FACE_OUTER_BOUND('',#243,.T.);
#131=FACE_OUTER_BOUND('',#244,.T.);
#132=FACE_OUTER_BOUND('',#245,.T.);
#133=FACE_OUTER_BOUND('',#246,.T.);
#134=FACE_OUTER_BOUND('',#247,.T.);
#135=FACE_OUTER_BOUND('',#248,.T.);
#136=FACE_OUTER_BOUND('',#249,.T.);
#137=FACE_OUTER_BOUND('',#250,.T.);
#138=FACE_OUTER_BOUND('',#251,.T.);
#139=FACE_OUTER_BOUND('',#252,.T.);
#140=FACE_OUTER_BOUND('',#253,.T.);
#141=FACE_OUTER_BOUND('',#254,.T.);
#142=FACE_OUTER_BOUND('',#255,.T.);
#143=FACE_OUTER_BOUND('',#256,.T.);
#144=FACE_OUTER_BOUND('',#257,.T.);
#145=FACE_OUTER_BOUND('',#258,.T.);
#146=FACE_OUTER_BOUND('',#259,.T.);
#147=FACE_OUTER_BOUND('',#260,.T.);
#148=FACE_OUTER_BOUND('',#261,.T.);
#149=FACE_OUTER_BOUND('',#262,.T.);
#150=FACE_OUTER_BOUND('',#263,.T.);
#151=FACE_OUTER_BOUND('',#264,.T.);
#152=FACE_OUTER_BOUND('',#265,.T.);
#153=FACE_OUTER_BOUND('',#266,.T.);
#154=FACE_OUTER_BOUND('',#267,.T.);
#155=FACE_OUTER_BOUND('',#268,.T.);
#156=FACE_OUTER_BOUND('',#269,.T.);
#157=FACE_OUTER_BOUND('',#270,.T.);
#158=FACE_OUTER_BOUND('',#271,.T.);
#159=FACE_OUTER_BOUND('',#272,.T.);
#160=FACE_OUTER_BOUND('',#273,.T.);
#161=FACE_OUTER_BOUND('',#274,.T.);
#162=FACE_OUTER_BOUND('',#275,.T.);
#163=FACE_OUTER_BOUND('',#276,.T.);
#164=FACE_OUTER_BOUND('',#277,.T.);
#165=FACE_OUTER_BOUND('',#278,.T.);
#166=FACE_OUTER_BOUND('',#279,.T.);
#167=FACE_OUTER_BOUND('',#280,.T.);
#168=FACE_OUTER_BOUND('',#281,.T.);
#169=FACE_OUTER_BOUND('',#282,.T.);
#170=FACE_OUTER_BOUND('',#283,.T.);
#171=FACE_OUTER_BOUND('',#284,.T.);
#172=FACE_OUTER_BOUND('',#285,.T.);
#173=FACE_OUTER_BOUND('',#286,.T.);
#174=FACE_OUTER_BOUND('',#287,.T.);
#175=FACE_OUTER_BOUND('',#290,.T.);
#176=FACE_OUTER_BOUND('',#291,.T.);
#177=FACE_OUTER_BOUND('',#292,.T.);
#178=FACE_OUTER_BOUND('',#294,.T.);
#179=FACE_OUTER_BOUND('',#295,.T.);
#180=FACE_OUTER_BOUND('',#296,.T.);
#181=FACE_OUTER_BOUND('',#301,.T.);
#182=FACE_OUTER_BOUND('',#302,.T.);
#183=FACE_OUTER_BOUND('',#303,.T.);
#184=FACE_OUTER_BOUND('',#304,.T.);
#185=FACE_OUTER_BOUND('',#305,.T.);
#186=FACE_OUTER_BOUND('',#307,.T.);
#187=FACE_OUTER_BOUND('',#308,.T.);
#188=FACE_OUTER_BOUND('',#309,.T.);
#189=FACE_OUTER_BOUND('',#311,.T.);
#190=FACE_OUTER_BOUND('',#312,.T.);
#191=EDGE_LOOP('',(#1293,#1294,#1295,#1296));
#192=EDGE_LOOP('',(#1297,#1298,#1299,#1300));
#193=EDGE_LOOP('',(#1301,#1302,#1303,#1304));
#194=EDGE_LOOP('',(#1305,#1306,#1307,#1308));
#195=EDGE_LOOP('',(#1309,#1310,#1311,#1312));
#196=EDGE_LOOP('',(#1313,#1314,#1315,#1316));
#197=EDGE_LOOP('',(#1317,#1318,#1319,#1320));
#198=EDGE_LOOP('',(#1321,#1322,#1323,#1324));
#199=EDGE_LOOP('',(#1325,#1326,#1327,#1328));
#200=EDGE_LOOP('',(#1329,#1330,#1331,#1332));
#201=EDGE_LOOP('',(#1333,#1334,#1335,#1336));
#202=EDGE_LOOP('',(#1337,#1338,#1339,#1340));
#203=EDGE_LOOP('',(#1341,#1342,#1343,#1344));
#204=EDGE_LOOP('',(#1345,#1346,#1347,#1348));
#205=EDGE_LOOP('',(#1349,#1350,#1351,#1352));
#206=EDGE_LOOP('',(#1353,#1354,#1355,#1356));
#207=EDGE_LOOP('',(#1357,#1358,#1359,#1360));
#208=EDGE_LOOP('',(#1361,#1362,#1363,#1364));
#209=EDGE_LOOP('',(#1365,#1366,#1367,#1368));
#210=EDGE_LOOP('',(#1369,#1370,#1371,#1372));
#211=EDGE_LOOP('',(#1373,#1374,#1375,#1376));
#212=EDGE_LOOP('',(#1377,#1378,#1379,#1380));
#213=EDGE_LOOP('',(#1381,#1382,#1383,#1384));
#214=EDGE_LOOP('',(#1385,#1386,#1387,#1388));
#215=EDGE_LOOP('',(#1389,#1390,#1391,#1392));
#216=EDGE_LOOP('',(#1393,#1394,#1395,#1396));
#217=EDGE_LOOP('',(#1397,#1398,#1399,#1400));
#218=EDGE_LOOP('',(#1401,#1402,#1403,#1404));
#219=EDGE_LOOP('',(#1405,#1406,#1407,#1408));
#220=EDGE_LOOP('',(#1409,#1410,#1411,#1412));
#221=EDGE_LOOP('',(#1413,#1414,#1415,#1416));
#222=EDGE_LOOP('',(#1417,#1418,#1419,#1420));
#223=EDGE_LOOP('',(#1421,#1422,#1423,#1424));
#224=EDGE_LOOP('',(#1425,#1426,#1427,#1428));
#225=EDGE_LOOP('',(#1429,#1430,#1431,#1432));
#226=EDGE_LOOP('',(#1433,#1434,#1435,#1436));
#227=EDGE_LOOP('',(#1437,#1438,#1439,#1440));
#228=EDGE_LOOP('',(#1441,#1442,#1443,#1444));
#229=EDGE_LOOP('',(#1445,#1446,#1447,#1448));
#230=EDGE_LOOP('',(#1449,#1450,#1451,#1452));
#231=EDGE_LOOP('',(#1453,#1454,#1455,#1456));
#232=EDGE_LOOP('',(#1457,#1458,#1459,#1460));
#233=EDGE_LOOP('',(#1461,#1462,#1463,#1464));
#234=EDGE_LOOP('',(#1465,#1466,#1467,#1468));
#235=EDGE_LOOP('',(#1469,#1470,#1471,#1472));
#236=EDGE_LOOP('',(#1473,#1474,#1475,#1476));
#237=EDGE_LOOP('',(#1477,#1478,#1479,#1480));
#238=EDGE_LOOP('',(#1481,#1482,#1483,#1484));
#239=EDGE_LOOP('',(#1485,#1486,#1487,#1488));
#240=EDGE_LOOP('',(#1489,#1490,#1491,#1492));
#241=EDGE_LOOP('',(#1493,#1494,#1495,#1496));
#242=EDGE_LOOP('',(#1497,#1498,#1499,#1500));
#243=EDGE_LOOP('',(#1501,#1502,#1503,#1504,#1505,#1506,#1507,#1508,#1509,
#1510,#1511,#1512,#1513,#1514,#1515,#1516,#1517,#1518,#1519,#1520,#1521));
#244=EDGE_LOOP('',(#1522,#1523,#1524,#1525,#1526,#1527,#1528,#1529,#1530,
#1531,#1532,#1533,#1534,#1535,#1536,#1537,#1538,#1539,#1540,#1541,#1542));
#245=EDGE_LOOP('',(#1543,#1544,#1545,#1546));
#246=EDGE_LOOP('',(#1547,#1548,#1549,#1550,#1551,#1552,#1553,#1554,#1555,
#1556,#1557,#1558,#1559,#1560,#1561,#1562,#1563,#1564,#1565,#1566,#1567));
#247=EDGE_LOOP('',(#1568,#1569,#1570,#1571,#1572,#1573,#1574,#1575,#1576,
#1577,#1578,#1579,#1580,#1581,#1582,#1583,#1584,#1585,#1586,#1587,#1588));
#248=EDGE_LOOP('',(#1589,#1590,#1591,#1592));
#249=EDGE_LOOP('',(#1593,#1594,#1595,#1596,#1597,#1598,#1599,#1600,#1601,
#1602,#1603,#1604,#1605,#1606,#1607,#1608,#1609,#1610,#1611,#1612,#1613));
#250=EDGE_LOOP('',(#1614,#1615,#1616,#1617,#1618,#1619,#1620,#1621,#1622,
#1623,#1624,#1625,#1626,#1627,#1628,#1629,#1630,#1631,#1632,#1633,#1634));
#251=EDGE_LOOP('',(#1635,#1636,#1637,#1638));
#252=EDGE_LOOP('',(#1639));
#253=EDGE_LOOP('',(#1640,#1641,#1642,#1643));
#254=EDGE_LOOP('',(#1644,#1645,#1646,#1647));
#255=EDGE_LOOP('',(#1648,#1649,#1650,#1651));
#256=EDGE_LOOP('',(#1652,#1653,#1654,#1655));
#257=EDGE_LOOP('',(#1656,#1657,#1658,#1659));
#258=EDGE_LOOP('',(#1660,#1661,#1662,#1663));
#259=EDGE_LOOP('',(#1664,#1665,#1666,#1667));
#260=EDGE_LOOP('',(#1668,#1669,#1670,#1671));
#261=EDGE_LOOP('',(#1672,#1673,#1674,#1675));
#262=EDGE_LOOP('',(#1676,#1677,#1678,#1679));
#263=EDGE_LOOP('',(#1680,#1681,#1682,#1683));
#264=EDGE_LOOP('',(#1684,#1685,#1686,#1687,#1688));
#265=EDGE_LOOP('',(#1689,#1690,#1691,#1692,#1693,#1694,#1695,#1696,#1697,
#1698));
#266=EDGE_LOOP('',(#1699,#1700,#1701,#1702));
#267=EDGE_LOOP('',(#1703,#1704,#1705,#1706,#1707));
#268=EDGE_LOOP('',(#1708,#1709,#1710,#1711));
#269=EDGE_LOOP('',(#1712,#1713,#1714,#1715,#1716,#1717));
#270=EDGE_LOOP('',(#1718,#1719,#1720,#1721,#1722,#1723));
#271=EDGE_LOOP('',(#1724,#1725,#1726,#1727));
#272=EDGE_LOOP('',(#1728,#1729,#1730,#1731));
#273=EDGE_LOOP('',(#1732));
#274=EDGE_LOOP('',(#1733,#1734,#1735,#1736));
#275=EDGE_LOOP('',(#1737));
#276=EDGE_LOOP('',(#1738,#1739,#1740,#1741));
#277=EDGE_LOOP('',(#1742));
#278=EDGE_LOOP('',(#1743,#1744,#1745,#1746));
#279=EDGE_LOOP('',(#1747));
#280=EDGE_LOOP('',(#1748,#1749,#1750,#1751));
#281=EDGE_LOOP('',(#1752,#1753,#1754,#1755));
#282=EDGE_LOOP('',(#1756,#1757,#1758,#1759,#1760,#1761));
#283=EDGE_LOOP('',(#1762,#1763,#1764,#1765));
#284=EDGE_LOOP('',(#1766,#1767,#1768,#1769));
#285=EDGE_LOOP('',(#1770,#1771,#1772,#1773,#1774,#1775));
#286=EDGE_LOOP('',(#1776,#1777,#1778,#1779));
#287=EDGE_LOOP('',(#1780,#1781,#1782,#1783));
#288=EDGE_LOOP('',(#1784,#1785,#1786,#1787));
#289=EDGE_LOOP('',(#1788,#1789,#1790,#1791,#1792,#1793,#1794,#1795));
#290=EDGE_LOOP('',(#1796,#1797,#1798,#1799));
#291=EDGE_LOOP('',(#1800,#1801,#1802,#1803));
#292=EDGE_LOOP('',(#1804,#1805,#1806,#1807));
#293=EDGE_LOOP('',(#1808,#1809,#1810,#1811));
#294=EDGE_LOOP('',(#1812,#1813,#1814,#1815,#1816,#1817,#1818,#1819));
#295=EDGE_LOOP('',(#1820,#1821,#1822,#1823));
#296=EDGE_LOOP('',(#1824,#1825,#1826,#1827,#1828,#1829,#1830,#1831,#1832,
#1833,#1834,#1835));
#297=EDGE_LOOP('',(#1836,#1837,#1838,#1839));
#298=EDGE_LOOP('',(#1840,#1841,#1842,#1843));
#299=EDGE_LOOP('',(#1844,#1845,#1846,#1847));
#300=EDGE_LOOP('',(#1848));
#301=EDGE_LOOP('',(#1849,#1850,#1851,#1852));
#302=EDGE_LOOP('',(#1853,#1854,#1855,#1856,#1857,#1858));
#303=EDGE_LOOP('',(#1859,#1860,#1861,#1862));
#304=EDGE_LOOP('',(#1863,#1864,#1865,#1866));
#305=EDGE_LOOP('',(#1867,#1868,#1869,#1870));
#306=EDGE_LOOP('',(#1871,#1872,#1873,#1874));
#307=EDGE_LOOP('',(#1875,#1876,#1877,#1878));
#308=EDGE_LOOP('',(#1879,#1880,#1881,#1882));
#309=EDGE_LOOP('',(#1883,#1884,#1885,#1886));
#310=EDGE_LOOP('',(#1887,#1888,#1889,#1890));
#311=EDGE_LOOP('',(#1891,#1892,#1893,#1894));
#312=EDGE_LOOP('',(#1895,#1896,#1897,#1898,#1899,#1900));
#313=EDGE_LOOP('',(#1901));
#314=EDGE_LOOP('',(#1902));
#315=EDGE_LOOP('',(#1903));
#316=EDGE_LOOP('',(#1904));
#317=EDGE_LOOP('',(#1905,#1906,#1907,#1908));
#318=CIRCLE('',#2089,1.465);
#319=CIRCLE('',#2097,1.465);
#320=CIRCLE('',#2099,1.465);
#321=CIRCLE('',#2107,1.465);
#322=CIRCLE('',#2109,1.465);
#323=CIRCLE('',#2117,1.465);
#324=CIRCLE('',#2119,1.79975);
#325=CIRCLE('',#2128,1.79975);
#326=CIRCLE('',#2130,1.79975);
#327=CIRCLE('',#2139,1.79975);
#328=CIRCLE('',#2141,1.79975);
#329=CIRCLE('',#2150,1.79975);
#330=CIRCLE('',#2155,1.465);
#331=CIRCLE('',#2156,1.465);
#332=CIRCLE('',#2165,25.);
#333=CIRCLE('',#2168,25.);
#334=CIRCLE('',#2180,8.3);
#335=CIRCLE('',#2181,8.3);
#336=CIRCLE('',#2184,8.3);
#337=CIRCLE('',#2185,8.3);
#338=CIRCLE('',#2188,8.3);
#339=CIRCLE('',#2189,8.3);
#340=CIRCLE('',#2192,8.3);
#341=CIRCLE('',#2193,8.3);
#342=CIRCLE('',#2211,25.);
#343=CIRCLE('',#2212,25.);
#344=CIRCLE('',#2219,25.);
#345=CIRCLE('',#2221,25.);
#346=B_SPLINE_CURVE_WITH_KNOTS('',3,(#2655,#2656,#2657,#2658,#2659,#2660,
#2661,#2662,#2663,#2664),.UNSPECIFIED.,.F.,.F.,(4,3,3,4),(51.5759524980962,
52.4061835194966,53.3949794349588,54.3837753504209),.UNSPECIFIED.);
#347=B_SPLINE_CURVE_WITH_KNOTS('',3,(#2667,#2668,#2669,#2670,#2671,#2672,
#2673,#2674,#2675,#2676,#2677,#2678,#2679,#2680,#2681,#2682),
 .UNSPECIFIED.,.F.,.F.,(4,3,3,3,3,4),(-52.3598775598295,-51.4173876040343,
-50.4285916885721,-49.4397957731099,-48.4509998576477,-47.8373175537791),
 .UNSPECIFIED.);
#348=B_SPLINE_CURVE_WITH_KNOTS('',3,(#2687,#2688,#2689,#2690,#2691,#2692,
#2693,#2694,#2695,#2696,#2697,#2698,#2699,#2700,#2701,#2702,#2703,#2704,
#2705,#2706,#2707,#2708,#2709,#2710,#2711),.UNSPECIFIED.,.F.,.F.,(4,3,3,
3,3,3,3,3,4),(45.2927671909166,45.4846121112612,46.4734080267234,47.4622039421856,
48.4509998576478,49.43979577311,50.4285916885722,51.4173876040344,51.5759524980962),
 .UNSPECIFIED.);
#349=B_SPLINE_CURVE_WITH_KNOTS('',3,(#2712,#2713,#2714,#2715,#2716,#2717,
#2718,#2719,#2720,#2721,#2722,#2723,#2724,#2725,#2726,#2727,#2728,#2729,
#2730,#2731,#2732,#2733),.UNSPECIFIED.,.F.,.F.,(4,3,3,3,3,3,3,4),(-47.8373175537791,
-47.4622039421855,-46.4734080267233,-45.4846121112611,-44.4958161957989,
-43.5070202803367,-42.5182243648745,-41.5541322465994),.UNSPECIFIED.);
#350=B_SPLINE_CURVE_WITH_KNOTS('',3,(#2738,#2739,#2740,#2741,#2742,#2743,
#2744,#2745,#2746,#2747,#2748,#2749,#2750,#2751,#2752,#2753,#2754,#2755,
#2756,#2757,#2758,#2759),.UNSPECIFIED.,.F.,.F.,(4,3,3,3,3,3,3,4),(39.0095818837369,
39.551836618488,40.5406325339502,41.5294284494124,42.5182243648746,43.5070202803368,
44.495816195799,45.2927671909166),.UNSPECIFIED.);
#351=B_SPLINE_CURVE_WITH_KNOTS('',3,(#2760,#2761,#2762,#2763,#2764,#2765,
#2766,#2767,#2768,#2769,#2770,#2771,#2772,#2773,#2774,#2775,#2776,#2777,
#2778,#2779,#2780,#2781,#2782,#2783,#2784),.UNSPECIFIED.,.F.,.F.,(4,3,3,
3,3,3,3,3,4),(-41.5541322465994,-41.5294284494123,-40.5406325339501,-39.5518366184879,
-38.5630407030257,-37.5742447875635,-36.5854488721013,-35.5966529566391,
-35.2709469394198),.UNSPECIFIED.);
#352=B_SPLINE_CURVE_WITH_KNOTS('',3,(#2789,#2790,#2791,#2792,#2793,#2794,
#2795,#2796,#2797,#2798,#2799,#2800,#2801,#2802,#2803,#2804,#2805,#2806,
#2807,#2808,#2809,#2810),.UNSPECIFIED.,.F.,.F.,(4,3,3,3,3,3,3,4),(32.7263965765575,
33.6190611257148,34.607857041177,35.5966529566392,36.5854488721014,37.5742447875636,
38.5630407030258,39.0095818837369),.UNSPECIFIED.);
#353=B_SPLINE_CURVE_WITH_KNOTS('',3,(#2811,#2812,#2813,#2814,#2815,#2816,
#2817,#2818,#2819,#2820,#2821,#2822,#2823,#2824,#2825,#2826,#2827,#2828,
#2829,#2830,#2831,#2832),.UNSPECIFIED.,.F.,.F.,(4,3,3,3,3,3,3,4),(-35.2709469394198,
-34.6078570411769,-33.6190611257148,-32.6302652102525,-31.6414692947904,
-30.6526733793281,-29.663877463866,-28.9877616322403),.UNSPECIFIED.);
#354=B_SPLINE_CURVE_WITH_KNOTS('',3,(#2837,#2838,#2839,#2840,#2841,#2842,
#2843,#2844,#2845,#2846,#2847,#2848,#2849,#2850,#2851,#2852,#2853,#2854,
#2855,#2856,#2857,#2858,#2859,#2860,#2861),.UNSPECIFIED.,.F.,.F.,(4,3,3,
3,3,3,3,3,4),(26.4432112693778,26.6974897174794,27.6862856329416,28.6750815484038,
29.663877463866,30.6526733793282,31.6414692947904,32.6302652102526,32.7263965765575),
 .UNSPECIFIED.);
#355=B_SPLINE_CURVE_WITH_KNOTS('',3,(#2862,#2863,#2864,#2865,#2866,#2867,
#2868,#2869,#2870,#2871,#2872,#2873,#2874,#2875,#2876,#2877,#2878,#2879,
#2880,#2881,#2882,#2883,#2884,#2885,#2886),.UNSPECIFIED.,.F.,.F.,(4,3,3,
3,3,3,3,3,4),(-28.9877616322403,-28.6750815484038,-27.6862856329416,-26.6974897174794,
-25.7086938020172,-24.719897886555,-23.7311019710928,-22.7423060556306,
-22.7045763250607),.UNSPECIFIED.);
#356=B_SPLINE_CURVE_WITH_KNOTS('',3,(#2891,#2892,#2893,#2894,#2895,#2896,
#2897,#2898,#2899,#2900,#2901,#2902,#2903,#2904,#2905,#2906,#2907,#2908,
#2909,#2910,#2911,#2912),.UNSPECIFIED.,.F.,.F.,(4,3,3,3,3,3,3,4),(20.1600259621982,
20.7647142247062,21.7535101401684,22.7423060556306,23.7311019710928,24.719897886555,
25.7086938020172,26.4432112693778),.UNSPECIFIED.);
#357=B_SPLINE_CURVE_WITH_KNOTS('',3,(#2913,#2914,#2915,#2916,#2917,#2918,
#2919,#2920,#2921,#2922,#2923,#2924,#2925,#2926,#2927,#2928,#2929,#2930,
#2931,#2932,#2933,#2934),.UNSPECIFIED.,.F.,.F.,(4,3,3,3,3,3,3,4),(-22.7045763250607,
-21.7535101401684,-20.7647142247062,-19.775918309244,-18.7871223937818,
-17.7983264783196,-16.8095305628574,-16.4213910178811),.UNSPECIFIED.);
#358=B_SPLINE_CURVE_WITH_KNOTS('',3,(#2939,#2940,#2941,#2942,#2943,#2944,
#2945,#2946,#2947,#2948,#2949,#2950,#2951,#2952,#2953,#2954,#2955,#2956,
#2957,#2958,#2959,#2960),.UNSPECIFIED.,.F.,.F.,(4,3,3,3,3,3,3,4),(13.8768406550186,
14.831938731933,15.8207346473952,16.8095305628574,17.7983264783196,18.7871223937818,
19.775918309244,20.1600259621982),.UNSPECIFIED.);
#359=B_SPLINE_CURVE_WITH_KNOTS('',3,(#2961,#2962,#2963,#2964,#2965,#2966,
#2967,#2968,#2969,#2970,#2971,#2972,#2973,#2974,#2975,#2976,#2977,#2978,
#2979,#2980,#2981,#2982),.UNSPECIFIED.,.F.,.F.,(4,3,3,3,3,3,3,4),(-16.4213910178811,
-15.8207346473952,-14.831938731933,-13.8431428164708,-12.8543469010086,
-11.8655509855464,-10.8767550700842,-10.1382057107016),.UNSPECIFIED.);
#360=B_SPLINE_CURVE_WITH_KNOTS('',3,(#2988,#2989,#2990,#2991,#2992,#2993,
#2994,#2995,#2996,#2997,#2998,#2999,#3000),.UNSPECIFIED.,.F.,.F.,(4,3,3,
3,4),(-3.85502040352197,-2.96638774638659,-1.97759183092439,-0.988795915462193,
0.),.UNSPECIFIED.);
#361=B_SPLINE_CURVE_WITH_KNOTS('',3,(#3003,#3004,#3005,#3006,#3007,#3008,
#3009,#3010,#3011,#3012,#3013,#3014,#3015,#3016,#3017,#3018,#3019,#3020,
#3021),.UNSPECIFIED.,.F.,.F.,(4,3,3,3,3,3,4),(2.02389779059134,2.96638774638659,
3.95518366184879,4.94397957731099,5.93277549277319,6.92157140823539,7.59365534783911),
 .UNSPECIFIED.);
#362=B_SPLINE_CURVE_WITH_KNOTS('',3,(#3027,#3028,#3029,#3030,#3031,#3032,
#3033,#3034,#3035,#3036),.UNSPECIFIED.,.F.,.F.,(4,3,3,4),(51.5759524980958,
52.4061835194966,53.3949794349588,54.383775350421),.UNSPECIFIED.);
#363=B_SPLINE_CURVE_WITH_KNOTS('',3,(#3039,#3040,#3041,#3042,#3043,#3044,
#3045,#3046,#3047,#3048,#3049,#3050,#3051,#3052,#3053,#3054),
 .UNSPECIFIED.,.F.,.F.,(4,3,3,3,3,4),(-52.3598775598295,-51.4173876040343,
-50.4285916885721,-49.4397957731099,-48.4509998576478,-47.8373175537789),
 .UNSPECIFIED.);
#364=B_SPLINE_CURVE_WITH_KNOTS('',3,(#3059,#3060,#3061,#3062,#3063,#3064,
#3065,#3066,#3067,#3068,#3069,#3070,#3071,#3072,#3073,#3074,#3075,#3076,
#3077,#3078,#3079,#3080,#3081,#3082,#3083),.UNSPECIFIED.,.F.,.F.,(4,3,3,
3,3,3,3,3,4),(45.2927671909164,45.4846121112612,46.4734080267234,47.4622039421856,
48.4509998576478,49.43979577311,50.4285916885722,51.4173876040344,51.5759524980958),
 .UNSPECIFIED.);
#365=B_SPLINE_CURVE_WITH_KNOTS('',3,(#3084,#3085,#3086,#3087,#3088,#3089,
#3090,#3091,#3092,#3093,#3094,#3095,#3096,#3097,#3098,#3099,#3100,#3101,
#3102,#3103,#3104,#3105),.UNSPECIFIED.,.F.,.F.,(4,3,3,3,3,3,3,4),(-47.8373175537789,
-47.4622039421855,-46.4734080267233,-45.4846121112611,-44.4958161957989,
-43.5070202803367,-42.5182243648745,-41.5541322465992),.UNSPECIFIED.);
#366=B_SPLINE_CURVE_WITH_KNOTS('',3,(#3110,#3111,#3112,#3113,#3114,#3115,
#3116,#3117,#3118,#3119,#3120,#3121,#3122,#3123,#3124,#3125,#3126,#3127,
#3128,#3129,#3130,#3131),.UNSPECIFIED.,.F.,.F.,(4,3,3,3,3,3,3,4),(39.0095818837367,
39.551836618488,40.5406325339502,41.5294284494124,42.5182243648746,43.5070202803368,
44.495816195799,45.2927671909164),.UNSPECIFIED.);
#367=B_SPLINE_CURVE_WITH_KNOTS('',3,(#3132,#3133,#3134,#3135,#3136,#3137,
#3138,#3139,#3140,#3141,#3142,#3143,#3144,#3145,#3146,#3147,#3148,#3149,
#3150,#3151,#3152,#3153,#3154,#3155,#3156),.UNSPECIFIED.,.F.,.F.,(4,3,3,
3,3,3,3,3,4),(-41.5541322465992,-41.5294284494123,-40.5406325339501,-39.5518366184879,
-38.5630407030257,-37.5742447875635,-36.5854488721013,-35.5966529566391,
-35.2709469394196),.UNSPECIFIED.);
#368=B_SPLINE_CURVE_WITH_KNOTS('',3,(#3161,#3162,#3163,#3164,#3165,#3166,
#3167,#3168,#3169,#3170,#3171,#3172,#3173,#3174,#3175,#3176,#3177,#3178,
#3179,#3180,#3181,#3182),.UNSPECIFIED.,.F.,.F.,(4,3,3,3,3,3,3,4),(32.7263965765571,
33.6190611257148,34.607857041177,35.5966529566392,36.5854488721014,37.5742447875636,
38.5630407030258,39.0095818837367),.UNSPECIFIED.);
#369=B_SPLINE_CURVE_WITH_KNOTS('',3,(#3183,#3184,#3185,#3186,#3187,#3188,
#3189,#3190,#3191,#3192,#3193,#3194,#3195,#3196,#3197,#3198,#3199,#3200,
#3201,#3202,#3203,#3204),.UNSPECIFIED.,.F.,.F.,(4,3,3,3,3,3,3,4),(-35.2709469394196,
-34.6078570411769,-33.6190611257147,-32.6302652102525,-31.6414692947904,
-30.6526733793282,-29.663877463866,-28.9877616322402),.UNSPECIFIED.);
#370=B_SPLINE_CURVE_WITH_KNOTS('',3,(#3209,#3210,#3211,#3212,#3213,#3214,
#3215,#3216,#3217,#3218,#3219,#3220,#3221,#3222,#3223,#3224,#3225,#3226,
#3227,#3228,#3229,#3230,#3231,#3232,#3233),.UNSPECIFIED.,.F.,.F.,(4,3,3,
3,3,3,3,3,4),(26.4432112693775,26.6974897174794,27.6862856329416,28.6750815484038,
29.663877463866,30.6526733793282,31.6414692947904,32.6302652102526,32.7263965765571),
 .UNSPECIFIED.);
#371=B_SPLINE_CURVE_WITH_KNOTS('',3,(#3234,#3235,#3236,#3237,#3238,#3239,
#3240,#3241,#3242,#3243,#3244,#3245,#3246,#3247,#3248,#3249,#3250,#3251,
#3252,#3253,#3254,#3255,#3256,#3257,#3258),.UNSPECIFIED.,.F.,.F.,(4,3,3,
3,3,3,3,3,4),(-28.9877616322402,-28.6750815484038,-27.6862856329416,-26.6974897174794,
-25.7086938020172,-24.719897886555,-23.7311019710928,-22.7423060556306,
-22.7045763250605),.UNSPECIFIED.);
#372=B_SPLINE_CURVE_WITH_KNOTS('',3,(#3263,#3264,#3265,#3266,#3267,#3268,
#3269,#3270,#3271,#3272,#3273,#3274,#3275,#3276,#3277,#3278,#3279,#3280,
#3281,#3282,#3283,#3284),.UNSPECIFIED.,.F.,.F.,(4,3,3,3,3,3,3,4),(20.160025962198,
20.7647142247062,21.7535101401684,22.7423060556306,23.7311019710928,24.719897886555,
25.7086938020172,26.4432112693775),.UNSPECIFIED.);
#373=B_SPLINE_CURVE_WITH_KNOTS('',3,(#3285,#3286,#3287,#3288,#3289,#3290,
#3291,#3292,#3293,#3294,#3295,#3296,#3297,#3298,#3299,#3300,#3301,#3302,
#3303,#3304,#3305,#3306),.UNSPECIFIED.,.F.,.F.,(4,3,3,3,3,3,3,4),(-22.7045763250605,
-21.7535101401684,-20.7647142247062,-19.775918309244,-18.7871223937818,
-17.7983264783196,-16.8095305628574,-16.4213910178809),.UNSPECIFIED.);
#374=B_SPLINE_CURVE_WITH_KNOTS('',3,(#3311,#3312,#3313,#3314,#3315,#3316,
#3317,#3318,#3319,#3320,#3321,#3322,#3323,#3324,#3325,#3326,#3327,#3328,
#3329,#3330,#3331,#3332),.UNSPECIFIED.,.F.,.F.,(4,3,3,3,3,3,3,4),(13.8768406550184,
14.831938731933,15.8207346473952,16.8095305628574,17.7983264783196,18.7871223937818,
19.775918309244,20.160025962198),.UNSPECIFIED.);
#375=B_SPLINE_CURVE_WITH_KNOTS('',3,(#3333,#3334,#3335,#3336,#3337,#3338,
#3339,#3340,#3341,#3342,#3343,#3344,#3345,#3346,#3347,#3348,#3349,#3350,
#3351,#3352,#3353,#3354),.UNSPECIFIED.,.F.,.F.,(4,3,3,3,3,3,3,4),(-16.4213910178809,
-15.8207346473952,-14.831938731933,-13.8431428164708,-12.8543469010086,
-11.8655509855464,-10.8767550700842,-10.1382057107014),.UNSPECIFIED.);
#376=B_SPLINE_CURVE_WITH_KNOTS('',3,(#3360,#3361,#3362,#3363,#3364,#3365,
#3366,#3367,#3368,#3369,#3370,#3371,#3372),.UNSPECIFIED.,.F.,.F.,(4,3,3,
3,4),(-3.85502040352178,-2.96638774638659,-1.97759183092439,-0.988795915462193,
0.),.UNSPECIFIED.);
#377=B_SPLINE_CURVE_WITH_KNOTS('',3,(#3375,#3376,#3377,#3378,#3379,#3380,
#3381,#3382,#3383,#3384,#3385,#3386,#3387,#3388,#3389,#3390,#3391,#3392,
#3393),.UNSPECIFIED.,.F.,.F.,(4,3,3,3,3,3,4),(2.02389779059134,2.96638774638659,
3.9551836618488,4.94397957731099,5.93277549277319,6.92157140823539,7.59365534783874),
 .UNSPECIFIED.);
#378=B_SPLINE_CURVE_WITH_KNOTS('',3,(#3399,#3400,#3401,#3402,#3403,#3404,
#3405,#3406,#3407,#3408),.UNSPECIFIED.,.F.,.F.,(4,3,3,4),(51.5759524980958,
52.4061835194965,53.3949794349587,54.3837753504209),.UNSPECIFIED.);
#379=B_SPLINE_CURVE_WITH_KNOTS('',3,(#3411,#3412,#3413,#3414,#3415,#3416,
#3417,#3418,#3419,#3420,#3421,#3422,#3423,#3424,#3425,#3426),
 .UNSPECIFIED.,.F.,.F.,(4,3,3,3,3,4),(-52.3598775598295,-51.4173876040343,
-50.4285916885721,-49.4397957731099,-48.4509998576477,-47.8373175537789),
 .UNSPECIFIED.);
#380=B_SPLINE_CURVE_WITH_KNOTS('',3,(#3431,#3432,#3433,#3434,#3435,#3436,
#3437,#3438,#3439,#3440,#3441,#3442,#3443,#3444,#3445,#3446,#3447,#3448,
#3449,#3450,#3451,#3452,#3453,#3454,#3455),.UNSPECIFIED.,.F.,.F.,(4,3,3,
3,3,3,3,3,4),(45.2927671909164,45.4846121112612,46.4734080267234,47.4622039421856,
48.4509998576478,49.4397957731099,50.4285916885721,51.4173876040344,51.5759524980958),
 .UNSPECIFIED.);
#381=B_SPLINE_CURVE_WITH_KNOTS('',3,(#3456,#3457,#3458,#3459,#3460,#3461,
#3462,#3463,#3464,#3465,#3466,#3467,#3468,#3469,#3470,#3471,#3472,#3473,
#3474,#3475,#3476,#3477),.UNSPECIFIED.,.F.,.F.,(4,3,3,3,3,3,3,4),(-47.8373175537789,
-47.4622039421855,-46.4734080267233,-45.4846121112611,-44.4958161957989,
-43.5070202803367,-42.5182243648745,-41.5541322465992),.UNSPECIFIED.);
#382=B_SPLINE_CURVE_WITH_KNOTS('',3,(#3482,#3483,#3484,#3485,#3486,#3487,
#3488,#3489,#3490,#3491,#3492,#3493,#3494,#3495,#3496,#3497,#3498,#3499,
#3500,#3501,#3502,#3503),.UNSPECIFIED.,.F.,.F.,(4,3,3,3,3,3,3,4),(39.0095818837367,
39.551836618488,40.5406325339502,41.5294284494124,42.5182243648746,43.5070202803368,
44.495816195799,45.2927671909164),.UNSPECIFIED.);
#383=B_SPLINE_CURVE_WITH_KNOTS('',3,(#3504,#3505,#3506,#3507,#3508,#3509,
#3510,#3511,#3512,#3513,#3514,#3515,#3516,#3517,#3518,#3519,#3520,#3521,
#3522,#3523,#3524,#3525,#3526,#3527,#3528),.UNSPECIFIED.,.F.,.F.,(4,3,3,
3,3,3,3,3,4),(-41.5541322465992,-41.5294284494123,-40.5406325339501,-39.5518366184879,
-38.5630407030257,-37.5742447875635,-36.5854488721013,-35.5966529566391,
-35.2709469394196),.UNSPECIFIED.);
#384=B_SPLINE_CURVE_WITH_KNOTS('',3,(#3533,#3534,#3535,#3536,#3537,#3538,
#3539,#3540,#3541,#3542,#3543,#3544,#3545,#3546,#3547,#3548,#3549,#3550,
#3551,#3552,#3553,#3554),.UNSPECIFIED.,.F.,.F.,(4,3,3,3,3,3,3,4),(32.7263965765571,
33.6190611257148,34.607857041177,35.5966529566392,36.5854488721014,37.5742447875636,
38.5630407030258,39.0095818837367),.UNSPECIFIED.);
#385=B_SPLINE_CURVE_WITH_KNOTS('',3,(#3555,#3556,#3557,#3558,#3559,#3560,
#3561,#3562,#3563,#3564,#3565,#3566,#3567,#3568,#3569,#3570,#3571,#3572,
#3573,#3574,#3575,#3576),.UNSPECIFIED.,.F.,.F.,(4,3,3,3,3,3,3,4),(-35.2709469394196,
-34.6078570411769,-33.6190611257148,-32.6302652102525,-31.6414692947904,
-30.6526733793282,-29.663877463866,-28.9877616322402),.UNSPECIFIED.);
#386=B_SPLINE_CURVE_WITH_KNOTS('',3,(#3581,#3582,#3583,#3584,#3585,#3586,
#3587,#3588,#3589,#3590,#3591,#3592,#3593,#3594,#3595,#3596,#3597,#3598,
#3599,#3600,#3601,#3602,#3603,#3604,#3605),.UNSPECIFIED.,.F.,.F.,(4,3,3,
3,3,3,3,3,4),(26.4432112693775,26.6974897174794,27.6862856329416,28.6750815484038,
29.663877463866,30.6526733793282,31.6414692947904,32.6302652102526,32.7263965765571),
 .UNSPECIFIED.);
#387=B_SPLINE_CURVE_WITH_KNOTS('',3,(#3606,#3607,#3608,#3609,#3610,#3611,
#3612,#3613,#3614,#3615,#3616,#3617,#3618,#3619,#3620,#3621,#3622,#3623,
#3624,#3625,#3626,#3627,#3628,#3629,#3630),.UNSPECIFIED.,.F.,.F.,(4,3,3,
3,3,3,3,3,4),(-28.9877616322402,-28.6750815484038,-27.6862856329416,-26.6974897174794,
-25.7086938020172,-24.719897886555,-23.7311019710928,-22.7423060556306,
-22.7045763250605),.UNSPECIFIED.);
#388=B_SPLINE_CURVE_WITH_KNOTS('',3,(#3635,#3636,#3637,#3638,#3639,#3640,
#3641,#3642,#3643,#3644,#3645,#3646,#3647,#3648,#3649,#3650,#3651,#3652,
#3653,#3654,#3655,#3656),.UNSPECIFIED.,.F.,.F.,(4,3,3,3,3,3,3,4),(20.160025962198,
20.7647142247062,21.7535101401684,22.7423060556306,23.7311019710928,24.719897886555,
25.7086938020172,26.4432112693775),.UNSPECIFIED.);
#389=B_SPLINE_CURVE_WITH_KNOTS('',3,(#3657,#3658,#3659,#3660,#3661,#3662,
#3663,#3664,#3665,#3666,#3667,#3668,#3669,#3670,#3671,#3672,#3673,#3674,
#3675,#3676,#3677,#3678),.UNSPECIFIED.,.F.,.F.,(4,3,3,3,3,3,3,4),(-22.7045763250605,
-21.7535101401684,-20.7647142247062,-19.775918309244,-18.7871223937818,
-17.7983264783196,-16.8095305628574,-16.4213910178809),.UNSPECIFIED.);
#390=B_SPLINE_CURVE_WITH_KNOTS('',3,(#3683,#3684,#3685,#3686,#3687,#3688,
#3689,#3690,#3691,#3692,#3693,#3694,#3695,#3696,#3697,#3698,#3699,#3700,
#3701,#3702,#3703,#3704),.UNSPECIFIED.,.F.,.F.,(4,3,3,3,3,3,3,4),(13.8768406550184,
14.831938731933,15.8207346473952,16.8095305628574,17.7983264783196,18.7871223937818,
19.775918309244,20.160025962198),.UNSPECIFIED.);
#391=B_SPLINE_CURVE_WITH_KNOTS('',3,(#3705,#3706,#3707,#3708,#3709,#3710,
#3711,#3712,#3713,#3714,#3715,#3716,#3717,#3718,#3719,#3720,#3721,#3722,
#3723,#3724,#3725,#3726),.UNSPECIFIED.,.F.,.F.,(4,3,3,3,3,3,3,4),(-16.4213910178809,
-15.8207346473952,-14.831938731933,-13.8431428164708,-12.8543469010086,
-11.8655509855464,-10.8767550700842,-10.1382057107014),.UNSPECIFIED.);
#392=B_SPLINE_CURVE_WITH_KNOTS('',3,(#3732,#3733,#3734,#3735,#3736,#3737,
#3738,#3739,#3740,#3741,#3742,#3743,#3744),.UNSPECIFIED.,.F.,.F.,(4,3,3,
3,4),(-3.85502040352178,-2.96638774638659,-1.97759183092439,-0.988795915462193,
0.),.UNSPECIFIED.);
#393=B_SPLINE_CURVE_WITH_KNOTS('',3,(#3747,#3748,#3749,#3750,#3751,#3752,
#3753,#3754,#3755,#3756,#3757,#3758,#3759,#3760,#3761,#3762,#3763,#3764,
#3765),.UNSPECIFIED.,.F.,.F.,(4,3,3,3,3,3,4),(2.02389779059134,2.96638774638658,
3.95518366184878,4.94397957731099,5.93277549277319,6.92157140823539,7.59365534783874),
 .UNSPECIFIED.);
#394=B_SPLINE_CURVE_WITH_KNOTS('',3,(#3771,#3772,#3773,#3774),
 .UNSPECIFIED.,.F.,.F.,(4,4),(65.9734457253857,66.2367182148481),
 .UNSPECIFIED.);
#395=B_SPLINE_CURVE_WITH_KNOTS('',3,(#3777,#3778,#3779,#3780),
 .UNSPECIFIED.,.F.,.F.,(4,4),(65.9734457253856,66.7573707871192),
 .UNSPECIFIED.);
#396=B_SPLINE_CURVE_WITH_KNOTS('',3,(#3785,#3786,#3787,#3788,#3789,#3790,
#3791,#3792,#3793,#3794),.UNSPECIFIED.,.F.,.F.,(4,1,1,1,1,1,1,4),(59.6902604182061,
60.3039427220749,61.2927386375371,62.2815345529993,63.2703304684615,64.2591263839237,
65.2479222993859,65.9734457253857),.UNSPECIFIED.);
#397=B_SPLINE_CURVE_WITH_KNOTS('',3,(#3795,#3796,#3797,#3798,#3799,#3800,
#3801,#3802,#3803,#3804,#3805),.UNSPECIFIED.,.F.,.F.,(4,1,1,1,1,1,1,1,4),
(59.6902604182061,59.8821053385509,60.8709012540131,61.8596971694753,62.8484930849375,
63.8372890003997,64.8260849158619,65.8148808313241,65.9734457253856),
 .UNSPECIFIED.);
#398=B_SPLINE_CURVE_WITH_KNOTS('',3,(#3810,#3811,#3812,#3813,#3814,#3815,
#3816,#3817,#3818,#3819),.UNSPECIFIED.,.F.,.F.,(4,1,1,1,1,1,1,4),(53.4070751110265,
54.3711672293017,55.3599631447639,56.3487590602261,57.3375549756883,58.3263508911505,
59.3151468066127,59.6902604182061),.UNSPECIFIED.);
#399=B_SPLINE_CURVE_WITH_KNOTS('',3,(#3820,#3821,#3822,#3823,#3824,#3825,
#3826,#3827,#3828,#3829),.UNSPECIFIED.,.F.,.F.,(4,1,1,1,1,1,1,4),(53.4070751110265,
53.9493298457777,54.9381257612399,55.9269216767021,56.9157175921643,57.9045135076265,
58.8933094230887,59.6902604182061),.UNSPECIFIED.);
#400=B_SPLINE_CURVE_WITH_KNOTS('',3,(#3834,#3835,#3836,#3837,#3838,#3839,
#3840,#3841,#3842,#3843,#3844),.UNSPECIFIED.,.F.,.F.,(4,1,1,1,1,1,1,1,4),
(47.1238898038468,47.4495958210663,48.4383917365285,49.4271876519907,50.4159835674529,
51.4047794829151,52.3935753983773,53.3823713138395,53.4070751110265),
 .UNSPECIFIED.);
#401=B_SPLINE_CURVE_WITH_KNOTS('',3,(#3845,#3846,#3847,#3848,#3849,#3850,
#3851,#3852,#3853,#3854),.UNSPECIFIED.,.F.,.F.,(4,1,1,1,1,1,1,4),(47.1238898038468,
48.0165543530045,49.0053502684667,49.9941461839289,50.9829420993911,51.9717380148533,
52.9605339303155,53.4070751110265),.UNSPECIFIED.);
#402=B_SPLINE_CURVE_WITH_KNOTS('',3,(#3859,#3860,#3861,#3862,#3863,#3864,
#3865,#3866,#3867,#3868),.UNSPECIFIED.,.F.,.F.,(4,1,1,1,1,1,1,4),(40.8407044966674,
41.5168203282932,42.5056162437554,43.4944121592176,44.4832080746798,45.4720039901419,
46.4607999056041,47.1238898038468),.UNSPECIFIED.);
#403=B_SPLINE_CURVE_WITH_KNOTS('',3,(#3869,#3870,#3871,#3872,#3873,#3874,
#3875,#3876,#3877,#3878,#3879),.UNSPECIFIED.,.F.,.F.,(4,1,1,1,1,1,1,1,4),
(40.8407044966672,41.0949829447691,42.0837788602313,43.0725747756935,44.0613706911557,
45.0501666066179,46.0389625220801,47.0277584375423,47.1238898038468),
 .UNSPECIFIED.);
#404=B_SPLINE_CURVE_WITH_KNOTS('',3,(#3884,#3885,#3886,#3887,#3888,#3889,
#3890,#3891,#3892,#3893,#3894),.UNSPECIFIED.,.F.,.F.,(4,1,1,1,1,1,1,1,4),
(34.5575191894877,34.5952489200578,35.58404483552,36.5728407509822,37.5616366664444,
38.5504325819066,39.5392284973688,40.528024412831,40.8407044966674),
 .UNSPECIFIED.);
#405=B_SPLINE_CURVE_WITH_KNOTS('',3,(#3895,#3896,#3897,#3898,#3899,#3900,
#3901,#3902,#3903,#3904),.UNSPECIFIED.,.F.,.F.,(4,1,1,1,1,1,1,4),(34.5575191894877,
35.1622074519959,36.1510033674581,37.1397992829203,38.1285951983825,39.1173911138447,
40.1061870293069,40.8407044966672),.UNSPECIFIED.);
#406=B_SPLINE_CURVE_WITH_KNOTS('',3,(#3909,#3910,#3911,#3912,#3913,#3914,
#3915,#3916,#3917,#3918),.UNSPECIFIED.,.F.,.F.,(4,1,1,1,1,1,1,4),(28.2743338823081,
28.6624734272846,29.6512693427468,30.640065258209,31.6288611736712,32.6176570891334,
33.6064530045956,34.5575191894877),.UNSPECIFIED.);
#407=B_SPLINE_CURVE_WITH_KNOTS('',3,(#3919,#3920,#3921,#3922,#3923,#3924,
#3925,#3926,#3927,#3928),.UNSPECIFIED.,.F.,.F.,(4,1,1,1,1,1,1,4),(28.2743338823081,
29.2294319592227,30.2182278746849,31.2070237901471,32.1958197056093,33.1846156210715,
34.1734115365337,34.5575191894877),.UNSPECIFIED.);
#408=B_SPLINE_CURVE_WITH_KNOTS('',3,(#3933,#3934,#3935,#3936,#3937,#3938,
#3939,#3940,#3941,#3942),.UNSPECIFIED.,.F.,.F.,(4,1,1,1,1,1,1,4),(21.9911485751285,
22.7296979345114,23.7184938499736,24.7072897654358,25.696085680898,26.6848815963602,
27.6736775118224,28.2743338823081),.UNSPECIFIED.);
#409=B_SPLINE_CURVE_WITH_KNOTS('',3,(#3943,#3944,#3945,#3946,#3947,#3948,
#3949,#3950,#3951,#3952,#3953),.UNSPECIFIED.,.F.,.F.,(4,1,1,1,1,1,1,1,4),
(21.9911485751285,22.3078605509873,23.2966564664495,24.2854523819117,25.2742482973739,
26.2630442128361,27.2518401282983,28.2406360437605,28.2743338823081),
 .UNSPECIFIED.);
#410=B_SPLINE_CURVE_WITH_KNOTS('',3,(#3959,#3960,#3961,#3962,#3963),
 .UNSPECIFIED.,.F.,.F.,(4,1,4),(14.3974932272897,15.3862891427519,15.707963267949),
 .UNSPECIFIED.);
#411=B_SPLINE_CURVE_WITH_KNOTS('',3,(#3966,#3967,#3968,#3969,#3970),
 .UNSPECIFIED.,.F.,.F.,(4,1,4),(13.8768406550186,14.8193306108138,15.707963267949),
 .UNSPECIFIED.);
#412=B_SPLINE_CURVE_WITH_KNOTS('',3,(#3976,#3977,#3978,#3979),
 .UNSPECIFIED.,.F.,.F.,(4,4),(65.9734457253857,66.2367182148479),
 .UNSPECIFIED.);
#413=B_SPLINE_CURVE_WITH_KNOTS('',3,(#3982,#3983,#3984,#3985),
 .UNSPECIFIED.,.F.,.F.,(4,4),(65.9734457253857,66.757370787119),
 .UNSPECIFIED.);
#414=B_SPLINE_CURVE_WITH_KNOTS('',3,(#3990,#3991,#3992,#3993,#3994,#3995,
#3996,#3997,#3998,#3999),.UNSPECIFIED.,.F.,.F.,(4,1,1,1,1,1,1,4),(59.6902604182061,
60.3039427220747,61.2927386375369,62.2815345529991,63.2703304684613,64.2591263839235,
65.2479222993857,65.9734457253857),.UNSPECIFIED.);
#415=B_SPLINE_CURVE_WITH_KNOTS('',3,(#4000,#4001,#4002,#4003,#4004,#4005,
#4006,#4007,#4008,#4009,#4010),.UNSPECIFIED.,.F.,.F.,(4,1,1,1,1,1,1,1,4),
(59.6902604182061,59.8821053385506,60.8709012540128,61.859697169475,62.8484930849372,
63.8372890003994,64.8260849158616,65.8148808313238,65.9734457253857),
 .UNSPECIFIED.);
#416=B_SPLINE_CURVE_WITH_KNOTS('',3,(#4015,#4016,#4017,#4018,#4019,#4020,
#4021,#4022,#4023,#4024),.UNSPECIFIED.,.F.,.F.,(4,1,1,1,1,1,1,4),(53.4070751110265,
54.3711672293015,55.3599631447637,56.3487590602259,57.3375549756881,58.3263508911503,
59.3151468066125,59.6902604182061),.UNSPECIFIED.);
#417=B_SPLINE_CURVE_WITH_KNOTS('',3,(#4025,#4026,#4027,#4028,#4029,#4030,
#4031,#4032,#4033,#4034),.UNSPECIFIED.,.F.,.F.,(4,1,1,1,1,1,1,4),(53.4070751110265,
53.9493298457774,54.9381257612396,55.9269216767018,56.915717592164,57.9045135076262,
58.8933094230884,59.6902604182061),.UNSPECIFIED.);
#418=B_SPLINE_CURVE_WITH_KNOTS('',3,(#4039,#4040,#4041,#4042,#4043,#4044,
#4045,#4046,#4047,#4048,#4049),.UNSPECIFIED.,.F.,.F.,(4,1,1,1,1,1,1,1,4),
(47.1238898038468,47.4495958210662,48.4383917365283,49.4271876519906,50.4159835674527,
51.4047794829149,52.3935753983771,53.3823713138393,53.4070751110265),
 .UNSPECIFIED.);
#419=B_SPLINE_CURVE_WITH_KNOTS('',3,(#4050,#4051,#4052,#4053,#4054,#4055,
#4056,#4057,#4058,#4059),.UNSPECIFIED.,.F.,.F.,(4,1,1,1,1,1,1,4),(47.1238898038468,
48.0165543530042,49.0053502684664,49.9941461839286,50.9829420993908,51.971738014853,
52.9605339303152,53.4070751110265),.UNSPECIFIED.);
#420=B_SPLINE_CURVE_WITH_KNOTS('',3,(#4064,#4065,#4066,#4067,#4068,#4069,
#4070,#4071,#4072,#4073),.UNSPECIFIED.,.F.,.F.,(4,1,1,1,1,1,1,4),(40.8407044966674,
41.516820328293,42.5056162437552,43.4944121592174,44.4832080746796,45.4720039901418,
46.4607999056039,47.1238898038468),.UNSPECIFIED.);
#421=B_SPLINE_CURVE_WITH_KNOTS('',3,(#4074,#4075,#4076,#4077,#4078,#4079,
#4080,#4081,#4082,#4083,#4084),.UNSPECIFIED.,.F.,.F.,(4,1,1,1,1,1,1,1,4),
(40.8407044966672,41.0949829447688,42.083778860231,43.0725747756932,44.0613706911554,
45.0501666066176,46.0389625220798,47.027758437542,47.1238898038468),
 .UNSPECIFIED.);
#422=B_SPLINE_CURVE_WITH_KNOTS('',3,(#4089,#4090,#4091,#4092,#4093,#4094,
#4095,#4096,#4097,#4098,#4099),.UNSPECIFIED.,.F.,.F.,(4,1,1,1,1,1,1,1,4),
(34.5575191894877,34.5952489200576,35.5840448355198,36.572840750982,37.5616366664442,
38.5504325819064,39.5392284973686,40.5280244128308,40.8407044966674),
 .UNSPECIFIED.);
#423=B_SPLINE_CURVE_WITH_KNOTS('',3,(#4100,#4101,#4102,#4103,#4104,#4105,
#4106,#4107,#4108,#4109),.UNSPECIFIED.,.F.,.F.,(4,1,1,1,1,1,1,4),(34.5575191894877,
35.1622074519956,36.1510033674578,37.13979928292,38.1285951983822,39.1173911138444,
40.1061870293066,40.8407044966672),.UNSPECIFIED.);
#424=B_SPLINE_CURVE_WITH_KNOTS('',3,(#4114,#4115,#4116,#4117,#4118,#4119,
#4120,#4121,#4122,#4123),.UNSPECIFIED.,.F.,.F.,(4,1,1,1,1,1,1,4),(28.2743338823081,
28.6624734272844,29.6512693427466,30.6400652582088,31.628861173671,32.6176570891332,
33.6064530045954,34.5575191894877),.UNSPECIFIED.);
#425=B_SPLINE_CURVE_WITH_KNOTS('',3,(#4124,#4125,#4126,#4127,#4128,#4129,
#4130,#4131,#4132,#4133),.UNSPECIFIED.,.F.,.F.,(4,1,1,1,1,1,1,4),(28.2743338823081,
29.2294319592224,30.2182278746846,31.2070237901468,32.195819705609,33.1846156210712,
34.1734115365334,34.5575191894877),.UNSPECIFIED.);
#426=B_SPLINE_CURVE_WITH_KNOTS('',3,(#4138,#4139,#4140,#4141,#4142,#4143,
#4144,#4145,#4146,#4147),.UNSPECIFIED.,.F.,.F.,(4,1,1,1,1,1,1,4),(21.9911485751285,
22.7296979345112,23.7184938499734,24.7072897654356,25.6960856808978,26.68488159636,
27.6736775118222,28.2743338823081),.UNSPECIFIED.);
#427=B_SPLINE_CURVE_WITH_KNOTS('',3,(#4148,#4149,#4150,#4151,#4152,#4153,
#4154,#4155,#4156,#4157,#4158),.UNSPECIFIED.,.F.,.F.,(4,1,1,1,1,1,1,1,4),
(21.9911485751285,22.307860550987,23.2966564664492,24.2854523819114,25.2742482973736,
26.2630442128358,27.251840128298,28.2406360437602,28.2743338823081),
 .UNSPECIFIED.);
#428=B_SPLINE_CURVE_WITH_KNOTS('',3,(#4164,#4165,#4166,#4167,#4168),
 .UNSPECIFIED.,.F.,.F.,(4,1,4),(14.3974932272894,15.3862891427516,15.707963267949),
 .UNSPECIFIED.);
#429=B_SPLINE_CURVE_WITH_KNOTS('',3,(#4171,#4172,#4173,#4174,#4175),
 .UNSPECIFIED.,.F.,.F.,(4,1,4),(13.8768406550184,14.8193306108136,15.707963267949),
 .UNSPECIFIED.);
#430=B_SPLINE_CURVE_WITH_KNOTS('',3,(#4181,#4182,#4183,#4184),
 .UNSPECIFIED.,.F.,.F.,(4,4),(65.9734457253857,66.2367182148481),
 .UNSPECIFIED.);
#431=B_SPLINE_CURVE_WITH_KNOTS('',3,(#4187,#4188,#4189,#4190),
 .UNSPECIFIED.,.F.,.F.,(4,4),(65.9734457253856,66.7573707871192),
 .UNSPECIFIED.);
#432=B_SPLINE_CURVE_WITH_KNOTS('',3,(#4195,#4196,#4197,#4198,#4199,#4200,
#4201,#4202,#4203,#4204),.UNSPECIFIED.,.F.,.F.,(4,1,1,1,1,1,1,4),(59.6902604182061,
60.3039427220749,61.2927386375371,62.2815345529993,63.2703304684615,64.2591263839237,
65.2479222993859,65.9734457253857),.UNSPECIFIED.);
#433=B_SPLINE_CURVE_WITH_KNOTS('',3,(#4205,#4206,#4207,#4208,#4209,#4210,
#4211,#4212,#4213,#4214,#4215),.UNSPECIFIED.,.F.,.F.,(4,1,1,1,1,1,1,1,4),
(59.6902604182061,59.8821053385509,60.8709012540131,61.8596971694753,62.8484930849375,
63.8372890003997,64.8260849158619,65.8148808313241,65.9734457253856),
 .UNSPECIFIED.);
#434=B_SPLINE_CURVE_WITH_KNOTS('',3,(#4220,#4221,#4222,#4223,#4224,#4225,
#4226,#4227,#4228,#4229),.UNSPECIFIED.,.F.,.F.,(4,1,1,1,1,1,1,4),(53.4070751110265,
54.3711672293017,55.3599631447639,56.3487590602261,57.3375549756883,58.3263508911505,
59.3151468066127,59.6902604182061),.UNSPECIFIED.);
#435=B_SPLINE_CURVE_WITH_KNOTS('',3,(#4230,#4231,#4232,#4233,#4234,#4235,
#4236,#4237,#4238,#4239),.UNSPECIFIED.,.F.,.F.,(4,1,1,1,1,1,1,4),(53.4070751110265,
53.9493298457777,54.9381257612399,55.9269216767021,56.9157175921643,57.9045135076265,
58.8933094230887,59.6902604182061),.UNSPECIFIED.);
#436=B_SPLINE_CURVE_WITH_KNOTS('',3,(#4244,#4245,#4246,#4247,#4248,#4249,
#4250,#4251,#4252,#4253,#4254),.UNSPECIFIED.,.F.,.F.,(4,1,1,1,1,1,1,1,4),
(47.1238898038468,47.4495958210663,48.4383917365285,49.4271876519907,50.4159835674529,
51.4047794829151,52.3935753983773,53.3823713138395,53.4070751110265),
 .UNSPECIFIED.);
#437=B_SPLINE_CURVE_WITH_KNOTS('',3,(#4255,#4256,#4257,#4258,#4259,#4260,
#4261,#4262,#4263,#4264),.UNSPECIFIED.,.F.,.F.,(4,1,1,1,1,1,1,4),(47.1238898038468,
48.0165543530045,49.0053502684667,49.9941461839289,50.9829420993911,51.9717380148533,
52.9605339303155,53.4070751110265),.UNSPECIFIED.);
#438=B_SPLINE_CURVE_WITH_KNOTS('',3,(#4269,#4270,#4271,#4272,#4273,#4274,
#4275,#4276,#4277,#4278),.UNSPECIFIED.,.F.,.F.,(4,1,1,1,1,1,1,4),(40.8407044966672,
41.5168203282931,42.5056162437553,43.4944121592175,44.4832080746797,45.4720039901419,
46.4607999056041,47.1238898038468),.UNSPECIFIED.);
#439=B_SPLINE_CURVE_WITH_KNOTS('',3,(#4279,#4280,#4281,#4282,#4283,#4284,
#4285,#4286,#4287,#4288,#4289),.UNSPECIFIED.,.F.,.F.,(4,1,1,1,1,1,1,1,4),
(40.8407044966672,41.0949829447691,42.0837788602313,43.0725747756935,44.0613706911557,
45.0501666066179,46.0389625220801,47.0277584375423,47.1238898038468),
 .UNSPECIFIED.);
#440=B_SPLINE_CURVE_WITH_KNOTS('',3,(#4294,#4295,#4296,#4297,#4298,#4299,
#4300,#4301,#4302,#4303,#4304),.UNSPECIFIED.,.F.,.F.,(4,1,1,1,1,1,1,1,4),
(34.5575191894877,34.5952489200577,35.5840448355199,36.5728407509822,37.5616366664444,
38.5504325819065,39.5392284973687,40.5280244128309,40.8407044966672),
 .UNSPECIFIED.);
#441=B_SPLINE_CURVE_WITH_KNOTS('',3,(#4305,#4306,#4307,#4308,#4309,#4310,
#4311,#4312,#4313,#4314),.UNSPECIFIED.,.F.,.F.,(4,1,1,1,1,1,1,4),(34.5575191894877,
35.1622074519959,36.1510033674581,37.1397992829203,38.1285951983825,39.1173911138447,
40.1061870293069,40.8407044966672),.UNSPECIFIED.);
#442=B_SPLINE_CURVE_WITH_KNOTS('',3,(#4319,#4320,#4321,#4322,#4323,#4324,
#4325,#4326,#4327,#4328),.UNSPECIFIED.,.F.,.F.,(4,1,1,1,1,1,1,4),(28.2743338823081,
28.6624734272846,29.6512693427468,30.640065258209,31.6288611736712,32.6176570891334,
33.6064530045956,34.5575191894877),.UNSPECIFIED.);
#443=B_SPLINE_CURVE_WITH_KNOTS('',3,(#4329,#4330,#4331,#4332,#4333,#4334,
#4335,#4336,#4337,#4338),.UNSPECIFIED.,.F.,.F.,(4,1,1,1,1,1,1,4),(28.2743338823081,
29.2294319592227,30.2182278746849,31.2070237901471,32.1958197056093,33.1846156210715,
34.1734115365337,34.5575191894877),.UNSPECIFIED.);
#444=B_SPLINE_CURVE_WITH_KNOTS('',3,(#4343,#4344,#4345,#4346,#4347,#4348,
#4349,#4350,#4351,#4352),.UNSPECIFIED.,.F.,.F.,(4,1,1,1,1,1,1,4),(21.9911485751284,
22.7296979345114,23.7184938499736,24.7072897654358,25.696085680898,26.6848815963602,
27.6736775118224,28.2743338823081),.UNSPECIFIED.);
#445=B_SPLINE_CURVE_WITH_KNOTS('',3,(#4353,#4354,#4355,#4356,#4357,#4358,
#4359,#4360,#4361,#4362,#4363),.UNSPECIFIED.,.F.,.F.,(4,1,1,1,1,1,1,1,4),
(21.9911485751285,22.3078605509873,23.2966564664495,24.2854523819117,25.2742482973739,
26.2630442128361,27.2518401282983,28.2406360437605,28.2743338823081),
 .UNSPECIFIED.);
#446=B_SPLINE_CURVE_WITH_KNOTS('',3,(#4369,#4370,#4371,#4372,#4373),
 .UNSPECIFIED.,.F.,.F.,(4,1,4),(14.3974932272897,15.3862891427519,15.707963267949),
 .UNSPECIFIED.);
#447=B_SPLINE_CURVE_WITH_KNOTS('',3,(#4376,#4377,#4378,#4379,#4380),
 .UNSPECIFIED.,.F.,.F.,(4,1,4),(13.8768406550186,14.8193306108138,15.707963267949),
 .UNSPECIFIED.);
#448=B_SPLINE_CURVE_WITH_KNOTS('',3,(#4382,#4383,#4384,#4385,#4386,#4387,
#4388,#4389,#4390,#4391,#4392),.UNSPECIFIED.,.F.,.F.,(4,1,1,1,1,1,1,1,4),
(15.707963267949,15.808126526276,16.7969224417382,17.7857183572004,18.7745142726626,
19.7633101881248,20.752106103587,21.7409020190492,21.9911485751284),
 .UNSPECIFIED.);
#449=B_SPLINE_CURVE_WITH_KNOTS('',3,(#4393,#4394,#4395,#4396,#4397,#4398,
#4399,#4400,#4401,#4402),.UNSPECIFIED.,.F.,.F.,(4,1,1,1,1,1,1,4),(15.707963267949,
16.3750850582141,17.3638809736763,18.3526768891385,19.3414728046007,20.3302687200629,
21.3190646355251,21.9911485751285),.UNSPECIFIED.);
#450=B_SPLINE_CURVE_WITH_KNOTS('',3,(#4635,#4636,#4637,#4638,#4639,#4640,
#4641,#4642,#4643,#4644,#4645,#4646,#4647,#4648,#4649,#4650,#4651,#4652,
#4653,#4654,#4655,#4656,#4657,#4658,#4659,#4660,#4661,#4662,#4663,#4664,
#4665,#4666,#4667,#4668,#4669,#4670,#4671,#4672,#4673,#4674,#4675,#4676,
#4677,#4678,#4679,#4680,#4681,#4682,#4683,#4684,#4685,#4686,#4687,#4688,
#4689,#4690,#4691,#4692,#4693,#4694,#4695,#4696,#4697,#4698,#4699,#4700,
#4701,#4702,#4703,#4704,#4705,#4706,#4707,#4708,#4709,#4710),
 .UNSPECIFIED.,.F.,.F.,(4,3,3,3,3,3,3,3,3,3,3,3,3,3,3,3,3,3,3,3,3,3,3,3,
3,4),(-0.332205532296014,-0.312019605130437,-0.293235352669983,-0.288648981278726,
-0.268500162298005,-0.255155840191605,-0.247355037914661,-0.243496965092453,
-0.223059120181042,-0.203879273586707,-0.18514400852906,-0.18177409263688,
-0.178405821579086,-0.161745585446807,-0.14238377144287,-0.125442184189425,
-0.11948778686437,-0.116303709402538,-0.0977386634116049,-0.0792806987727692,
-0.061173292433405,-0.0578277412754022,-0.0400412000664523,-0.0228436400200759,
-0.0068510734153123,0.),.UNSPECIFIED.);
#451=B_SPLINE_CURVE_WITH_KNOTS('',3,(#4711,#4712,#4713,#4714,#4715,#4716,
#4717,#4718,#4719,#4720,#4721,#4722,#4723,#4724,#4725,#4726,#4727,#4728,
#4729,#4730,#4731,#4732,#4733,#4734,#4735,#4736,#4737,#4738,#4739,#4740,
#4741,#4742,#4743,#4744,#4745,#4746,#4747,#4748,#4749,#4750,#4751,#4752,
#4753,#4754,#4755,#4756,#4757,#4758,#4759,#4760,#4761,#4762,#4763,#4764,
#4765,#4766,#4767,#4768,#4769,#4770,#4771,#4772,#4773,#4774,#4775,#4776,
#4777,#4778,#4779,#4780,#4781,#4782,#4783,#4784,#4785,#4786,#4787,#4788,
#4789,#4790,#4791,#4792),.UNSPECIFIED.,.F.,.F.,(4,3,3,3,3,3,3,3,3,3,3,3,
3,3,3,3,3,3,3,3,3,3,3,3,3,3,3,4),(0.,0.0168881914699332,0.0345205452157455,
0.0494719176924876,0.0575197519246968,0.0604560901528031,0.0786627258955905,
0.0972057927102278,0.111437225790091,0.116042295260839,0.120856320309523,
0.139964073609653,0.154131525029682,0.172735809274614,0.181545659358481,
0.184718862622388,0.203806375235454,0.223327843833721,0.235896962927774,
0.245856464623326,0.249462380613118,0.269629538299921,0.283192352871477,
0.288349246606192,0.292346631280675,0.312757637895983,0.323880796586144,
0.332205532295992),.UNSPECIFIED.);
#452=B_SPLINE_CURVE_WITH_KNOTS('',3,(#4793,#4794,#4795,#4796,#4797,#4798,
#4799,#4800,#4801,#4802,#4803,#4804,#4805,#4806,#4807,#4808,#4809,#4810,
#4811,#4812,#4813,#4814,#4815,#4816,#4817),.UNSPECIFIED.,.F.,.F.,(4,3,3,
3,3,3,3,3,4),(-10.1382057107014,-9.88795915462199,-8.89916323915979,-7.91036732369759,
-6.92157140823539,-5.93277549277319,-4.943979577311,-3.95518366184879,-3.85502040352178),
 .UNSPECIFIED.);
#453=B_SPLINE_CURVE_WITH_KNOTS('',3,(#5050,#5051,#5052,#5053,#5054,#5055,
#5056,#5057,#5058,#5059,#5060,#5061,#5062,#5063,#5064,#5065,#5066,#5067,
#5068,#5069,#5070,#5071,#5072,#5073,#5074,#5075,#5076,#5077,#5078,#5079,
#5080,#5081,#5082,#5083,#5084,#5085,#5086,#5087,#5088,#5089,#5090,#5091,
#5092,#5093,#5094,#5095,#5096,#5097,#5098,#5099,#5100,#5101,#5102,#5103,
#5104,#5105,#5106,#5107,#5108,#5109,#5110,#5111,#5112,#5113,#5114,#5115,
#5116,#5117,#5118,#5119,#5120,#5121,#5122,#5123,#5124,#5125,#5126,#5127,
#5128),.UNSPECIFIED.,.F.,.F.,(4,3,3,3,3,3,3,3,3,3,3,3,3,3,3,3,3,3,3,3,3,
3,3,3,3,3,4),(-0.333657454837136,-0.316566345178247,-0.306630490274668,
-0.298755103731545,-0.294784797519029,-0.276734787746793,-0.264521817729239,
-0.260926075877591,-0.257118859286219,-0.238584949950217,-0.219802981829093,
-0.201257654773382,-0.196825864006606,-0.179031027606361,-0.160486593602721,
-0.141470881835069,-0.136149045273918,-0.132889842578819,-0.1134911401397,
-0.0936805594854273,-0.0737765861491014,-0.0697502813703496,-0.0664558544012726,
-0.0460274480505185,-0.025756954409433,-0.00836089946150244,0.),
 .UNSPECIFIED.);
#454=B_SPLINE_CURVE_WITH_KNOTS('',3,(#5129,#5130,#5131,#5132,#5133,#5134,
#5135,#5136,#5137,#5138,#5139,#5140,#5141,#5142,#5143,#5144,#5145,#5146,
#5147,#5148,#5149,#5150,#5151,#5152,#5153),.UNSPECIFIED.,.F.,.F.,(4,3,3,
3,3,3,3,3,4),(7.59365534783874,7.91036732369759,8.89916323915979,9.88795915462199,
10.8767550700842,11.8655509855464,12.8543469010086,13.8431428164708,13.8768406550184),
 .UNSPECIFIED.);
#455=B_SPLINE_CURVE_WITH_KNOTS('',3,(#5154,#5155,#5156,#5157,#5158,#5159,
#5160,#5161,#5162,#5163,#5164,#5165,#5166,#5167,#5168,#5169,#5170,#5171,
#5172,#5173,#5174,#5175,#5176,#5177,#5178,#5179,#5180,#5181,#5182,#5183,
#5184,#5185,#5186,#5187,#5188,#5189,#5190,#5191,#5192,#5193,#5194,#5195,
#5196,#5197,#5198,#5199,#5200,#5201,#5202,#5203,#5204,#5205,#5206,#5207,
#5208,#5209,#5210,#5211,#5212,#5213,#5214,#5215,#5216,#5217,#5218,#5219,
#5220,#5221,#5222,#5223,#5224,#5225,#5226,#5227,#5228,#5229,#5230,#5231,
#5232,#5233,#5234,#5235,#5236,#5237,#5238),.UNSPECIFIED.,.F.,.F.,(4,3,3,
3,3,3,3,3,3,3,3,3,3,3,3,3,3,3,3,3,3,3,3,3,3,3,3,3,4),(0.,0.0198888421301737,
0.0403406117715962,0.0567209848210669,0.0639579059456133,0.0680938242470657,
0.0710867162350548,0.0909786279735945,0.111079870022036,0.126155801558368,
0.133206570176328,0.137465559013408,0.156332847613451,0.171383596167362,
0.190808548856934,0.196355480863659,0.19959135877298,0.218330072126474,
0.237093245983982,0.255497531219506,0.259696772384215,0.263214685297587,
0.281194314753164,0.292591540485858,0.296953939749366,0.300873573588526,
0.318144751696731,0.326783217683939,0.333657454836934),.UNSPECIFIED.);
#456=B_SPLINE_CURVE_WITH_KNOTS('',3,(#5240,#5241,#5242,#5243,#5244,#5245,
#5246,#5247,#5248,#5249,#5250),.UNSPECIFIED.,.F.,.F.,(4,1,1,1,1,1,1,1,4),
(15.707963267949,15.8081265262758,16.796922441738,17.7857183572002,18.7745142726624,
19.7633101881246,20.7521061035868,21.740902019049,21.9911485751285),
 .UNSPECIFIED.);
#457=B_SPLINE_CURVE_WITH_KNOTS('',3,(#5251,#5252,#5253,#5254,#5255,#5256,
#5257,#5258,#5259,#5260),.UNSPECIFIED.,.F.,.F.,(4,1,1,1,1,1,1,4),(15.707963267949,
16.3750850582138,17.363880973676,18.3526768891382,19.3414728046004,20.3302687200626,
21.3190646355248,21.9911485751285),.UNSPECIFIED.);
#458=B_SPLINE_CURVE_WITH_KNOTS('',3,(#5493,#5494,#5495,#5496,#5497,#5498,
#5499,#5500,#5501,#5502,#5503,#5504,#5505,#5506,#5507,#5508,#5509,#5510,
#5511,#5512,#5513,#5514,#5515,#5516,#5517,#5518,#5519,#5520,#5521,#5522,
#5523,#5524,#5525,#5526,#5527,#5528,#5529,#5530,#5531,#5532,#5533,#5534,
#5535,#5536,#5537,#5538,#5539,#5540,#5541,#5542,#5543,#5544,#5545,#5546,
#5547,#5548,#5549,#5550,#5551,#5552,#5553,#5554,#5555,#5556,#5557,#5558,
#5559,#5560,#5561,#5562,#5563,#5564,#5565,#5566,#5567,#5568),
 .UNSPECIFIED.,.F.,.F.,(4,3,3,3,3,3,3,3,3,3,3,3,3,3,3,3,3,3,3,3,3,3,3,3,
3,4),(-0.332205532296075,-0.312018890038772,-0.293234726964777,-0.288648482182599,
-0.268499621357878,-0.255155366868995,-0.247354334419786,-0.243496823692451,
-0.223059014131041,-0.203879417370783,-0.185144297886953,-0.181774605826553,
-0.178405854926753,-0.161745585446812,-0.142383771442874,-0.125442184189428,
-0.119487799882662,-0.116303758695579,-0.0977386425637261,-0.0792806914489484,
-0.0611732869405389,-0.0578277741553767,-0.0400413053049771,-0.022844125628402,
-0.00685107341531047,0.),.UNSPECIFIED.);
#459=B_SPLINE_CURVE_WITH_KNOTS('',3,(#5569,#5570,#5571,#5572,#5573,#5574,
#5575,#5576,#5577,#5578,#5579,#5580,#5581,#5582,#5583,#5584,#5585,#5586,
#5587,#5588,#5589,#5590,#5591,#5592,#5593,#5594,#5595,#5596,#5597,#5598,
#5599,#5600,#5601,#5602,#5603,#5604,#5605,#5606,#5607,#5608,#5609,#5610,
#5611,#5612,#5613,#5614,#5615,#5616,#5617,#5618,#5619,#5620,#5621,#5622,
#5623,#5624,#5625,#5626,#5627,#5628,#5629,#5630,#5631,#5632,#5633,#5634,
#5635,#5636,#5637,#5638,#5639,#5640,#5641,#5642,#5643,#5644,#5645,#5646,
#5647,#5648,#5649,#5650),.UNSPECIFIED.,.F.,.F.,(4,3,3,3,3,3,3,3,3,3,3,3,
3,3,3,3,3,3,3,3,3,3,3,3,3,3,3,4),(0.,0.0168893157758451,0.0345225144936266,
0.0494736408106328,0.0575229322246798,0.0604614566453589,0.0786690306498116,
0.0972125700688568,0.111442308809062,0.116051406282116,0.120853886041191,
0.139961620570781,0.154131525029676,0.172735320088779,0.181546021777618,
0.184718937014852,0.203805920837356,0.223327124688797,0.235896333675964,
0.245854320849861,0.249461012785886,0.269628130955654,0.283191297363274,
0.288342216563624,0.292334992578388,0.312746121603676,0.323880796586134,
0.332205532295985),.UNSPECIFIED.);
#460=B_SPLINE_CURVE_WITH_KNOTS('',3,(#5651,#5652,#5653,#5654,#5655,#5656,
#5657,#5658,#5659,#5660,#5661,#5662,#5663,#5664,#5665,#5666,#5667,#5668,
#5669,#5670,#5671,#5672,#5673,#5674,#5675),.UNSPECIFIED.,.F.,.F.,(4,3,3,
3,3,3,3,3,4),(-10.1382057107016,-9.88795915462198,-8.89916323915979,-7.91036732369759,
-6.92157140823539,-5.93277549277319,-4.94397957731099,-3.95518366184879,
-3.85502040352197),.UNSPECIFIED.);
#461=B_SPLINE_CURVE_WITH_KNOTS('',3,(#5908,#5909,#5910,#5911,#5912,#5913,
#5914,#5915,#5916,#5917,#5918,#5919,#5920,#5921,#5922,#5923,#5924,#5925,
#5926,#5927,#5928,#5929,#5930,#5931,#5932,#5933,#5934,#5935,#5936,#5937,
#5938,#5939,#5940,#5941,#5942,#5943,#5944,#5945,#5946,#5947,#5948,#5949,
#5950,#5951,#5952,#5953,#5954,#5955,#5956,#5957,#5958,#5959,#5960,#5961,
#5962,#5963,#5964,#5965,#5966,#5967,#5968,#5969,#5970,#5971,#5972,#5973,
#5974,#5975,#5976,#5977,#5978,#5979,#5980,#5981,#5982,#5983,#5984,#5985,
#5986),.UNSPECIFIED.,.F.,.F.,(4,3,3,3,3,3,3,3,3,3,3,3,3,3,3,3,3,3,3,3,3,
3,3,3,3,3,4),(-0.333657454837085,-0.316565261297341,-0.306628180317441,
-0.298747210119739,-0.294779078071233,-0.276728174931026,-0.264516031515434,
-0.260911910900589,-0.257117513760831,-0.238582873593071,-0.219800956849657,
-0.201256050944513,-0.196825886950138,-0.179031027606288,-0.160487228817719,
-0.141471437648187,-0.136149905837641,-0.132890436705288,-0.11349223510647,
-0.0936818730781905,-0.0737778895038826,-0.0697544911862287,-0.0664591566656191,
-0.0460308774954562,-0.0257603270208157,-0.00836089946146323,0.),
 .UNSPECIFIED.);
#462=B_SPLINE_CURVE_WITH_KNOTS('',3,(#5987,#5988,#5989,#5990,#5991,#5992,
#5993,#5994,#5995,#5996,#5997,#5998,#5999,#6000,#6001,#6002,#6003,#6004,
#6005,#6006,#6007,#6008,#6009,#6010,#6011),.UNSPECIFIED.,.F.,.F.,(4,3,3,
3,3,3,3,3,4),(7.59365534783911,7.91036732369759,8.89916323915979,9.88795915462198,
10.8767550700842,11.8655509855464,12.8543469010086,13.8431428164708,13.8768406550186),
 .UNSPECIFIED.);
#463=B_SPLINE_CURVE_WITH_KNOTS('',3,(#6012,#6013,#6014,#6015,#6016,#6017,
#6018,#6019,#6020,#6021,#6022,#6023,#6024,#6025,#6026,#6027,#6028,#6029,
#6030,#6031,#6032,#6033,#6034,#6035,#6036,#6037,#6038,#6039,#6040,#6041,
#6042,#6043,#6044,#6045,#6046,#6047,#6048,#6049,#6050,#6051,#6052,#6053,
#6054,#6055,#6056,#6057,#6058,#6059,#6060,#6061,#6062,#6063,#6064,#6065,
#6066,#6067,#6068,#6069,#6070,#6071,#6072,#6073,#6074,#6075,#6076,#6077,
#6078,#6079,#6080,#6081,#6082,#6083,#6084,#6085,#6086,#6087,#6088,#6089,
#6090,#6091,#6092,#6093,#6094,#6095,#6096),.UNSPECIFIED.,.F.,.F.,(4,3,3,
3,3,3,3,3,3,3,3,3,3,3,3,3,3,3,3,3,3,3,3,3,3,3,3,3,4),(0.,0.0198897893734802,
0.040341682729596,0.0567219219093195,0.0639591935138313,0.0680975169583848,
0.0710917906431465,0.0909837381039901,0.111083702619839,0.126158676006725,
0.133209157534957,0.137465790429627,0.156332831997842,0.171383596167384,
0.190808548856957,0.196355502083567,0.199591350658203,0.21833010678757,
0.23709332200919,0.255497455911323,0.259695801184505,0.263213476942157,
0.28119295981566,0.292590524282738,0.296947910401268,0.300739369559406,
0.318012283885882,0.326783217683971,0.333657454836975),.UNSPECIFIED.);
#464=B_SPLINE_CURVE_WITH_KNOTS('',3,(#6098,#6099,#6100,#6101,#6102,#6103,
#6104,#6105,#6106,#6107,#6108),.UNSPECIFIED.,.F.,.F.,(4,1,1,1,1,1,1,1,4),
(15.707963267949,15.808126526276,16.7969224417382,17.7857183572004,18.7745142726626,
19.7633101881248,20.752106103587,21.7409020190492,21.9911485751285),
 .UNSPECIFIED.);
#465=B_SPLINE_CURVE_WITH_KNOTS('',3,(#6109,#6110,#6111,#6112,#6113,#6114,
#6115,#6116,#6117,#6118),.UNSPECIFIED.,.F.,.F.,(4,1,1,1,1,1,1,4),(15.707963267949,
16.3750850582141,17.3638809736763,18.3526768891385,19.3414728046007,20.3302687200629,
21.3190646355251,21.9911485751285),.UNSPECIFIED.);
#466=B_SPLINE_CURVE_WITH_KNOTS('',3,(#6351,#6352,#6353,#6354,#6355,#6356,
#6357,#6358,#6359,#6360,#6361,#6362,#6363,#6364,#6365,#6366,#6367,#6368,
#6369,#6370,#6371,#6372,#6373,#6374,#6375,#6376,#6377,#6378,#6379,#6380,
#6381,#6382,#6383,#6384,#6385,#6386,#6387,#6388,#6389,#6390,#6391,#6392,
#6393,#6394,#6395,#6396,#6397,#6398,#6399,#6400,#6401,#6402,#6403,#6404,
#6405,#6406,#6407,#6408,#6409,#6410,#6411,#6412,#6413,#6414,#6415,#6416,
#6417,#6418,#6419,#6420,#6421,#6422,#6423,#6424,#6425,#6426),
 .UNSPECIFIED.,.F.,.F.,(4,3,3,3,3,3,3,3,3,3,3,3,3,3,3,3,3,3,3,3,3,3,3,3,
3,4),(-0.332205532296101,-0.312018935145015,-0.293234766432741,-0.288648513758714,
-0.26849965537041,-0.255155396629961,-0.247354378618588,-0.243496832567884,
-0.223059020787619,-0.203879407987814,-0.185144279085539,-0.181774572030095,
-0.178405852524475,-0.161745585446825,-0.142383771442886,-0.12544218418944,
-0.119487798561058,-0.11630375504937,-0.0977386432216739,-0.0792806909096673,
-0.0611732865360792,-0.057827771711751,-0.040041297857678,-0.0228440933396459,
-0.00685107341531468,0.),.UNSPECIFIED.);
#467=B_SPLINE_CURVE_WITH_KNOTS('',3,(#6427,#6428,#6429,#6430,#6431,#6432,
#6433,#6434,#6435,#6436,#6437,#6438,#6439,#6440,#6441,#6442,#6443,#6444,
#6445,#6446,#6447,#6448,#6449,#6450,#6451,#6452,#6453,#6454,#6455,#6456,
#6457,#6458,#6459,#6460,#6461,#6462,#6463,#6464,#6465,#6466,#6467,#6468,
#6469,#6470,#6471,#6472,#6473,#6474,#6475,#6476,#6477,#6478,#6479,#6480,
#6481,#6482,#6483,#6484,#6485,#6486,#6487,#6488,#6489,#6490,#6491,#6492,
#6493,#6494,#6495,#6496,#6497,#6498,#6499,#6500,#6501,#6502,#6503,#6504,
#6505,#6506,#6507,#6508),.UNSPECIFIED.,.F.,.F.,(4,3,3,3,3,3,3,3,3,3,3,3,
3,3,3,3,3,3,3,3,3,3,3,3,3,3,3,4),(0.,0.016889244727072,0.0345223901679676,
0.049473532025681,0.0575227314455206,0.0604611163636647,0.0786686311890443,
0.0972121410198801,0.111441987022329,0.116050829187774,0.120854036470314,
0.139961772559928,0.154131525029674,0.172735351429539,0.181545998911282,
0.184718932446888,0.203805950159619,0.223327170944638,0.235896374149827,
0.24585445880557,0.249461100576289,0.269628221285785,0.283191365110875,
0.288342667191177,0.292335733490958,0.312746854830184,0.323880796586145,
0.332205532295998),.UNSPECIFIED.);
#468=B_SPLINE_CURVE_WITH_KNOTS('',3,(#6509,#6510,#6511,#6512,#6513,#6514,
#6515,#6516,#6517,#6518,#6519,#6520,#6521,#6522,#6523,#6524,#6525,#6526,
#6527,#6528,#6529,#6530,#6531,#6532,#6533),.UNSPECIFIED.,.F.,.F.,(4,3,3,
3,3,3,3,3,4),(-10.1382057107014,-9.88795915462198,-8.89916323915978,-7.91036732369759,
-6.92157140823538,-5.93277549277319,-4.94397957731099,-3.95518366184879,
-3.85502040352178),.UNSPECIFIED.);
#469=B_SPLINE_CURVE_WITH_KNOTS('',3,(#6766,#6767,#6768,#6769,#6770,#6771,
#6772,#6773,#6774,#6775,#6776,#6777,#6778,#6779,#6780,#6781,#6782,#6783,
#6784,#6785,#6786,#6787,#6788,#6789,#6790,#6791,#6792,#6793,#6794,#6795,
#6796,#6797,#6798,#6799,#6800,#6801,#6802,#6803,#6804,#6805,#6806,#6807,
#6808,#6809,#6810,#6811,#6812,#6813,#6814,#6815,#6816,#6817,#6818,#6819,
#6820,#6821,#6822,#6823,#6824,#6825,#6826,#6827,#6828,#6829,#6830,#6831,
#6832,#6833,#6834,#6835,#6836,#6837,#6838,#6839,#6840,#6841,#6842,#6843,
#6844),.UNSPECIFIED.,.F.,.F.,(4,3,3,3,3,3,3,3,3,3,3,3,3,3,3,3,3,3,3,3,3,
3,3,3,3,3,4),(-0.333657454837032,-0.316565344678609,-0.306628357976144,
-0.298747817692195,-0.294779522456201,-0.276728687972093,-0.26451648042637,
-0.260913011618517,-0.257117621038729,-0.238583036982161,-0.219801115819651,
-0.201256176919495,-0.196825885055873,-0.17903102760631,-0.160487179224556,
-0.141471394254174,-0.136149838163061,-0.132890389912187,-0.113492149241094,
-0.0936817701904189,-0.0737777873729487,-0.0697541613924843,-0.0664588992765908,
-0.0460306102039718,-0.0257600639561225,-0.00836089946149895,0.),
 .UNSPECIFIED.);
#470=B_SPLINE_CURVE_WITH_KNOTS('',3,(#6845,#6846,#6847,#6848,#6849,#6850,
#6851,#6852,#6853,#6854,#6855,#6856,#6857,#6858,#6859,#6860,#6861,#6862,
#6863,#6864,#6865,#6866,#6867,#6868,#6869),.UNSPECIFIED.,.F.,.F.,(4,3,3,
3,3,3,3,3,4),(7.59365534783874,7.91036732369759,8.89916323915979,9.88795915462199,
10.8767550700842,11.8655509855464,12.8543469010086,13.8431428164708,13.8768406550184),
 .UNSPECIFIED.);
#471=B_SPLINE_CURVE_WITH_KNOTS('',3,(#6870,#6871,#6872,#6873,#6874,#6875,
#6876,#6877,#6878,#6879,#6880,#6881,#6882,#6883,#6884,#6885,#6886,#6887,
#6888,#6889,#6890,#6891,#6892,#6893,#6894,#6895,#6896,#6897,#6898,#6899,
#6900,#6901,#6902,#6903,#6904,#6905,#6906,#6907,#6908,#6909,#6910,#6911,
#6912,#6913,#6914,#6915,#6916,#6917,#6918,#6919,#6920,#6921,#6922,#6923,
#6924,#6925,#6926,#6927,#6928,#6929,#6930,#6931,#6932,#6933,#6934,#6935,
#6936,#6937,#6938,#6939,#6940,#6941,#6942,#6943,#6944,#6945,#6946,#6947,
#6948,#6949,#6950,#6951,#6952,#6953,#6954),.UNSPECIFIED.,.F.,.F.,(4,3,3,
3,3,3,3,3,3,3,3,3,3,3,3,3,3,3,3,3,3,3,3,3,3,3,3,3,4),(0.,0.0198897165156799,
0.0403416005897116,0.0567218500369222,0.063959094781569,0.0680972336009766,
0.0710913991646846,0.0909833441323151,0.111083407141085,0.126158454397663,
0.133208958179308,0.137465772518225,0.156332833394966,0.171383596167396,
0.190808548856975,0.196355500817868,0.199591352012559,0.218330104980724,
0.237093317315905,0.25549746346107,0.259695887179823,0.263213583078457,
0.28119307765327,0.292590612660961,0.29694842980005,0.300740421817476,0.318013347445093,
0.326783217684033,0.333657454837033),.UNSPECIFIED.);
#472=LINE('',#2653,#626);
#473=LINE('',#2686,#627);
#474=LINE('',#2737,#628);
#475=LINE('',#2788,#629);
#476=LINE('',#2836,#630);
#477=LINE('',#2890,#631);
#478=LINE('',#2938,#632);
#479=LINE('',#2986,#633);
#480=LINE('',#3025,#634);
#481=LINE('',#3058,#635);
#482=LINE('',#3109,#636);
#483=LINE('',#3160,#637);
#484=LINE('',#3208,#638);
#485=LINE('',#3262,#639);
#486=LINE('',#3310,#640);
#487=LINE('',#3358,#641);
#488=LINE('',#3397,#642);
#489=LINE('',#3430,#643);
#490=LINE('',#3481,#644);
#491=LINE('',#3532,#645);
#492=LINE('',#3580,#646);
#493=LINE('',#3634,#647);
#494=LINE('',#3682,#648);
#495=LINE('',#3730,#649);
#496=LINE('',#3769,#650);
#497=LINE('',#3784,#651);
#498=LINE('',#3809,#652);
#499=LINE('',#3833,#653);
#500=LINE('',#3858,#654);
#501=LINE('',#3883,#655);
#502=LINE('',#3908,#656);
#503=LINE('',#3932,#657);
#504=LINE('',#3957,#658);
#505=LINE('',#3974,#659);
#506=LINE('',#3989,#660);
#507=LINE('',#4014,#661);
#508=LINE('',#4038,#662);
#509=LINE('',#4063,#663);
#510=LINE('',#4088,#664);
#511=LINE('',#4113,#665);
#512=LINE('',#4137,#666);
#513=LINE('',#4162,#667);
#514=LINE('',#4179,#668);
#515=LINE('',#4194,#669);
#516=LINE('',#4219,#670);
#517=LINE('',#4243,#671);
#518=LINE('',#4268,#672);
#519=LINE('',#4293,#673);
#520=LINE('',#4318,#674);
#521=LINE('',#4342,#675);
#522=LINE('',#4367,#676);
#523=LINE('',#6959,#677);
#524=LINE('',#6973,#678);
#525=LINE('',#6975,#679);
#526=LINE('',#6976,#680);
#527=LINE('',#6979,#681);
#528=LINE('',#6981,#682);
#529=LINE('',#6982,#683);
#530=LINE('',#6987,#684);
#531=LINE('',#6988,#685);
#532=LINE('',#6992,#686);
#533=LINE('',#6994,#687);
#534=LINE('',#6996,#688);
#535=LINE('',#6997,#689);
#536=LINE('',#7001,#690);
#537=LINE('',#7003,#691);
#538=LINE('',#7005,#692);
#539=LINE('',#7006,#693);
#540=LINE('',#7009,#694);
#541=LINE('',#7010,#695);
#542=LINE('',#7011,#696);
#543=LINE('',#7014,#697);
#544=LINE('',#7016,#698);
#545=LINE('',#7018,#699);
#546=LINE('',#7020,#700);
#547=LINE('',#7022,#701);
#548=LINE('',#7024,#702);
#549=LINE('',#7025,#703);
#550=LINE('',#7028,#704);
#551=LINE('',#7030,#705);
#552=LINE('',#7031,#706);
#553=LINE('',#7034,#707);
#554=LINE('',#7035,#708);
#555=LINE('',#7036,#709);
#556=LINE('',#7038,#710);
#557=LINE('',#7041,#711);
#558=LINE('',#7043,#712);
#559=LINE('',#7045,#713);
#560=LINE('',#7046,#714);
#561=LINE('',#7048,#715);
#562=LINE('',#7050,#716);
#563=LINE('',#7051,#717);
#564=LINE('',#7056,#718);
#565=LINE('',#7063,#719);
#566=LINE('',#7070,#720);
#567=LINE('',#7077,#721);
#568=LINE('',#7083,#722);
#569=LINE('',#7085,#723);
#570=LINE('',#7087,#724);
#571=LINE('',#7088,#725);
#572=LINE('',#7092,#726);
#573=LINE('',#7094,#727);
#574=LINE('',#7096,#728);
#575=LINE('',#7097,#729);
#576=LINE('',#7101,#730);
#577=LINE('',#7103,#731);
#578=LINE('',#7105,#732);
#579=LINE('',#7107,#733);
#580=LINE('',#7109,#734);
#581=LINE('',#7110,#735);
#582=LINE('',#7113,#736);
#583=LINE('',#7115,#737);
#584=LINE('',#7116,#738);
#585=LINE('',#7119,#739);
#586=LINE('',#7121,#740);
#587=LINE('',#7122,#741);
#588=LINE('',#7125,#742);
#589=LINE('',#7127,#743);
#590=LINE('',#7128,#744);
#591=LINE('',#7129,#745);
#592=LINE('',#7134,#746);
#593=LINE('',#7136,#747);
#594=LINE('',#7138,#748);
#595=LINE('',#7139,#749);
#596=LINE('',#7141,#750);
#597=LINE('',#7143,#751);
#598=LINE('',#7145,#752);
#599=LINE('',#7147,#753);
#600=LINE('',#7148,#754);
#601=LINE('',#7151,#755);
#602=LINE('',#7152,#756);
#603=LINE('',#7155,#757);
#604=LINE('',#7156,#758);
#605=LINE('',#7159,#759);
#606=LINE('',#7160,#760);
#607=LINE('',#7162,#761);
#608=LINE('',#7164,#762);
#609=LINE('',#7165,#763);
#610=LINE('',#7167,#764);
#611=LINE('',#7169,#765);
#612=LINE('',#7172,#766);
#613=LINE('',#7174,#767);
#614=LINE('',#7175,#768);
#615=LINE('',#7178,#769);
#616=LINE('',#7182,#770);
#617=LINE('',#7185,#771);
#618=LINE('',#7186,#772);
#619=LINE('',#7189,#773);
#620=LINE('',#7190,#774);
#621=LINE('',#7192,#775);
#622=LINE('',#7195,#776);
#623=LINE('',#7196,#777);
#624=LINE('',#7199,#778);
#625=LINE('',#7200,#779);
#626=VECTOR('',#2227,1.6);
#627=VECTOR('',#2232,1.6);
#628=VECTOR('',#2235,1.6);
#629=VECTOR('',#2238,1.6);
#630=VECTOR('',#2241,1.6);
#631=VECTOR('',#2244,1.6);
#632=VECTOR('',#2247,1.6);
#633=VECTOR('',#2250,1.6);
#634=VECTOR('',#2255,1.6);
#635=VECTOR('',#2260,1.6);
#636=VECTOR('',#2263,1.6);
#637=VECTOR('',#2266,1.6);
#638=VECTOR('',#2269,1.6);
#639=VECTOR('',#2272,1.6);
#640=VECTOR('',#2275,1.6);
#641=VECTOR('',#2278,1.6);
#642=VECTOR('',#2283,1.6);
#643=VECTOR('',#2288,1.6);
#644=VECTOR('',#2291,1.6);
#645=VECTOR('',#2294,1.6);
#646=VECTOR('',#2297,1.6);
#647=VECTOR('',#2300,1.6);
#648=VECTOR('',#2303,1.6);
#649=VECTOR('',#2306,1.6);
#650=VECTOR('',#2311,1.79975);
#651=VECTOR('',#2316,1.79975);
#652=VECTOR('',#2319,1.79975);
#653=VECTOR('',#2322,1.79975);
#654=VECTOR('',#2325,1.79975);
#655=VECTOR('',#2328,1.79975);
#656=VECTOR('',#2331,1.79975);
#657=VECTOR('',#2334,1.79975);
#658=VECTOR('',#2337,1.79975);
#659=VECTOR('',#2342,1.79975);
#660=VECTOR('',#2347,1.79975);
#661=VECTOR('',#2350,1.79975);
#662=VECTOR('',#2353,1.79975);
#663=VECTOR('',#2356,1.79975);
#664=VECTOR('',#2359,1.79975);
#665=VECTOR('',#2362,1.79975);
#666=VECTOR('',#2365,1.79975);
#667=VECTOR('',#2368,1.79975);
#668=VECTOR('',#2373,1.79975);
#669=VECTOR('',#2378,1.79975);
#670=VECTOR('',#2381,1.79975);
#671=VECTOR('',#2384,1.79975);
#672=VECTOR('',#2387,1.79975);
#673=VECTOR('',#2390,1.79975);
#674=VECTOR('',#2393,1.79975);
#675=VECTOR('',#2396,1.79975);
#676=VECTOR('',#2399,1.79975);
#677=VECTOR('',#2412,1.59999999999999);
#678=VECTOR('',#2433,10.);
#679=VECTOR('',#2434,10.);
#680=VECTOR('',#2435,10.);
#681=VECTOR('',#2438,10.);
#682=VECTOR('',#2439,10.);
#683=VECTOR('',#2440,10.);
#684=VECTOR('',#2445,10.);
#685=VECTOR('',#2446,10.);
#686=VECTOR('',#2449,10.);
#687=VECTOR('',#2450,10.);
#688=VECTOR('',#2451,10.);
#689=VECTOR('',#2452,10.);
#690=VECTOR('',#2455,10.);
#691=VECTOR('',#2456,10.);
#692=VECTOR('',#2457,10.);
#693=VECTOR('',#2458,10.);
#694=VECTOR('',#2461,10.);
#695=VECTOR('',#2462,10.);
#696=VECTOR('',#2463,10.);
#697=VECTOR('',#2466,10.);
#698=VECTOR('',#2467,10.);
#699=VECTOR('',#2468,10.);
#700=VECTOR('',#2469,10.);
#701=VECTOR('',#2470,10.);
#702=VECTOR('',#2471,10.);
#703=VECTOR('',#2472,10.);
#704=VECTOR('',#2475,10.);
#705=VECTOR('',#2476,10.);
#706=VECTOR('',#2477,10.);
#707=VECTOR('',#2480,10.);
#708=VECTOR('',#2481,10.);
#709=VECTOR('',#2482,10.);
#710=VECTOR('',#2485,10.);
#711=VECTOR('',#2488,10.);
#712=VECTOR('',#2489,10.);
#713=VECTOR('',#2490,10.);
#714=VECTOR('',#2491,10.);
#715=VECTOR('',#2494,10.);
#716=VECTOR('',#2497,10.);
#717=VECTOR('',#2498,10.);
#718=VECTOR('',#2503,8.3);
#719=VECTOR('',#2512,8.3);
#720=VECTOR('',#2521,8.3);
#721=VECTOR('',#2530,8.3);
#722=VECTOR('',#2537,10.);
#723=VECTOR('',#2538,10.);
#724=VECTOR('',#2539,10.);
#725=VECTOR('',#2540,10.);
#726=VECTOR('',#2543,10.);
#727=VECTOR('',#2544,10.);
#728=VECTOR('',#2545,10.);
#729=VECTOR('',#2546,10.);
#730=VECTOR('',#2549,10.);
#731=VECTOR('',#2550,10.);
#732=VECTOR('',#2551,10.);
#733=VECTOR('',#2552,10.);
#734=VECTOR('',#2553,10.);
#735=VECTOR('',#2554,10.);
#736=VECTOR('',#2557,10.);
#737=VECTOR('',#2558,10.);
#738=VECTOR('',#2559,10.);
#739=VECTOR('',#2562,10.);
#740=VECTOR('',#2563,10.);
#741=VECTOR('',#2564,10.);
#742=VECTOR('',#2567,10.);
#743=VECTOR('',#2568,10.);
#744=VECTOR('',#2569,10.);
#745=VECTOR('',#2570,10.);
#746=VECTOR('',#2575,10.);
#747=VECTOR('',#2576,10.);
#748=VECTOR('',#2577,10.);
#749=VECTOR('',#2578,10.);
#750=VECTOR('',#2579,10.);
#751=VECTOR('',#2580,10.);
#752=VECTOR('',#2581,10.);
#753=VECTOR('',#2582,10.);
#754=VECTOR('',#2583,10.);
#755=VECTOR('',#2586,10.);
#756=VECTOR('',#2587,10.);
#757=VECTOR('',#2590,10.);
#758=VECTOR('',#2591,10.);
#759=VECTOR('',#2594,10.);
#760=VECTOR('',#2595,10.);
#761=VECTOR('',#2598,10.);
#762=VECTOR('',#2599,10.);
#763=VECTOR('',#2600,10.);
#764=VECTOR('',#2603,10.);
#765=VECTOR('',#2606,10.);
#766=VECTOR('',#2609,10.);
#767=VECTOR('',#2610,10.);
#768=VECTOR('',#2611,10.);
#769=VECTOR('',#2614,10.);
#770=VECTOR('',#2619,10.);
#771=VECTOR('',#2622,10.);
#772=VECTOR('',#2623,10.);
#773=VECTOR('',#2626,10.);
#774=VECTOR('',#2627,10.);
#775=VECTOR('',#2630,10.);
#776=VECTOR('',#2633,10.);
#777=VECTOR('',#2634,10.);
#778=VECTOR('',#2637,10.);
#779=VECTOR('',#2638,10.);
#780=VERTEX_POINT('',#2651);
#781=VERTEX_POINT('',#2652);
#782=VERTEX_POINT('',#2654);
#783=VERTEX_POINT('',#2665);
#784=VERTEX_POINT('',#2684);
#785=VERTEX_POINT('',#2685);
#786=VERTEX_POINT('',#2735);
#787=VERTEX_POINT('',#2736);
#788=VERTEX_POINT('',#2786);
#789=VERTEX_POINT('',#2787);
#790=VERTEX_POINT('',#2834);
#791=VERTEX_POINT('',#2835);
#792=VERTEX_POINT('',#2888);
#793=VERTEX_POINT('',#2889);
#794=VERTEX_POINT('',#2936);
#795=VERTEX_POINT('',#2937);
#796=VERTEX_POINT('',#2984);
#797=VERTEX_POINT('',#2985);
#798=VERTEX_POINT('',#2987);
#799=VERTEX_POINT('',#3001);
#800=VERTEX_POINT('',#3023);
#801=VERTEX_POINT('',#3024);
#802=VERTEX_POINT('',#3026);
#803=VERTEX_POINT('',#3037);
#804=VERTEX_POINT('',#3056);
#805=VERTEX_POINT('',#3057);
#806=VERTEX_POINT('',#3107);
#807=VERTEX_POINT('',#3108);
#808=VERTEX_POINT('',#3158);
#809=VERTEX_POINT('',#3159);
#810=VERTEX_POINT('',#3206);
#811=VERTEX_POINT('',#3207);
#812=VERTEX_POINT('',#3260);
#813=VERTEX_POINT('',#3261);
#814=VERTEX_POINT('',#3308);
#815=VERTEX_POINT('',#3309);
#816=VERTEX_POINT('',#3356);
#817=VERTEX_POINT('',#3357);
#818=VERTEX_POINT('',#3359);
#819=VERTEX_POINT('',#3373);
#820=VERTEX_POINT('',#3395);
#821=VERTEX_POINT('',#3396);
#822=VERTEX_POINT('',#3398);
#823=VERTEX_POINT('',#3409);
#824=VERTEX_POINT('',#3428);
#825=VERTEX_POINT('',#3429);
#826=VERTEX_POINT('',#3479);
#827=VERTEX_POINT('',#3480);
#828=VERTEX_POINT('',#3530);
#829=VERTEX_POINT('',#3531);
#830=VERTEX_POINT('',#3578);
#831=VERTEX_POINT('',#3579);
#832=VERTEX_POINT('',#3632);
#833=VERTEX_POINT('',#3633);
#834=VERTEX_POINT('',#3680);
#835=VERTEX_POINT('',#3681);
#836=VERTEX_POINT('',#3728);
#837=VERTEX_POINT('',#3729);
#838=VERTEX_POINT('',#3731);
#839=VERTEX_POINT('',#3745);
#840=VERTEX_POINT('',#3767);
#841=VERTEX_POINT('',#3768);
#842=VERTEX_POINT('',#3770);
#843=VERTEX_POINT('',#3775);
#844=VERTEX_POINT('',#3782);
#845=VERTEX_POINT('',#3783);
#846=VERTEX_POINT('',#3807);
#847=VERTEX_POINT('',#3808);
#848=VERTEX_POINT('',#3831);
#849=VERTEX_POINT('',#3832);
#850=VERTEX_POINT('',#3856);
#851=VERTEX_POINT('',#3857);
#852=VERTEX_POINT('',#3881);
#853=VERTEX_POINT('',#3882);
#854=VERTEX_POINT('',#3906);
#855=VERTEX_POINT('',#3907);
#856=VERTEX_POINT('',#3930);
#857=VERTEX_POINT('',#3931);
#858=VERTEX_POINT('',#3955);
#859=VERTEX_POINT('',#3956);
#860=VERTEX_POINT('',#3958);
#861=VERTEX_POINT('',#3964);
#862=VERTEX_POINT('',#3972);
#863=VERTEX_POINT('',#3973);
#864=VERTEX_POINT('',#3975);
#865=VERTEX_POINT('',#3980);
#866=VERTEX_POINT('',#3987);
#867=VERTEX_POINT('',#3988);
#868=VERTEX_POINT('',#4012);
#869=VERTEX_POINT('',#4013);
#870=VERTEX_POINT('',#4036);
#871=VERTEX_POINT('',#4037);
#872=VERTEX_POINT('',#4061);
#873=VERTEX_POINT('',#4062);
#874=VERTEX_POINT('',#4086);
#875=VERTEX_POINT('',#4087);
#876=VERTEX_POINT('',#4111);
#877=VERTEX_POINT('',#4112);
#878=VERTEX_POINT('',#4135);
#879=VERTEX_POINT('',#4136);
#880=VERTEX_POINT('',#4160);
#881=VERTEX_POINT('',#4161);
#882=VERTEX_POINT('',#4163);
#883=VERTEX_POINT('',#4169);
#884=VERTEX_POINT('',#4177);
#885=VERTEX_POINT('',#4178);
#886=VERTEX_POINT('',#4180);
#887=VERTEX_POINT('',#4185);
#888=VERTEX_POINT('',#4192);
#889=VERTEX_POINT('',#4193);
#890=VERTEX_POINT('',#4217);
#891=VERTEX_POINT('',#4218);
#892=VERTEX_POINT('',#4241);
#893=VERTEX_POINT('',#4242);
#894=VERTEX_POINT('',#4266);
#895=VERTEX_POINT('',#4267);
#896=VERTEX_POINT('',#4291);
#897=VERTEX_POINT('',#4292);
#898=VERTEX_POINT('',#4316);
#899=VERTEX_POINT('',#4317);
#900=VERTEX_POINT('',#4340);
#901=VERTEX_POINT('',#4341);
#902=VERTEX_POINT('',#4365);
#903=VERTEX_POINT('',#4366);
#904=VERTEX_POINT('',#4368);
#905=VERTEX_POINT('',#4374);
#906=VERTEX_POINT('',#6956);
#907=VERTEX_POINT('',#6958);
#908=VERTEX_POINT('',#6969);
#909=VERTEX_POINT('',#6970);
#910=VERTEX_POINT('',#6972);
#911=VERTEX_POINT('',#6974);
#912=VERTEX_POINT('',#6978);
#913=VERTEX_POINT('',#6980);
#914=VERTEX_POINT('',#6984);
#915=VERTEX_POINT('',#6986);
#916=VERTEX_POINT('',#6990);
#917=VERTEX_POINT('',#6991);
#918=VERTEX_POINT('',#6993);
#919=VERTEX_POINT('',#6995);
#920=VERTEX_POINT('',#6999);
#921=VERTEX_POINT('',#7000);
#922=VERTEX_POINT('',#7002);
#923=VERTEX_POINT('',#7004);
#924=VERTEX_POINT('',#7008);
#925=VERTEX_POINT('',#7013);
#926=VERTEX_POINT('',#7015);
#927=VERTEX_POINT('',#7017);
#928=VERTEX_POINT('',#7019);
#929=VERTEX_POINT('',#7021);
#930=VERTEX_POINT('',#7023);
#931=VERTEX_POINT('',#7027);
#932=VERTEX_POINT('',#7029);
#933=VERTEX_POINT('',#7033);
#934=VERTEX_POINT('',#7040);
#935=VERTEX_POINT('',#7042);
#936=VERTEX_POINT('',#7044);
#937=VERTEX_POINT('',#7053);
#938=VERTEX_POINT('',#7055);
#939=VERTEX_POINT('',#7060);
#940=VERTEX_POINT('',#7062);
#941=VERTEX_POINT('',#7067);
#942=VERTEX_POINT('',#7069);
#943=VERTEX_POINT('',#7074);
#944=VERTEX_POINT('',#7076);
#945=VERTEX_POINT('',#7081);
#946=VERTEX_POINT('',#7082);
#947=VERTEX_POINT('',#7084);
#948=VERTEX_POINT('',#7086);
#949=VERTEX_POINT('',#7090);
#950=VERTEX_POINT('',#7091);
#951=VERTEX_POINT('',#7093);
#952=VERTEX_POINT('',#7095);
#953=VERTEX_POINT('',#7099);
#954=VERTEX_POINT('',#7100);
#955=VERTEX_POINT('',#7102);
#956=VERTEX_POINT('',#7104);
#957=VERTEX_POINT('',#7106);
#958=VERTEX_POINT('',#7108);
#959=VERTEX_POINT('',#7112);
#960=VERTEX_POINT('',#7114);
#961=VERTEX_POINT('',#7118);
#962=VERTEX_POINT('',#7120);
#963=VERTEX_POINT('',#7124);
#964=VERTEX_POINT('',#7126);
#965=VERTEX_POINT('',#7132);
#966=VERTEX_POINT('',#7133);
#967=VERTEX_POINT('',#7135);
#968=VERTEX_POINT('',#7137);
#969=VERTEX_POINT('',#7140);
#970=VERTEX_POINT('',#7142);
#971=VERTEX_POINT('',#7144);
#972=VERTEX_POINT('',#7146);
#973=VERTEX_POINT('',#7150);
#974=VERTEX_POINT('',#7154);
#975=VERTEX_POINT('',#7158);
#976=VERTEX_POINT('',#7163);
#977=VERTEX_POINT('',#7171);
#978=VERTEX_POINT('',#7173);
#979=VERTEX_POINT('',#7177);
#980=VERTEX_POINT('',#7180);
#981=VERTEX_POINT('',#7184);
#982=VERTEX_POINT('',#7188);
#983=VERTEX_POINT('',#7194);
#984=VERTEX_POINT('',#7198);
#985=EDGE_CURVE('',#780,#781,#472,.T.);
#986=EDGE_CURVE('',#781,#782,#346,.T.);
#987=EDGE_CURVE('',#782,#783,#318,.T.);
#988=EDGE_CURVE('',#783,#780,#347,.T.);
#989=EDGE_CURVE('',#784,#785,#473,.T.);
#990=EDGE_CURVE('',#785,#781,#348,.T.);
#991=EDGE_CURVE('',#780,#784,#349,.T.);
#992=EDGE_CURVE('',#786,#787,#474,.T.);
#993=EDGE_CURVE('',#787,#785,#350,.T.);
#994=EDGE_CURVE('',#784,#786,#351,.T.);
#995=EDGE_CURVE('',#788,#789,#475,.T.);
#996=EDGE_CURVE('',#789,#787,#352,.T.);
#997=EDGE_CURVE('',#786,#788,#353,.T.);
#998=EDGE_CURVE('',#790,#791,#476,.T.);
#999=EDGE_CURVE('',#791,#789,#354,.T.);
#1000=EDGE_CURVE('',#788,#790,#355,.T.);
#1001=EDGE_CURVE('',#792,#793,#477,.T.);
#1002=EDGE_CURVE('',#793,#791,#356,.T.);
#1003=EDGE_CURVE('',#790,#792,#357,.T.);
#1004=EDGE_CURVE('',#794,#795,#478,.T.);
#1005=EDGE_CURVE('',#795,#793,#358,.T.);
#1006=EDGE_CURVE('',#792,#794,#359,.T.);
#1007=EDGE_CURVE('',#796,#797,#479,.T.);
#1008=EDGE_CURVE('',#796,#798,#360,.T.);
#1009=EDGE_CURVE('',#799,#798,#319,.F.);
#1010=EDGE_CURVE('',#799,#797,#361,.T.);
#1011=EDGE_CURVE('',#800,#801,#480,.T.);
#1012=EDGE_CURVE('',#801,#802,#362,.T.);
#1013=EDGE_CURVE('',#802,#803,#320,.T.);
#1014=EDGE_CURVE('',#803,#800,#363,.T.);
#1015=EDGE_CURVE('',#804,#805,#481,.T.);
#1016=EDGE_CURVE('',#805,#801,#364,.T.);
#1017=EDGE_CURVE('',#800,#804,#365,.T.);
#1018=EDGE_CURVE('',#806,#807,#482,.T.);
#1019=EDGE_CURVE('',#807,#805,#366,.T.);
#1020=EDGE_CURVE('',#804,#806,#367,.T.);
#1021=EDGE_CURVE('',#808,#809,#483,.T.);
#1022=EDGE_CURVE('',#809,#807,#368,.T.);
#1023=EDGE_CURVE('',#806,#808,#369,.T.);
#1024=EDGE_CURVE('',#810,#811,#484,.T.);
#1025=EDGE_CURVE('',#811,#809,#370,.T.);
#1026=EDGE_CURVE('',#808,#810,#371,.T.);
#1027=EDGE_CURVE('',#812,#813,#485,.T.);
#1028=EDGE_CURVE('',#813,#811,#372,.T.);
#1029=EDGE_CURVE('',#810,#812,#373,.T.);
#1030=EDGE_CURVE('',#814,#815,#486,.T.);
#1031=EDGE_CURVE('',#815,#813,#374,.T.);
#1032=EDGE_CURVE('',#812,#814,#375,.T.);
#1033=EDGE_CURVE('',#816,#817,#487,.T.);
#1034=EDGE_CURVE('',#816,#818,#376,.T.);
#1035=EDGE_CURVE('',#819,#818,#321,.F.);
#1036=EDGE_CURVE('',#819,#817,#377,.T.);
#1037=EDGE_CURVE('',#820,#821,#488,.T.);
#1038=EDGE_CURVE('',#821,#822,#378,.T.);
#1039=EDGE_CURVE('',#822,#823,#322,.T.);
#1040=EDGE_CURVE('',#823,#820,#379,.T.);
#1041=EDGE_CURVE('',#824,#825,#489,.T.);
#1042=EDGE_CURVE('',#825,#821,#380,.T.);
#1043=EDGE_CURVE('',#820,#824,#381,.T.);
#1044=EDGE_CURVE('',#826,#827,#490,.T.);
#1045=EDGE_CURVE('',#827,#825,#382,.T.);
#1046=EDGE_CURVE('',#824,#826,#383,.T.);
#1047=EDGE_CURVE('',#828,#829,#491,.T.);
#1048=EDGE_CURVE('',#829,#827,#384,.T.);
#1049=EDGE_CURVE('',#826,#828,#385,.T.);
#1050=EDGE_CURVE('',#830,#831,#492,.T.);
#1051=EDGE_CURVE('',#831,#829,#386,.T.);
#1052=EDGE_CURVE('',#828,#830,#387,.T.);
#1053=EDGE_CURVE('',#832,#833,#493,.T.);
#1054=EDGE_CURVE('',#833,#831,#388,.T.);
#1055=EDGE_CURVE('',#830,#832,#389,.T.);
#1056=EDGE_CURVE('',#834,#835,#494,.T.);
#1057=EDGE_CURVE('',#835,#833,#390,.T.);
#1058=EDGE_CURVE('',#832,#834,#391,.T.);
#1059=EDGE_CURVE('',#836,#837,#495,.T.);
#1060=EDGE_CURVE('',#836,#838,#392,.T.);
#1061=EDGE_CURVE('',#839,#838,#323,.F.);
#1062=EDGE_CURVE('',#839,#837,#393,.T.);
#1063=EDGE_CURVE('',#840,#841,#496,.T.);
#1064=EDGE_CURVE('',#841,#842,#394,.T.);
#1065=EDGE_CURVE('',#843,#842,#324,.T.);
#1066=EDGE_CURVE('',#840,#843,#395,.T.);
#1067=EDGE_CURVE('',#844,#845,#497,.T.);
#1068=EDGE_CURVE('',#845,#841,#396,.T.);
#1069=EDGE_CURVE('',#844,#840,#397,.T.);
#1070=EDGE_CURVE('',#846,#847,#498,.T.);
#1071=EDGE_CURVE('',#847,#845,#398,.T.);
#1072=EDGE_CURVE('',#846,#844,#399,.T.);
#1073=EDGE_CURVE('',#848,#849,#499,.T.);
#1074=EDGE_CURVE('',#849,#847,#400,.T.);
#1075=EDGE_CURVE('',#848,#846,#401,.T.);
#1076=EDGE_CURVE('',#850,#851,#500,.T.);
#1077=EDGE_CURVE('',#851,#849,#402,.T.);
#1078=EDGE_CURVE('',#850,#848,#403,.T.);
#1079=EDGE_CURVE('',#852,#853,#501,.T.);
#1080=EDGE_CURVE('',#853,#851,#404,.T.);
#1081=EDGE_CURVE('',#852,#850,#405,.T.);
#1082=EDGE_CURVE('',#854,#855,#502,.T.);
#1083=EDGE_CURVE('',#855,#853,#406,.T.);
#1084=EDGE_CURVE('',#854,#852,#407,.T.);
#1085=EDGE_CURVE('',#856,#857,#503,.T.);
#1086=EDGE_CURVE('',#857,#855,#408,.T.);
#1087=EDGE_CURVE('',#856,#854,#409,.T.);
#1088=EDGE_CURVE('',#858,#859,#504,.T.);
#1089=EDGE_CURVE('',#860,#858,#410,.T.);
#1090=EDGE_CURVE('',#861,#860,#325,.T.);
#1091=EDGE_CURVE('',#861,#859,#411,.T.);
#1092=EDGE_CURVE('',#862,#863,#505,.T.);
#1093=EDGE_CURVE('',#863,#864,#412,.T.);
#1094=EDGE_CURVE('',#865,#864,#326,.T.);
#1095=EDGE_CURVE('',#862,#865,#413,.T.);
#1096=EDGE_CURVE('',#866,#867,#506,.T.);
#1097=EDGE_CURVE('',#867,#863,#414,.T.);
#1098=EDGE_CURVE('',#866,#862,#415,.T.);
#1099=EDGE_CURVE('',#868,#869,#507,.T.);
#1100=EDGE_CURVE('',#869,#867,#416,.T.);
#1101=EDGE_CURVE('',#868,#866,#417,.T.);
#1102=EDGE_CURVE('',#870,#871,#508,.T.);
#1103=EDGE_CURVE('',#871,#869,#418,.T.);
#1104=EDGE_CURVE('',#870,#868,#419,.T.);
#1105=EDGE_CURVE('',#872,#873,#509,.T.);
#1106=EDGE_CURVE('',#873,#871,#420,.T.);
#1107=EDGE_CURVE('',#872,#870,#421,.T.);
#1108=EDGE_CURVE('',#874,#875,#510,.T.);
#1109=EDGE_CURVE('',#875,#873,#422,.T.);
#1110=EDGE_CURVE('',#874,#872,#423,.T.);
#1111=EDGE_CURVE('',#876,#877,#511,.T.);
#1112=EDGE_CURVE('',#877,#875,#424,.T.);
#1113=EDGE_CURVE('',#876,#874,#425,.T.);
#1114=EDGE_CURVE('',#878,#879,#512,.T.);
#1115=EDGE_CURVE('',#879,#877,#426,.T.);
#1116=EDGE_CURVE('',#878,#876,#427,.T.);
#1117=EDGE_CURVE('',#880,#881,#513,.T.);
#1118=EDGE_CURVE('',#882,#880,#428,.T.);
#1119=EDGE_CURVE('',#883,#882,#327,.T.);
#1120=EDGE_CURVE('',#883,#881,#429,.T.);
#1121=EDGE_CURVE('',#884,#885,#514,.T.);
#1122=EDGE_CURVE('',#885,#886,#430,.T.);
#1123=EDGE_CURVE('',#887,#886,#328,.T.);
#1124=EDGE_CURVE('',#884,#887,#431,.T.);
#1125=EDGE_CURVE('',#888,#889,#515,.T.);
#1126=EDGE_CURVE('',#889,#885,#432,.T.);
#1127=EDGE_CURVE('',#888,#884,#433,.T.);
#1128=EDGE_CURVE('',#890,#891,#516,.T.);
#1129=EDGE_CURVE('',#891,#889,#434,.T.);
#1130=EDGE_CURVE('',#890,#888,#435,.T.);
#1131=EDGE_CURVE('',#892,#893,#517,.T.);
#1132=EDGE_CURVE('',#893,#891,#436,.T.);
#1133=EDGE_CURVE('',#892,#890,#437,.T.);
#1134=EDGE_CURVE('',#894,#895,#518,.T.);
#1135=EDGE_CURVE('',#895,#893,#438,.T.);
#1136=EDGE_CURVE('',#894,#892,#439,.T.);
#1137=EDGE_CURVE('',#896,#897,#519,.T.);
#1138=EDGE_CURVE('',#897,#895,#440,.T.);
#1139=EDGE_CURVE('',#896,#894,#441,.T.);
#1140=EDGE_CURVE('',#898,#899,#520,.T.);
#1141=EDGE_CURVE('',#899,#897,#442,.T.);
#1142=EDGE_CURVE('',#898,#896,#443,.T.);
#1143=EDGE_CURVE('',#900,#901,#521,.T.);
#1144=EDGE_CURVE('',#901,#899,#444,.T.);
#1145=EDGE_CURVE('',#900,#898,#445,.T.);
#1146=EDGE_CURVE('',#902,#903,#522,.T.);
#1147=EDGE_CURVE('',#904,#902,#446,.T.);
#1148=EDGE_CURVE('',#905,#904,#329,.T.);
#1149=EDGE_CURVE('',#905,#903,#447,.T.);
#1150=EDGE_CURVE('',#903,#901,#448,.T.);
#1151=EDGE_CURVE('',#902,#900,#449,.T.);
#1152=EDGE_CURVE('',#886,#823,#450,.T.);
#1153=EDGE_CURVE('',#838,#905,#451,.T.);
#1154=EDGE_CURVE('',#834,#836,#452,.T.);
#1155=EDGE_CURVE('',#822,#887,#453,.T.);
#1156=EDGE_CURVE('',#837,#835,#454,.T.);
#1157=EDGE_CURVE('',#904,#839,#455,.T.);
#1158=EDGE_CURVE('',#881,#879,#456,.T.);
#1159=EDGE_CURVE('',#880,#878,#457,.T.);
#1160=EDGE_CURVE('',#864,#783,#458,.T.);
#1161=EDGE_CURVE('',#798,#883,#459,.T.);
#1162=EDGE_CURVE('',#794,#796,#460,.T.);
#1163=EDGE_CURVE('',#782,#865,#461,.T.);
#1164=EDGE_CURVE('',#797,#795,#462,.T.);
#1165=EDGE_CURVE('',#882,#799,#463,.T.);
#1166=EDGE_CURVE('',#859,#857,#464,.T.);
#1167=EDGE_CURVE('',#858,#856,#465,.T.);
#1168=EDGE_CURVE('',#842,#803,#466,.T.);
#1169=EDGE_CURVE('',#818,#861,#467,.T.);
#1170=EDGE_CURVE('',#814,#816,#468,.T.);
#1171=EDGE_CURVE('',#802,#843,#469,.T.);
#1172=EDGE_CURVE('',#817,#815,#470,.T.);
#1173=EDGE_CURVE('',#860,#819,#471,.T.);
#1174=EDGE_CURVE('',#906,#906,#330,.F.);
#1175=EDGE_CURVE('',#906,#907,#523,.T.);
#1176=EDGE_CURVE('',#907,#907,#331,.T.);
#1177=EDGE_CURVE('',#908,#909,#332,.T.);
#1178=EDGE_CURVE('',#910,#908,#524,.T.);
#1179=EDGE_CURVE('',#911,#910,#525,.T.);
#1180=EDGE_CURVE('',#911,#909,#526,.T.);
#1181=EDGE_CURVE('',#909,#912,#527,.T.);
#1182=EDGE_CURVE('',#913,#911,#528,.T.);
#1183=EDGE_CURVE('',#913,#912,#529,.T.);
#1184=EDGE_CURVE('',#912,#914,#333,.T.);
#1185=EDGE_CURVE('',#915,#913,#530,.T.);
#1186=EDGE_CURVE('',#915,#914,#531,.T.);
#1187=EDGE_CURVE('',#916,#917,#532,.T.);
#1188=EDGE_CURVE('',#917,#918,#533,.T.);
#1189=EDGE_CURVE('',#919,#918,#534,.T.);
#1190=EDGE_CURVE('',#916,#919,#535,.T.);
#1191=EDGE_CURVE('',#920,#921,#536,.T.);
#1192=EDGE_CURVE('',#922,#921,#537,.T.);
#1193=EDGE_CURVE('',#923,#922,#538,.T.);
#1194=EDGE_CURVE('',#920,#923,#539,.T.);
#1195=EDGE_CURVE('',#923,#924,#540,.T.);
#1196=EDGE_CURVE('',#919,#922,#541,.T.);
#1197=EDGE_CURVE('',#924,#918,#542,.T.);
#1198=EDGE_CURVE('',#925,#921,#543,.T.);
#1199=EDGE_CURVE('',#925,#926,#544,.T.);
#1200=EDGE_CURVE('',#927,#926,#545,.T.);
#1201=EDGE_CURVE('',#928,#927,#546,.T.);
#1202=EDGE_CURVE('',#928,#929,#547,.T.);
#1203=EDGE_CURVE('',#930,#929,#548,.T.);
#1204=EDGE_CURVE('',#916,#930,#549,.T.);
#1205=EDGE_CURVE('',#929,#931,#550,.T.);
#1206=EDGE_CURVE('',#932,#928,#551,.T.);
#1207=EDGE_CURVE('',#932,#931,#552,.T.);
#1208=EDGE_CURVE('',#931,#933,#553,.T.);
#1209=EDGE_CURVE('',#918,#932,#554,.T.);
#1210=EDGE_CURVE('',#917,#933,#555,.T.);
#1211=EDGE_CURVE('',#933,#930,#556,.T.);
#1212=EDGE_CURVE('',#924,#934,#557,.T.);
#1213=EDGE_CURVE('',#935,#934,#558,.T.);
#1214=EDGE_CURVE('',#936,#935,#559,.T.);
#1215=EDGE_CURVE('',#920,#936,#560,.T.);
#1216=EDGE_CURVE('',#934,#927,#561,.T.);
#1217=EDGE_CURVE('',#926,#935,#562,.T.);
#1218=EDGE_CURVE('',#936,#925,#563,.T.);
#1219=EDGE_CURVE('',#937,#937,#334,.T.);
#1220=EDGE_CURVE('',#937,#938,#564,.T.);
#1221=EDGE_CURVE('',#938,#938,#335,.T.);
#1222=EDGE_CURVE('',#939,#939,#336,.T.);
#1223=EDGE_CURVE('',#939,#940,#565,.T.);
#1224=EDGE_CURVE('',#940,#940,#337,.T.);
#1225=EDGE_CURVE('',#941,#941,#338,.T.);
#1226=EDGE_CURVE('',#941,#942,#566,.T.);
#1227=EDGE_CURVE('',#942,#942,#339,.T.);
#1228=EDGE_CURVE('',#943,#943,#340,.T.);
#1229=EDGE_CURVE('',#943,#944,#567,.T.);
#1230=EDGE_CURVE('',#944,#944,#341,.T.);
#1231=EDGE_CURVE('',#945,#946,#568,.T.);
#1232=EDGE_CURVE('',#947,#945,#569,.T.);
#1233=EDGE_CURVE('',#948,#947,#570,.T.);
#1234=EDGE_CURVE('',#946,#948,#571,.T.);
#1235=EDGE_CURVE('',#949,#950,#572,.T.);
#1236=EDGE_CURVE('',#950,#951,#573,.T.);
#1237=EDGE_CURVE('',#951,#952,#574,.T.);
#1238=EDGE_CURVE('',#952,#949,#575,.T.);
#1239=EDGE_CURVE('',#953,#954,#576,.T.);
#1240=EDGE_CURVE('',#953,#955,#577,.T.);
#1241=EDGE_CURVE('',#955,#956,#578,.T.);
#1242=EDGE_CURVE('',#957,#956,#579,.T.);
#1243=EDGE_CURVE('',#958,#957,#580,.T.);
#1244=EDGE_CURVE('',#954,#958,#581,.T.);
#1245=EDGE_CURVE('',#957,#959,#582,.T.);
#1246=EDGE_CURVE('',#956,#960,#583,.T.);
#1247=EDGE_CURVE('',#959,#960,#584,.T.);
#1248=EDGE_CURVE('',#961,#953,#585,.T.);
#1249=EDGE_CURVE('',#961,#962,#586,.T.);
#1250=EDGE_CURVE('',#962,#955,#587,.T.);
#1251=EDGE_CURVE('',#963,#961,#588,.T.);
#1252=EDGE_CURVE('',#964,#963,#589,.T.);
#1253=EDGE_CURVE('',#959,#964,#590,.T.);
#1254=EDGE_CURVE('',#960,#962,#591,.T.);
#1255=EDGE_CURVE('',#965,#966,#592,.T.);
#1256=EDGE_CURVE('',#965,#967,#593,.T.);
#1257=EDGE_CURVE('',#968,#967,#594,.T.);
#1258=EDGE_CURVE('',#966,#968,#595,.T.);
#1259=EDGE_CURVE('',#964,#969,#596,.T.);
#1260=EDGE_CURVE('',#969,#970,#597,.T.);
#1261=EDGE_CURVE('',#970,#971,#598,.T.);
#1262=EDGE_CURVE('',#971,#972,#599,.T.);
#1263=EDGE_CURVE('',#972,#958,#600,.T.);
#1264=EDGE_CURVE('',#963,#973,#601,.T.);
#1265=EDGE_CURVE('',#969,#973,#602,.T.);
#1266=EDGE_CURVE('',#972,#974,#603,.T.);
#1267=EDGE_CURVE('',#974,#954,#604,.T.);
#1268=EDGE_CURVE('',#973,#975,#605,.T.);
#1269=EDGE_CURVE('',#970,#975,#606,.T.);
#1270=EDGE_CURVE('',#910,#974,#607,.T.);
#1271=EDGE_CURVE('',#971,#976,#608,.T.);
#1272=EDGE_CURVE('',#976,#915,#609,.T.);
#1273=EDGE_CURVE('',#975,#976,#610,.T.);
#1274=EDGE_CURVE('',#914,#908,#611,.T.);
#1275=EDGE_CURVE('',#977,#947,#612,.T.);
#1276=EDGE_CURVE('',#977,#978,#613,.T.);
#1277=EDGE_CURVE('',#978,#948,#614,.T.);
#1278=EDGE_CURVE('',#979,#951,#615,.T.);
#1279=EDGE_CURVE('',#979,#968,#342,.T.);
#1280=EDGE_CURVE('',#967,#980,#343,.T.);
#1281=EDGE_CURVE('',#980,#952,#616,.T.);
#1282=EDGE_CURVE('',#981,#945,#617,.T.);
#1283=EDGE_CURVE('',#981,#977,#618,.T.);
#1284=EDGE_CURVE('',#982,#946,#619,.T.);
#1285=EDGE_CURVE('',#982,#978,#620,.T.);
#1286=EDGE_CURVE('',#981,#982,#621,.T.);
#1287=EDGE_CURVE('',#983,#950,#622,.T.);
#1288=EDGE_CURVE('',#983,#979,#623,.T.);
#1289=EDGE_CURVE('',#949,#984,#624,.T.);
#1290=EDGE_CURVE('',#984,#980,#625,.T.);
#1291=EDGE_CURVE('',#965,#984,#344,.T.);
#1292=EDGE_CURVE('',#983,#966,#345,.T.);
#1293=ORIENTED_EDGE('',*,*,#985,.T.);
#1294=ORIENTED_EDGE('',*,*,#986,.T.);
#1295=ORIENTED_EDGE('',*,*,#987,.T.);
#1296=ORIENTED_EDGE('',*,*,#988,.T.);
#1297=ORIENTED_EDGE('',*,*,#989,.T.);
#1298=ORIENTED_EDGE('',*,*,#990,.T.);
#1299=ORIENTED_EDGE('',*,*,#985,.F.);
#1300=ORIENTED_EDGE('',*,*,#991,.T.);
#1301=ORIENTED_EDGE('',*,*,#992,.T.);
#1302=ORIENTED_EDGE('',*,*,#993,.T.);
#1303=ORIENTED_EDGE('',*,*,#989,.F.);
#1304=ORIENTED_EDGE('',*,*,#994,.T.);
#1305=ORIENTED_EDGE('',*,*,#995,.T.);
#1306=ORIENTED_EDGE('',*,*,#996,.T.);
#1307=ORIENTED_EDGE('',*,*,#992,.F.);
#1308=ORIENTED_EDGE('',*,*,#997,.T.);
#1309=ORIENTED_EDGE('',*,*,#998,.T.);
#1310=ORIENTED_EDGE('',*,*,#999,.T.);
#1311=ORIENTED_EDGE('',*,*,#995,.F.);
#1312=ORIENTED_EDGE('',*,*,#1000,.T.);
#1313=ORIENTED_EDGE('',*,*,#1001,.T.);
#1314=ORIENTED_EDGE('',*,*,#1002,.T.);
#1315=ORIENTED_EDGE('',*,*,#998,.F.);
#1316=ORIENTED_EDGE('',*,*,#1003,.T.);
#1317=ORIENTED_EDGE('',*,*,#1004,.T.);
#1318=ORIENTED_EDGE('',*,*,#1005,.T.);
#1319=ORIENTED_EDGE('',*,*,#1001,.F.);
#1320=ORIENTED_EDGE('',*,*,#1006,.T.);
#1321=ORIENTED_EDGE('',*,*,#1007,.F.);
#1322=ORIENTED_EDGE('',*,*,#1008,.T.);
#1323=ORIENTED_EDGE('',*,*,#1009,.F.);
#1324=ORIENTED_EDGE('',*,*,#1010,.T.);
#1325=ORIENTED_EDGE('',*,*,#1011,.T.);
#1326=ORIENTED_EDGE('',*,*,#1012,.T.);
#1327=ORIENTED_EDGE('',*,*,#1013,.T.);
#1328=ORIENTED_EDGE('',*,*,#1014,.T.);
#1329=ORIENTED_EDGE('',*,*,#1015,.T.);
#1330=ORIENTED_EDGE('',*,*,#1016,.T.);
#1331=ORIENTED_EDGE('',*,*,#1011,.F.);
#1332=ORIENTED_EDGE('',*,*,#1017,.T.);
#1333=ORIENTED_EDGE('',*,*,#1018,.T.);
#1334=ORIENTED_EDGE('',*,*,#1019,.T.);
#1335=ORIENTED_EDGE('',*,*,#1015,.F.);
#1336=ORIENTED_EDGE('',*,*,#1020,.T.);
#1337=ORIENTED_EDGE('',*,*,#1021,.T.);
#1338=ORIENTED_EDGE('',*,*,#1022,.T.);
#1339=ORIENTED_EDGE('',*,*,#1018,.F.);
#1340=ORIENTED_EDGE('',*,*,#1023,.T.);
#1341=ORIENTED_EDGE('',*,*,#1024,.T.);
#1342=ORIENTED_EDGE('',*,*,#1025,.T.);
#1343=ORIENTED_EDGE('',*,*,#1021,.F.);
#1344=ORIENTED_EDGE('',*,*,#1026,.T.);
#1345=ORIENTED_EDGE('',*,*,#1027,.T.);
#1346=ORIENTED_EDGE('',*,*,#1028,.T.);
#1347=ORIENTED_EDGE('',*,*,#1024,.F.);
#1348=ORIENTED_EDGE('',*,*,#1029,.T.);
#1349=ORIENTED_EDGE('',*,*,#1030,.T.);
#1350=ORIENTED_EDGE('',*,*,#1031,.T.);
#1351=ORIENTED_EDGE('',*,*,#1027,.F.);
#1352=ORIENTED_EDGE('',*,*,#1032,.T.);
#1353=ORIENTED_EDGE('',*,*,#1033,.F.);
#1354=ORIENTED_EDGE('',*,*,#1034,.T.);
#1355=ORIENTED_EDGE('',*,*,#1035,.F.);
#1356=ORIENTED_EDGE('',*,*,#1036,.T.);
#1357=ORIENTED_EDGE('',*,*,#1037,.T.);
#1358=ORIENTED_EDGE('',*,*,#1038,.T.);
#1359=ORIENTED_EDGE('',*,*,#1039,.T.);
#1360=ORIENTED_EDGE('',*,*,#1040,.T.);
#1361=ORIENTED_EDGE('',*,*,#1041,.T.);
#1362=ORIENTED_EDGE('',*,*,#1042,.T.);
#1363=ORIENTED_EDGE('',*,*,#1037,.F.);
#1364=ORIENTED_EDGE('',*,*,#1043,.T.);
#1365=ORIENTED_EDGE('',*,*,#1044,.T.);
#1366=ORIENTED_EDGE('',*,*,#1045,.T.);
#1367=ORIENTED_EDGE('',*,*,#1041,.F.);
#1368=ORIENTED_EDGE('',*,*,#1046,.T.);
#1369=ORIENTED_EDGE('',*,*,#1047,.T.);
#1370=ORIENTED_EDGE('',*,*,#1048,.T.);
#1371=ORIENTED_EDGE('',*,*,#1044,.F.);
#1372=ORIENTED_EDGE('',*,*,#1049,.T.);
#1373=ORIENTED_EDGE('',*,*,#1050,.T.);
#1374=ORIENTED_EDGE('',*,*,#1051,.T.);
#1375=ORIENTED_EDGE('',*,*,#1047,.F.);
#1376=ORIENTED_EDGE('',*,*,#1052,.T.);
#1377=ORIENTED_EDGE('',*,*,#1053,.T.);
#1378=ORIENTED_EDGE('',*,*,#1054,.T.);
#1379=ORIENTED_EDGE('',*,*,#1050,.F.);
#1380=ORIENTED_EDGE('',*,*,#1055,.T.);
#1381=ORIENTED_EDGE('',*,*,#1056,.T.);
#1382=ORIENTED_EDGE('',*,*,#1057,.T.);
#1383=ORIENTED_EDGE('',*,*,#1053,.F.);
#1384=ORIENTED_EDGE('',*,*,#1058,.T.);
#1385=ORIENTED_EDGE('',*,*,#1059,.F.);
#1386=ORIENTED_EDGE('',*,*,#1060,.T.);
#1387=ORIENTED_EDGE('',*,*,#1061,.F.);
#1388=ORIENTED_EDGE('',*,*,#1062,.T.);
#1389=ORIENTED_EDGE('',*,*,#1063,.T.);
#1390=ORIENTED_EDGE('',*,*,#1064,.T.);
#1391=ORIENTED_EDGE('',*,*,#1065,.F.);
#1392=ORIENTED_EDGE('',*,*,#1066,.F.);
#1393=ORIENTED_EDGE('',*,*,#1067,.T.);
#1394=ORIENTED_EDGE('',*,*,#1068,.T.);
#1395=ORIENTED_EDGE('',*,*,#1063,.F.);
#1396=ORIENTED_EDGE('',*,*,#1069,.F.);
#1397=ORIENTED_EDGE('',*,*,#1070,.T.);
#1398=ORIENTED_EDGE('',*,*,#1071,.T.);
#1399=ORIENTED_EDGE('',*,*,#1067,.F.);
#1400=ORIENTED_EDGE('',*,*,#1072,.F.);
#1401=ORIENTED_EDGE('',*,*,#1073,.T.);
#1402=ORIENTED_EDGE('',*,*,#1074,.T.);
#1403=ORIENTED_EDGE('',*,*,#1070,.F.);
#1404=ORIENTED_EDGE('',*,*,#1075,.F.);
#1405=ORIENTED_EDGE('',*,*,#1076,.T.);
#1406=ORIENTED_EDGE('',*,*,#1077,.T.);
#1407=ORIENTED_EDGE('',*,*,#1073,.F.);
#1408=ORIENTED_EDGE('',*,*,#1078,.F.);
#1409=ORIENTED_EDGE('',*,*,#1079,.T.);
#1410=ORIENTED_EDGE('',*,*,#1080,.T.);
#1411=ORIENTED_EDGE('',*,*,#1076,.F.);
#1412=ORIENTED_EDGE('',*,*,#1081,.F.);
#1413=ORIENTED_EDGE('',*,*,#1082,.T.);
#1414=ORIENTED_EDGE('',*,*,#1083,.T.);
#1415=ORIENTED_EDGE('',*,*,#1079,.F.);
#1416=ORIENTED_EDGE('',*,*,#1084,.F.);
#1417=ORIENTED_EDGE('',*,*,#1085,.T.);
#1418=ORIENTED_EDGE('',*,*,#1086,.T.);
#1419=ORIENTED_EDGE('',*,*,#1082,.F.);
#1420=ORIENTED_EDGE('',*,*,#1087,.F.);
#1421=ORIENTED_EDGE('',*,*,#1088,.F.);
#1422=ORIENTED_EDGE('',*,*,#1089,.F.);
#1423=ORIENTED_EDGE('',*,*,#1090,.F.);
#1424=ORIENTED_EDGE('',*,*,#1091,.T.);
#1425=ORIENTED_EDGE('',*,*,#1092,.T.);
#1426=ORIENTED_EDGE('',*,*,#1093,.T.);
#1427=ORIENTED_EDGE('',*,*,#1094,.F.);
#1428=ORIENTED_EDGE('',*,*,#1095,.F.);
#1429=ORIENTED_EDGE('',*,*,#1096,.T.);
#1430=ORIENTED_EDGE('',*,*,#1097,.T.);
#1431=ORIENTED_EDGE('',*,*,#1092,.F.);
#1432=ORIENTED_EDGE('',*,*,#1098,.F.);
#1433=ORIENTED_EDGE('',*,*,#1099,.T.);
#1434=ORIENTED_EDGE('',*,*,#1100,.T.);
#1435=ORIENTED_EDGE('',*,*,#1096,.F.);
#1436=ORIENTED_EDGE('',*,*,#1101,.F.);
#1437=ORIENTED_EDGE('',*,*,#1102,.T.);
#1438=ORIENTED_EDGE('',*,*,#1103,.T.);
#1439=ORIENTED_EDGE('',*,*,#1099,.F.);
#1440=ORIENTED_EDGE('',*,*,#1104,.F.);
#1441=ORIENTED_EDGE('',*,*,#1105,.T.);
#1442=ORIENTED_EDGE('',*,*,#1106,.T.);
#1443=ORIENTED_EDGE('',*,*,#1102,.F.);
#1444=ORIENTED_EDGE('',*,*,#1107,.F.);
#1445=ORIENTED_EDGE('',*,*,#1108,.T.);
#1446=ORIENTED_EDGE('',*,*,#1109,.T.);
#1447=ORIENTED_EDGE('',*,*,#1105,.F.);
#1448=ORIENTED_EDGE('',*,*,#1110,.F.);
#1449=ORIENTED_EDGE('',*,*,#1111,.T.);
#1450=ORIENTED_EDGE('',*,*,#1112,.T.);
#1451=ORIENTED_EDGE('',*,*,#1108,.F.);
#1452=ORIENTED_EDGE('',*,*,#1113,.F.);
#1453=ORIENTED_EDGE('',*,*,#1114,.T.);
#1454=ORIENTED_EDGE('',*,*,#1115,.T.);
#1455=ORIENTED_EDGE('',*,*,#1111,.F.);
#1456=ORIENTED_EDGE('',*,*,#1116,.F.);
#1457=ORIENTED_EDGE('',*,*,#1117,.F.);
#1458=ORIENTED_EDGE('',*,*,#1118,.F.);
#1459=ORIENTED_EDGE('',*,*,#1119,.F.);
#1460=ORIENTED_EDGE('',*,*,#1120,.T.);
#1461=ORIENTED_EDGE('',*,*,#1121,.T.);
#1462=ORIENTED_EDGE('',*,*,#1122,.T.);
#1463=ORIENTED_EDGE('',*,*,#1123,.F.);
#1464=ORIENTED_EDGE('',*,*,#1124,.F.);
#1465=ORIENTED_EDGE('',*,*,#1125,.T.);
#1466=ORIENTED_EDGE('',*,*,#1126,.T.);
#1467=ORIENTED_EDGE('',*,*,#1121,.F.);
#1468=ORIENTED_EDGE('',*,*,#1127,.F.);
#1469=ORIENTED_EDGE('',*,*,#1128,.T.);
#1470=ORIENTED_EDGE('',*,*,#1129,.T.);
#1471=ORIENTED_EDGE('',*,*,#1125,.F.);
#1472=ORIENTED_EDGE('',*,*,#1130,.F.);
#1473=ORIENTED_EDGE('',*,*,#1131,.T.);
#1474=ORIENTED_EDGE('',*,*,#1132,.T.);
#1475=ORIENTED_EDGE('',*,*,#1128,.F.);
#1476=ORIENTED_EDGE('',*,*,#1133,.F.);
#1477=ORIENTED_EDGE('',*,*,#1134,.T.);
#1478=ORIENTED_EDGE('',*,*,#1135,.T.);
#1479=ORIENTED_EDGE('',*,*,#1131,.F.);
#1480=ORIENTED_EDGE('',*,*,#1136,.F.);
#1481=ORIENTED_EDGE('',*,*,#1137,.T.);
#1482=ORIENTED_EDGE('',*,*,#1138,.T.);
#1483=ORIENTED_EDGE('',*,*,#1134,.F.);
#1484=ORIENTED_EDGE('',*,*,#1139,.F.);
#1485=ORIENTED_EDGE('',*,*,#1140,.T.);
#1486=ORIENTED_EDGE('',*,*,#1141,.T.);
#1487=ORIENTED_EDGE('',*,*,#1137,.F.);
#1488=ORIENTED_EDGE('',*,*,#1142,.F.);
#1489=ORIENTED_EDGE('',*,*,#1143,.T.);
#1490=ORIENTED_EDGE('',*,*,#1144,.T.);
#1491=ORIENTED_EDGE('',*,*,#1140,.F.);
#1492=ORIENTED_EDGE('',*,*,#1145,.F.);
#1493=ORIENTED_EDGE('',*,*,#1146,.F.);
#1494=ORIENTED_EDGE('',*,*,#1147,.F.);
#1495=ORIENTED_EDGE('',*,*,#1148,.F.);
#1496=ORIENTED_EDGE('',*,*,#1149,.T.);
#1497=ORIENTED_EDGE('',*,*,#1146,.T.);
#1498=ORIENTED_EDGE('',*,*,#1150,.T.);
#1499=ORIENTED_EDGE('',*,*,#1143,.F.);
#1500=ORIENTED_EDGE('',*,*,#1151,.F.);
#1501=ORIENTED_EDGE('',*,*,#1152,.F.);
#1502=ORIENTED_EDGE('',*,*,#1122,.F.);
#1503=ORIENTED_EDGE('',*,*,#1126,.F.);
#1504=ORIENTED_EDGE('',*,*,#1129,.F.);
#1505=ORIENTED_EDGE('',*,*,#1132,.F.);
#1506=ORIENTED_EDGE('',*,*,#1135,.F.);
#1507=ORIENTED_EDGE('',*,*,#1138,.F.);
#1508=ORIENTED_EDGE('',*,*,#1141,.F.);
#1509=ORIENTED_EDGE('',*,*,#1144,.F.);
#1510=ORIENTED_EDGE('',*,*,#1150,.F.);
#1511=ORIENTED_EDGE('',*,*,#1149,.F.);
#1512=ORIENTED_EDGE('',*,*,#1153,.F.);
#1513=ORIENTED_EDGE('',*,*,#1060,.F.);
#1514=ORIENTED_EDGE('',*,*,#1154,.F.);
#1515=ORIENTED_EDGE('',*,*,#1058,.F.);
#1516=ORIENTED_EDGE('',*,*,#1055,.F.);
#1517=ORIENTED_EDGE('',*,*,#1052,.F.);
#1518=ORIENTED_EDGE('',*,*,#1049,.F.);
#1519=ORIENTED_EDGE('',*,*,#1046,.F.);
#1520=ORIENTED_EDGE('',*,*,#1043,.F.);
#1521=ORIENTED_EDGE('',*,*,#1040,.F.);
#1522=ORIENTED_EDGE('',*,*,#1155,.F.);
#1523=ORIENTED_EDGE('',*,*,#1038,.F.);
#1524=ORIENTED_EDGE('',*,*,#1042,.F.);
#1525=ORIENTED_EDGE('',*,*,#1045,.F.);
#1526=ORIENTED_EDGE('',*,*,#1048,.F.);
#1527=ORIENTED_EDGE('',*,*,#1051,.F.);
#1528=ORIENTED_EDGE('',*,*,#1054,.F.);
#1529=ORIENTED_EDGE('',*,*,#1057,.F.);
#1530=ORIENTED_EDGE('',*,*,#1156,.F.);
#1531=ORIENTED_EDGE('',*,*,#1062,.F.);
#1532=ORIENTED_EDGE('',*,*,#1157,.F.);
#1533=ORIENTED_EDGE('',*,*,#1147,.T.);
#1534=ORIENTED_EDGE('',*,*,#1151,.T.);
#1535=ORIENTED_EDGE('',*,*,#1145,.T.);
#1536=ORIENTED_EDGE('',*,*,#1142,.T.);
#1537=ORIENTED_EDGE('',*,*,#1139,.T.);
#1538=ORIENTED_EDGE('',*,*,#1136,.T.);
#1539=ORIENTED_EDGE('',*,*,#1133,.T.);
#1540=ORIENTED_EDGE('',*,*,#1130,.T.);
#1541=ORIENTED_EDGE('',*,*,#1127,.T.);
#1542=ORIENTED_EDGE('',*,*,#1124,.T.);
#1543=ORIENTED_EDGE('',*,*,#1117,.T.);
#1544=ORIENTED_EDGE('',*,*,#1158,.T.);
#1545=ORIENTED_EDGE('',*,*,#1114,.F.);
#1546=ORIENTED_EDGE('',*,*,#1159,.F.);
#1547=ORIENTED_EDGE('',*,*,#1160,.F.);
#1548=ORIENTED_EDGE('',*,*,#1093,.F.);
#1549=ORIENTED_EDGE('',*,*,#1097,.F.);
#1550=ORIENTED_EDGE('',*,*,#1100,.F.);
#1551=ORIENTED_EDGE('',*,*,#1103,.F.);
#1552=ORIENTED_EDGE('',*,*,#1106,.F.);
#1553=ORIENTED_EDGE('',*,*,#1109,.F.);
#1554=ORIENTED_EDGE('',*,*,#1112,.F.);
#1555=ORIENTED_EDGE('',*,*,#1115,.F.);
#1556=ORIENTED_EDGE('',*,*,#1158,.F.);
#1557=ORIENTED_EDGE('',*,*,#1120,.F.);
#1558=ORIENTED_EDGE('',*,*,#1161,.F.);
#1559=ORIENTED_EDGE('',*,*,#1008,.F.);
#1560=ORIENTED_EDGE('',*,*,#1162,.F.);
#1561=ORIENTED_EDGE('',*,*,#1006,.F.);
#1562=ORIENTED_EDGE('',*,*,#1003,.F.);
#1563=ORIENTED_EDGE('',*,*,#1000,.F.);
#1564=ORIENTED_EDGE('',*,*,#997,.F.);
#1565=ORIENTED_EDGE('',*,*,#994,.F.);
#1566=ORIENTED_EDGE('',*,*,#991,.F.);
#1567=ORIENTED_EDGE('',*,*,#988,.F.);
#1568=ORIENTED_EDGE('',*,*,#1163,.F.);
#1569=ORIENTED_EDGE('',*,*,#986,.F.);
#1570=ORIENTED_EDGE('',*,*,#990,.F.);
#1571=ORIENTED_EDGE('',*,*,#993,.F.);
#1572=ORIENTED_EDGE('',*,*,#996,.F.);
#1573=ORIENTED_EDGE('',*,*,#999,.F.);
#1574=ORIENTED_EDGE('',*,*,#1002,.F.);
#1575=ORIENTED_EDGE('',*,*,#1005,.F.);
#1576=ORIENTED_EDGE('',*,*,#1164,.F.);
#1577=ORIENTED_EDGE('',*,*,#1010,.F.);
#1578=ORIENTED_EDGE('',*,*,#1165,.F.);
#1579=ORIENTED_EDGE('',*,*,#1118,.T.);
#1580=ORIENTED_EDGE('',*,*,#1159,.T.);
#1581=ORIENTED_EDGE('',*,*,#1116,.T.);
#1582=ORIENTED_EDGE('',*,*,#1113,.T.);
#1583=ORIENTED_EDGE('',*,*,#1110,.T.);
#1584=ORIENTED_EDGE('',*,*,#1107,.T.);
#1585=ORIENTED_EDGE('',*,*,#1104,.T.);
#1586=ORIENTED_EDGE('',*,*,#1101,.T.);
#1587=ORIENTED_EDGE('',*,*,#1098,.T.);
#1588=ORIENTED_EDGE('',*,*,#1095,.T.);
#1589=ORIENTED_EDGE('',*,*,#1088,.T.);
#1590=ORIENTED_EDGE('',*,*,#1166,.T.);
#1591=ORIENTED_EDGE('',*,*,#1085,.F.);
#1592=ORIENTED_EDGE('',*,*,#1167,.F.);
#1593=ORIENTED_EDGE('',*,*,#1168,.F.);
#1594=ORIENTED_EDGE('',*,*,#1064,.F.);
#1595=ORIENTED_EDGE('',*,*,#1068,.F.);
#1596=ORIENTED_EDGE('',*,*,#1071,.F.);
#1597=ORIENTED_EDGE('',*,*,#1074,.F.);
#1598=ORIENTED_EDGE('',*,*,#1077,.F.);
#1599=ORIENTED_EDGE('',*,*,#1080,.F.);
#1600=ORIENTED_EDGE('',*,*,#1083,.F.);
#1601=ORIENTED_EDGE('',*,*,#1086,.F.);
#1602=ORIENTED_EDGE('',*,*,#1166,.F.);
#1603=ORIENTED_EDGE('',*,*,#1091,.F.);
#1604=ORIENTED_EDGE('',*,*,#1169,.F.);
#1605=ORIENTED_EDGE('',*,*,#1034,.F.);
#1606=ORIENTED_EDGE('',*,*,#1170,.F.);
#1607=ORIENTED_EDGE('',*,*,#1032,.F.);
#1608=ORIENTED_EDGE('',*,*,#1029,.F.);
#1609=ORIENTED_EDGE('',*,*,#1026,.F.);
#1610=ORIENTED_EDGE('',*,*,#1023,.F.);
#1611=ORIENTED_EDGE('',*,*,#1020,.F.);
#1612=ORIENTED_EDGE('',*,*,#1017,.F.);
#1613=ORIENTED_EDGE('',*,*,#1014,.F.);
#1614=ORIENTED_EDGE('',*,*,#1171,.F.);
#1615=ORIENTED_EDGE('',*,*,#1012,.F.);
#1616=ORIENTED_EDGE('',*,*,#1016,.F.);
#1617=ORIENTED_EDGE('',*,*,#1019,.F.);
#1618=ORIENTED_EDGE('',*,*,#1022,.F.);
#1619=ORIENTED_EDGE('',*,*,#1025,.F.);
#1620=ORIENTED_EDGE('',*,*,#1028,.F.);
#1621=ORIENTED_EDGE('',*,*,#1031,.F.);
#1622=ORIENTED_EDGE('',*,*,#1172,.F.);
#1623=ORIENTED_EDGE('',*,*,#1036,.F.);
#1624=ORIENTED_EDGE('',*,*,#1173,.F.);
#1625=ORIENTED_EDGE('',*,*,#1089,.T.);
#1626=ORIENTED_EDGE('',*,*,#1167,.T.);
#1627=ORIENTED_EDGE('',*,*,#1087,.T.);
#1628=ORIENTED_EDGE('',*,*,#1084,.T.);
#1629=ORIENTED_EDGE('',*,*,#1081,.T.);
#1630=ORIENTED_EDGE('',*,*,#1078,.T.);
#1631=ORIENTED_EDGE('',*,*,#1075,.T.);
#1632=ORIENTED_EDGE('',*,*,#1072,.T.);
#1633=ORIENTED_EDGE('',*,*,#1069,.T.);
#1634=ORIENTED_EDGE('',*,*,#1066,.T.);
#1635=ORIENTED_EDGE('',*,*,#1174,.F.);
#1636=ORIENTED_EDGE('',*,*,#1175,.T.);
#1637=ORIENTED_EDGE('',*,*,#1176,.T.);
#1638=ORIENTED_EDGE('',*,*,#1175,.F.);
#1639=ORIENTED_EDGE('',*,*,#1176,.F.);
#1640=ORIENTED_EDGE('',*,*,#1059,.T.);
#1641=ORIENTED_EDGE('',*,*,#1156,.T.);
#1642=ORIENTED_EDGE('',*,*,#1056,.F.);
#1643=ORIENTED_EDGE('',*,*,#1154,.T.);
#1644=ORIENTED_EDGE('',*,*,#1155,.T.);
#1645=ORIENTED_EDGE('',*,*,#1123,.T.);
#1646=ORIENTED_EDGE('',*,*,#1152,.T.);
#1647=ORIENTED_EDGE('',*,*,#1039,.F.);
#1648=ORIENTED_EDGE('',*,*,#1033,.T.);
#1649=ORIENTED_EDGE('',*,*,#1172,.T.);
#1650=ORIENTED_EDGE('',*,*,#1030,.F.);
#1651=ORIENTED_EDGE('',*,*,#1170,.T.);
#1652=ORIENTED_EDGE('',*,*,#1171,.T.);
#1653=ORIENTED_EDGE('',*,*,#1065,.T.);
#1654=ORIENTED_EDGE('',*,*,#1168,.T.);
#1655=ORIENTED_EDGE('',*,*,#1013,.F.);
#1656=ORIENTED_EDGE('',*,*,#1007,.T.);
#1657=ORIENTED_EDGE('',*,*,#1164,.T.);
#1658=ORIENTED_EDGE('',*,*,#1004,.F.);
#1659=ORIENTED_EDGE('',*,*,#1162,.T.);
#1660=ORIENTED_EDGE('',*,*,#1163,.T.);
#1661=ORIENTED_EDGE('',*,*,#1094,.T.);
#1662=ORIENTED_EDGE('',*,*,#1160,.T.);
#1663=ORIENTED_EDGE('',*,*,#987,.F.);
#1664=ORIENTED_EDGE('',*,*,#1177,.F.);
#1665=ORIENTED_EDGE('',*,*,#1178,.F.);
#1666=ORIENTED_EDGE('',*,*,#1179,.F.);
#1667=ORIENTED_EDGE('',*,*,#1180,.T.);
#1668=ORIENTED_EDGE('',*,*,#1181,.F.);
#1669=ORIENTED_EDGE('',*,*,#1180,.F.);
#1670=ORIENTED_EDGE('',*,*,#1182,.F.);
#1671=ORIENTED_EDGE('',*,*,#1183,.T.);
#1672=ORIENTED_EDGE('',*,*,#1184,.F.);
#1673=ORIENTED_EDGE('',*,*,#1183,.F.);
#1674=ORIENTED_EDGE('',*,*,#1185,.F.);
#1675=ORIENTED_EDGE('',*,*,#1186,.T.);
#1676=ORIENTED_EDGE('',*,*,#1187,.T.);
#1677=ORIENTED_EDGE('',*,*,#1188,.T.);
#1678=ORIENTED_EDGE('',*,*,#1189,.F.);
#1679=ORIENTED_EDGE('',*,*,#1190,.F.);
#1680=ORIENTED_EDGE('',*,*,#1191,.T.);
#1681=ORIENTED_EDGE('',*,*,#1192,.F.);
#1682=ORIENTED_EDGE('',*,*,#1193,.F.);
#1683=ORIENTED_EDGE('',*,*,#1194,.F.);
#1684=ORIENTED_EDGE('',*,*,#1195,.F.);
#1685=ORIENTED_EDGE('',*,*,#1193,.T.);
#1686=ORIENTED_EDGE('',*,*,#1196,.F.);
#1687=ORIENTED_EDGE('',*,*,#1189,.T.);
#1688=ORIENTED_EDGE('',*,*,#1197,.F.);
#1689=ORIENTED_EDGE('',*,*,#1190,.T.);
#1690=ORIENTED_EDGE('',*,*,#1196,.T.);
#1691=ORIENTED_EDGE('',*,*,#1192,.T.);
#1692=ORIENTED_EDGE('',*,*,#1198,.F.);
#1693=ORIENTED_EDGE('',*,*,#1199,.T.);
#1694=ORIENTED_EDGE('',*,*,#1200,.F.);
#1695=ORIENTED_EDGE('',*,*,#1201,.F.);
#1696=ORIENTED_EDGE('',*,*,#1202,.T.);
#1697=ORIENTED_EDGE('',*,*,#1203,.F.);
#1698=ORIENTED_EDGE('',*,*,#1204,.F.);
#1699=ORIENTED_EDGE('',*,*,#1205,.F.);
#1700=ORIENTED_EDGE('',*,*,#1202,.F.);
#1701=ORIENTED_EDGE('',*,*,#1206,.F.);
#1702=ORIENTED_EDGE('',*,*,#1207,.T.);
#1703=ORIENTED_EDGE('',*,*,#1208,.F.);
#1704=ORIENTED_EDGE('',*,*,#1207,.F.);
#1705=ORIENTED_EDGE('',*,*,#1209,.F.);
#1706=ORIENTED_EDGE('',*,*,#1188,.F.);
#1707=ORIENTED_EDGE('',*,*,#1210,.T.);
#1708=ORIENTED_EDGE('',*,*,#1211,.F.);
#1709=ORIENTED_EDGE('',*,*,#1210,.F.);
#1710=ORIENTED_EDGE('',*,*,#1187,.F.);
#1711=ORIENTED_EDGE('',*,*,#1204,.T.);
#1712=ORIENTED_EDGE('',*,*,#1195,.T.);
#1713=ORIENTED_EDGE('',*,*,#1212,.T.);
#1714=ORIENTED_EDGE('',*,*,#1213,.F.);
#1715=ORIENTED_EDGE('',*,*,#1214,.F.);
#1716=ORIENTED_EDGE('',*,*,#1215,.F.);
#1717=ORIENTED_EDGE('',*,*,#1194,.T.);
#1718=ORIENTED_EDGE('',*,*,#1197,.T.);
#1719=ORIENTED_EDGE('',*,*,#1209,.T.);
#1720=ORIENTED_EDGE('',*,*,#1206,.T.);
#1721=ORIENTED_EDGE('',*,*,#1201,.T.);
#1722=ORIENTED_EDGE('',*,*,#1216,.F.);
#1723=ORIENTED_EDGE('',*,*,#1212,.F.);
#1724=ORIENTED_EDGE('',*,*,#1217,.F.);
#1725=ORIENTED_EDGE('',*,*,#1199,.F.);
#1726=ORIENTED_EDGE('',*,*,#1218,.F.);
#1727=ORIENTED_EDGE('',*,*,#1214,.T.);
#1728=ORIENTED_EDGE('',*,*,#1219,.F.);
#1729=ORIENTED_EDGE('',*,*,#1220,.T.);
#1730=ORIENTED_EDGE('',*,*,#1221,.T.);
#1731=ORIENTED_EDGE('',*,*,#1220,.F.);
#1732=ORIENTED_EDGE('',*,*,#1221,.F.);
#1733=ORIENTED_EDGE('',*,*,#1222,.F.);
#1734=ORIENTED_EDGE('',*,*,#1223,.T.);
#1735=ORIENTED_EDGE('',*,*,#1224,.T.);
#1736=ORIENTED_EDGE('',*,*,#1223,.F.);
#1737=ORIENTED_EDGE('',*,*,#1224,.F.);
#1738=ORIENTED_EDGE('',*,*,#1225,.F.);
#1739=ORIENTED_EDGE('',*,*,#1226,.T.);
#1740=ORIENTED_EDGE('',*,*,#1227,.T.);
#1741=ORIENTED_EDGE('',*,*,#1226,.F.);
#1742=ORIENTED_EDGE('',*,*,#1227,.F.);
#1743=ORIENTED_EDGE('',*,*,#1228,.F.);
#1744=ORIENTED_EDGE('',*,*,#1229,.T.);
#1745=ORIENTED_EDGE('',*,*,#1230,.T.);
#1746=ORIENTED_EDGE('',*,*,#1229,.F.);
#1747=ORIENTED_EDGE('',*,*,#1230,.F.);
#1748=ORIENTED_EDGE('',*,*,#1231,.F.);
#1749=ORIENTED_EDGE('',*,*,#1232,.F.);
#1750=ORIENTED_EDGE('',*,*,#1233,.F.);
#1751=ORIENTED_EDGE('',*,*,#1234,.F.);
#1752=ORIENTED_EDGE('',*,*,#1235,.T.);
#1753=ORIENTED_EDGE('',*,*,#1236,.T.);
#1754=ORIENTED_EDGE('',*,*,#1237,.T.);
#1755=ORIENTED_EDGE('',*,*,#1238,.T.);
#1756=ORIENTED_EDGE('',*,*,#1239,.F.);
#1757=ORIENTED_EDGE('',*,*,#1240,.T.);
#1758=ORIENTED_EDGE('',*,*,#1241,.T.);
#1759=ORIENTED_EDGE('',*,*,#1242,.F.);
#1760=ORIENTED_EDGE('',*,*,#1243,.F.);
#1761=ORIENTED_EDGE('',*,*,#1244,.F.);
#1762=ORIENTED_EDGE('',*,*,#1245,.F.);
#1763=ORIENTED_EDGE('',*,*,#1242,.T.);
#1764=ORIENTED_EDGE('',*,*,#1246,.T.);
#1765=ORIENTED_EDGE('',*,*,#1247,.F.);
#1766=ORIENTED_EDGE('',*,*,#1248,.F.);
#1767=ORIENTED_EDGE('',*,*,#1249,.T.);
#1768=ORIENTED_EDGE('',*,*,#1250,.T.);
#1769=ORIENTED_EDGE('',*,*,#1240,.F.);
#1770=ORIENTED_EDGE('',*,*,#1251,.F.);
#1771=ORIENTED_EDGE('',*,*,#1252,.F.);
#1772=ORIENTED_EDGE('',*,*,#1253,.F.);
#1773=ORIENTED_EDGE('',*,*,#1247,.T.);
#1774=ORIENTED_EDGE('',*,*,#1254,.T.);
#1775=ORIENTED_EDGE('',*,*,#1249,.F.);
#1776=ORIENTED_EDGE('',*,*,#1254,.F.);
#1777=ORIENTED_EDGE('',*,*,#1246,.F.);
#1778=ORIENTED_EDGE('',*,*,#1241,.F.);
#1779=ORIENTED_EDGE('',*,*,#1250,.F.);
#1780=ORIENTED_EDGE('',*,*,#1255,.F.);
#1781=ORIENTED_EDGE('',*,*,#1256,.T.);
#1782=ORIENTED_EDGE('',*,*,#1257,.F.);
#1783=ORIENTED_EDGE('',*,*,#1258,.F.);
#1784=ORIENTED_EDGE('',*,*,#1198,.T.);
#1785=ORIENTED_EDGE('',*,*,#1191,.F.);
#1786=ORIENTED_EDGE('',*,*,#1215,.T.);
#1787=ORIENTED_EDGE('',*,*,#1218,.T.);
#1788=ORIENTED_EDGE('',*,*,#1243,.T.);
#1789=ORIENTED_EDGE('',*,*,#1245,.T.);
#1790=ORIENTED_EDGE('',*,*,#1253,.T.);
#1791=ORIENTED_EDGE('',*,*,#1259,.T.);
#1792=ORIENTED_EDGE('',*,*,#1260,.T.);
#1793=ORIENTED_EDGE('',*,*,#1261,.T.);
#1794=ORIENTED_EDGE('',*,*,#1262,.T.);
#1795=ORIENTED_EDGE('',*,*,#1263,.T.);
#1796=ORIENTED_EDGE('',*,*,#1252,.T.);
#1797=ORIENTED_EDGE('',*,*,#1264,.T.);
#1798=ORIENTED_EDGE('',*,*,#1265,.F.);
#1799=ORIENTED_EDGE('',*,*,#1259,.F.);
#1800=ORIENTED_EDGE('',*,*,#1244,.T.);
#1801=ORIENTED_EDGE('',*,*,#1263,.F.);
#1802=ORIENTED_EDGE('',*,*,#1266,.T.);
#1803=ORIENTED_EDGE('',*,*,#1267,.T.);
#1804=ORIENTED_EDGE('',*,*,#1260,.F.);
#1805=ORIENTED_EDGE('',*,*,#1265,.T.);
#1806=ORIENTED_EDGE('',*,*,#1268,.T.);
#1807=ORIENTED_EDGE('',*,*,#1269,.F.);
#1808=ORIENTED_EDGE('',*,*,#1208,.T.);
#1809=ORIENTED_EDGE('',*,*,#1211,.T.);
#1810=ORIENTED_EDGE('',*,*,#1203,.T.);
#1811=ORIENTED_EDGE('',*,*,#1205,.T.);
#1812=ORIENTED_EDGE('',*,*,#1179,.T.);
#1813=ORIENTED_EDGE('',*,*,#1270,.T.);
#1814=ORIENTED_EDGE('',*,*,#1266,.F.);
#1815=ORIENTED_EDGE('',*,*,#1262,.F.);
#1816=ORIENTED_EDGE('',*,*,#1271,.T.);
#1817=ORIENTED_EDGE('',*,*,#1272,.T.);
#1818=ORIENTED_EDGE('',*,*,#1185,.T.);
#1819=ORIENTED_EDGE('',*,*,#1182,.T.);
#1820=ORIENTED_EDGE('',*,*,#1261,.F.);
#1821=ORIENTED_EDGE('',*,*,#1269,.T.);
#1822=ORIENTED_EDGE('',*,*,#1273,.T.);
#1823=ORIENTED_EDGE('',*,*,#1271,.F.);
#1824=ORIENTED_EDGE('',*,*,#1239,.T.);
#1825=ORIENTED_EDGE('',*,*,#1267,.F.);
#1826=ORIENTED_EDGE('',*,*,#1270,.F.);
#1827=ORIENTED_EDGE('',*,*,#1178,.T.);
#1828=ORIENTED_EDGE('',*,*,#1274,.F.);
#1829=ORIENTED_EDGE('',*,*,#1186,.F.);
#1830=ORIENTED_EDGE('',*,*,#1272,.F.);
#1831=ORIENTED_EDGE('',*,*,#1273,.F.);
#1832=ORIENTED_EDGE('',*,*,#1268,.F.);
#1833=ORIENTED_EDGE('',*,*,#1264,.F.);
#1834=ORIENTED_EDGE('',*,*,#1251,.T.);
#1835=ORIENTED_EDGE('',*,*,#1248,.T.);
#1836=ORIENTED_EDGE('',*,*,#1157,.T.);
#1837=ORIENTED_EDGE('',*,*,#1061,.T.);
#1838=ORIENTED_EDGE('',*,*,#1153,.T.);
#1839=ORIENTED_EDGE('',*,*,#1148,.T.);
#1840=ORIENTED_EDGE('',*,*,#1165,.T.);
#1841=ORIENTED_EDGE('',*,*,#1009,.T.);
#1842=ORIENTED_EDGE('',*,*,#1161,.T.);
#1843=ORIENTED_EDGE('',*,*,#1119,.T.);
#1844=ORIENTED_EDGE('',*,*,#1173,.T.);
#1845=ORIENTED_EDGE('',*,*,#1035,.T.);
#1846=ORIENTED_EDGE('',*,*,#1169,.T.);
#1847=ORIENTED_EDGE('',*,*,#1090,.T.);
#1848=ORIENTED_EDGE('',*,*,#1174,.T.);
#1849=ORIENTED_EDGE('',*,*,#1275,.F.);
#1850=ORIENTED_EDGE('',*,*,#1276,.T.);
#1851=ORIENTED_EDGE('',*,*,#1277,.T.);
#1852=ORIENTED_EDGE('',*,*,#1233,.T.);
#1853=ORIENTED_EDGE('',*,*,#1278,.F.);
#1854=ORIENTED_EDGE('',*,*,#1279,.T.);
#1855=ORIENTED_EDGE('',*,*,#1257,.T.);
#1856=ORIENTED_EDGE('',*,*,#1280,.T.);
#1857=ORIENTED_EDGE('',*,*,#1281,.T.);
#1858=ORIENTED_EDGE('',*,*,#1237,.F.);
#1859=ORIENTED_EDGE('',*,*,#1282,.F.);
#1860=ORIENTED_EDGE('',*,*,#1283,.T.);
#1861=ORIENTED_EDGE('',*,*,#1275,.T.);
#1862=ORIENTED_EDGE('',*,*,#1232,.T.);
#1863=ORIENTED_EDGE('',*,*,#1284,.T.);
#1864=ORIENTED_EDGE('',*,*,#1234,.T.);
#1865=ORIENTED_EDGE('',*,*,#1277,.F.);
#1866=ORIENTED_EDGE('',*,*,#1285,.F.);
#1867=ORIENTED_EDGE('',*,*,#1286,.T.);
#1868=ORIENTED_EDGE('',*,*,#1285,.T.);
#1869=ORIENTED_EDGE('',*,*,#1276,.F.);
#1870=ORIENTED_EDGE('',*,*,#1283,.F.);
#1871=ORIENTED_EDGE('',*,*,#1200,.T.);
#1872=ORIENTED_EDGE('',*,*,#1217,.T.);
#1873=ORIENTED_EDGE('',*,*,#1213,.T.);
#1874=ORIENTED_EDGE('',*,*,#1216,.T.);
#1875=ORIENTED_EDGE('',*,*,#1287,.F.);
#1876=ORIENTED_EDGE('',*,*,#1288,.T.);
#1877=ORIENTED_EDGE('',*,*,#1278,.T.);
#1878=ORIENTED_EDGE('',*,*,#1236,.F.);
#1879=ORIENTED_EDGE('',*,*,#1289,.F.);
#1880=ORIENTED_EDGE('',*,*,#1238,.F.);
#1881=ORIENTED_EDGE('',*,*,#1281,.F.);
#1882=ORIENTED_EDGE('',*,*,#1290,.F.);
#1883=ORIENTED_EDGE('',*,*,#1291,.T.);
#1884=ORIENTED_EDGE('',*,*,#1290,.T.);
#1885=ORIENTED_EDGE('',*,*,#1280,.F.);
#1886=ORIENTED_EDGE('',*,*,#1256,.F.);
#1887=ORIENTED_EDGE('',*,*,#1181,.T.);
#1888=ORIENTED_EDGE('',*,*,#1184,.T.);
#1889=ORIENTED_EDGE('',*,*,#1274,.T.);
#1890=ORIENTED_EDGE('',*,*,#1177,.T.);
#1891=ORIENTED_EDGE('',*,*,#1292,.T.);
#1892=ORIENTED_EDGE('',*,*,#1258,.T.);
#1893=ORIENTED_EDGE('',*,*,#1279,.F.);
#1894=ORIENTED_EDGE('',*,*,#1288,.F.);
#1895=ORIENTED_EDGE('',*,*,#1292,.F.);
#1896=ORIENTED_EDGE('',*,*,#1287,.T.);
#1897=ORIENTED_EDGE('',*,*,#1235,.F.);
#1898=ORIENTED_EDGE('',*,*,#1289,.T.);
#1899=ORIENTED_EDGE('',*,*,#1291,.F.);
#1900=ORIENTED_EDGE('',*,*,#1255,.T.);
#1901=ORIENTED_EDGE('',*,*,#1219,.T.);
#1902=ORIENTED_EDGE('',*,*,#1222,.T.);
#1903=ORIENTED_EDGE('',*,*,#1225,.T.);
#1904=ORIENTED_EDGE('',*,*,#1228,.T.);
#1905=ORIENTED_EDGE('',*,*,#1284,.F.);
#1906=ORIENTED_EDGE('',*,*,#1286,.F.);
#1907=ORIENTED_EDGE('',*,*,#1282,.T.);
#1908=ORIENTED_EDGE('',*,*,#1231,.T.);
#1909=CYLINDRICAL_SURFACE('',#2088,1.465);
#1910=CYLINDRICAL_SURFACE('',#2090,1.465);
#1911=CYLINDRICAL_SURFACE('',#2091,1.465);
#1912=CYLINDRICAL_SURFACE('',#2092,1.465);
#1913=CYLINDRICAL_SURFACE('',#2093,1.465);
#1914=CYLINDRICAL_SURFACE('',#2094,1.465);
#1915=CYLINDRICAL_SURFACE('',#2095,1.465);
#1916=CYLINDRICAL_SURFACE('',#2096,1.465);
#1917=CYLINDRICAL_SURFACE('',#2098,1.465);
#1918=CYLINDRICAL_SURFACE('',#2100,1.465);
#1919=CYLINDRICAL_SURFACE('',#2101,1.465);
#1920=CYLINDRICAL_SURFACE('',#2102,1.465);
#1921=CYLINDRICAL_SURFACE('',#2103,1.465);
#1922=CYLINDRICAL_SURFACE('',#2104,1.465);
#1923=CYLINDRICAL_SURFACE('',#2105,1.465);
#1924=CYLINDRICAL_SURFACE('',#2106,1.465);
#1925=CYLINDRICAL_SURFACE('',#2108,1.465);
#1926=CYLINDRICAL_SURFACE('',#2110,1.465);
#1927=CYLINDRICAL_SURFACE('',#2111,1.465);
#1928=CYLINDRICAL_SURFACE('',#2112,1.465);
#1929=CYLINDRICAL_SURFACE('',#2113,1.465);
#1930=CYLINDRICAL_SURFACE('',#2114,1.465);
#1931=CYLINDRICAL_SURFACE('',#2115,1.465);
#1932=CYLINDRICAL_SURFACE('',#2116,1.465);
#1933=CYLINDRICAL_SURFACE('',#2118,1.79975);
#1934=CYLINDRICAL_SURFACE('',#2120,1.79975);
#1935=CYLINDRICAL_SURFACE('',#2121,1.79975);
#1936=CYLINDRICAL_SURFACE('',#2122,1.79975);
#1937=CYLINDRICAL_SURFACE('',#2123,1.79975);
#1938=CYLINDRICAL_SURFACE('',#2124,1.79975);
#1939=CYLINDRICAL_SURFACE('',#2125,1.79975);
#1940=CYLINDRICAL_SURFACE('',#2126,1.79975);
#1941=CYLINDRICAL_SURFACE('',#2127,1.79975);
#1942=CYLINDRICAL_SURFACE('',#2129,1.79975);
#1943=CYLINDRICAL_SURFACE('',#2131,1.79975);
#1944=CYLINDRICAL_SURFACE('',#2132,1.79975);
#1945=CYLINDRICAL_SURFACE('',#2133,1.79975);
#1946=CYLINDRICAL_SURFACE('',#2134,1.79975);
#1947=CYLINDRICAL_SURFACE('',#2135,1.79975);
#1948=CYLINDRICAL_SURFACE('',#2136,1.79975);
#1949=CYLINDRICAL_SURFACE('',#2137,1.79975);
#1950=CYLINDRICAL_SURFACE('',#2138,1.79975);
#1951=CYLINDRICAL_SURFACE('',#2140,1.79975);
#1952=CYLINDRICAL_SURFACE('',#2142,1.79975);
#1953=CYLINDRICAL_SURFACE('',#2143,1.79975);
#1954=CYLINDRICAL_SURFACE('',#2144,1.79975);
#1955=CYLINDRICAL_SURFACE('',#2145,1.79975);
#1956=CYLINDRICAL_SURFACE('',#2146,1.79975);
#1957=CYLINDRICAL_SURFACE('',#2147,1.79975);
#1958=CYLINDRICAL_SURFACE('',#2148,1.79975);
#1959=CYLINDRICAL_SURFACE('',#2149,1.79975);
#1960=CYLINDRICAL_SURFACE('',#2151,1.79975);
#1961=CYLINDRICAL_SURFACE('',#2152,1.79975);
#1962=CYLINDRICAL_SURFACE('',#2153,1.79975);
#1963=CYLINDRICAL_SURFACE('',#2154,1.465);
#1964=CYLINDRICAL_SURFACE('',#2158,1.465);
#1965=CYLINDRICAL_SURFACE('',#2160,1.465);
#1966=CYLINDRICAL_SURFACE('',#2162,1.465);
#1967=CYLINDRICAL_SURFACE('',#2179,8.3);
#1968=CYLINDRICAL_SURFACE('',#2183,8.3);
#1969=CYLINDRICAL_SURFACE('',#2187,8.3);
#1970=CYLINDRICAL_SURFACE('',#2191,8.3);
#1971=CYLINDRICAL_SURFACE('',#2218,25.);
#1972=CYLINDRICAL_SURFACE('',#2220,25.);
#1973=ADVANCED_FACE('',(#78),#1909,.F.);
#1974=ADVANCED_FACE('',(#79),#1910,.F.);
#1975=ADVANCED_FACE('',(#80),#1911,.F.);
#1976=ADVANCED_FACE('',(#81),#1912,.F.);
#1977=ADVANCED_FACE('',(#82),#1913,.F.);
#1978=ADVANCED_FACE('',(#83),#1914,.F.);
#1979=ADVANCED_FACE('',(#84),#1915,.F.);
#1980=ADVANCED_FACE('',(#85),#1916,.F.);
#1981=ADVANCED_FACE('',(#86),#1917,.F.);
#1982=ADVANCED_FACE('',(#87),#1918,.F.);
#1983=ADVANCED_FACE('',(#88),#1919,.F.);
#1984=ADVANCED_FACE('',(#89),#1920,.F.);
#1985=ADVANCED_FACE('',(#90),#1921,.F.);
#1986=ADVANCED_FACE('',(#91),#1922,.F.);
#1987=ADVANCED_FACE('',(#92),#1923,.F.);
#1988=ADVANCED_FACE('',(#93),#1924,.F.);
#1989=ADVANCED_FACE('',(#94),#1925,.F.);
#1990=ADVANCED_FACE('',(#95),#1926,.F.);
#1991=ADVANCED_FACE('',(#96),#1927,.F.);
#1992=ADVANCED_FACE('',(#97),#1928,.F.);
#1993=ADVANCED_FACE('',(#98),#1929,.F.);
#1994=ADVANCED_FACE('',(#99),#1930,.F.);
#1995=ADVANCED_FACE('',(#100),#1931,.F.);
#1996=ADVANCED_FACE('',(#101),#1932,.F.);
#1997=ADVANCED_FACE('',(#102),#1933,.F.);
#1998=ADVANCED_FACE('',(#103),#1934,.F.);
#1999=ADVANCED_FACE('',(#104),#1935,.F.);
#2000=ADVANCED_FACE('',(#105),#1936,.F.);
#2001=ADVANCED_FACE('',(#106),#1937,.F.);
#2002=ADVANCED_FACE('',(#107),#1938,.F.);
#2003=ADVANCED_FACE('',(#108),#1939,.F.);
#2004=ADVANCED_FACE('',(#109),#1940,.F.);
#2005=ADVANCED_FACE('',(#110),#1941,.F.);
#2006=ADVANCED_FACE('',(#111),#1942,.F.);
#2007=ADVANCED_FACE('',(#112),#1943,.F.);
#2008=ADVANCED_FACE('',(#113),#1944,.F.);
#2009=ADVANCED_FACE('',(#114),#1945,.F.);
#2010=ADVANCED_FACE('',(#115),#1946,.F.);
#2011=ADVANCED_FACE('',(#116),#1947,.F.);
#2012=ADVANCED_FACE('',(#117),#1948,.F.);
#2013=ADVANCED_FACE('',(#118),#1949,.F.);
#2014=ADVANCED_FACE('',(#119),#1950,.F.);
#2015=ADVANCED_FACE('',(#120),#1951,.F.);
#2016=ADVANCED_FACE('',(#121),#1952,.F.);
#2017=ADVANCED_FACE('',(#122),#1953,.F.);
#2018=ADVANCED_FACE('',(#123),#1954,.F.);
#2019=ADVANCED_FACE('',(#124),#1955,.F.);
#2020=ADVANCED_FACE('',(#125),#1956,.F.);
#2021=ADVANCED_FACE('',(#126),#1957,.F.);
#2022=ADVANCED_FACE('',(#127),#1958,.F.);
#2023=ADVANCED_FACE('',(#128),#1959,.F.);
#2024=ADVANCED_FACE('',(#129),#1960,.F.);
#2025=ADVANCED_FACE('',(#130),#72,.F.);
#2026=ADVANCED_FACE('',(#131),#73,.F.);
#2027=ADVANCED_FACE('',(#132),#1961,.F.);
#2028=ADVANCED_FACE('',(#133),#74,.F.);
#2029=ADVANCED_FACE('',(#134),#75,.F.);
#2030=ADVANCED_FACE('',(#135),#1962,.F.);
#2031=ADVANCED_FACE('',(#136),#76,.F.);
#2032=ADVANCED_FACE('',(#137),#77,.F.);
#2033=ADVANCED_FACE('',(#138),#1963,.F.);
#2034=ADVANCED_FACE('',(#139),#29,.T.);
#2035=ADVANCED_FACE('',(#140),#1964,.F.);
#2036=ADVANCED_FACE('',(#141),#30,.T.);
#2037=ADVANCED_FACE('',(#142),#1965,.F.);
#2038=ADVANCED_FACE('',(#143),#31,.T.);
#2039=ADVANCED_FACE('',(#144),#1966,.F.);
#2040=ADVANCED_FACE('',(#145),#32,.T.);
#2041=ADVANCED_FACE('',(#146),#33,.F.);
#2042=ADVANCED_FACE('',(#147),#34,.F.);
#2043=ADVANCED_FACE('',(#148),#35,.F.);
#2044=ADVANCED_FACE('',(#149),#36,.T.);
#2045=ADVANCED_FACE('',(#150),#37,.T.);
#2046=ADVANCED_FACE('',(#151),#38,.T.);
#2047=ADVANCED_FACE('',(#152),#39,.F.);
#2048=ADVANCED_FACE('',(#153),#40,.F.);
#2049=ADVANCED_FACE('',(#154),#41,.F.);
#2050=ADVANCED_FACE('',(#155),#42,.F.);
#2051=ADVANCED_FACE('',(#156),#43,.F.);
#2052=ADVANCED_FACE('',(#157),#44,.F.);
#2053=ADVANCED_FACE('',(#158),#45,.F.);
#2054=ADVANCED_FACE('',(#159),#1967,.F.);
#2055=ADVANCED_FACE('',(#160),#46,.T.);
#2056=ADVANCED_FACE('',(#161),#1968,.F.);
#2057=ADVANCED_FACE('',(#162),#47,.T.);
#2058=ADVANCED_FACE('',(#163),#1969,.F.);
#2059=ADVANCED_FACE('',(#164),#48,.T.);
#2060=ADVANCED_FACE('',(#165),#1970,.F.);
#2061=ADVANCED_FACE('',(#166),#49,.T.);
#2062=ADVANCED_FACE('',(#167),#50,.F.);
#2063=ADVANCED_FACE('',(#168),#51,.T.);
#2064=ADVANCED_FACE('',(#169),#52,.F.);
#2065=ADVANCED_FACE('',(#170),#53,.F.);
#2066=ADVANCED_FACE('',(#171),#54,.F.);
#2067=ADVANCED_FACE('',(#172),#55,.F.);
#2068=ADVANCED_FACE('',(#173),#56,.F.);
#2069=ADVANCED_FACE('',(#174,#15,#16),#57,.T.);
#2070=ADVANCED_FACE('',(#175),#58,.F.);
#2071=ADVANCED_FACE('',(#176),#59,.F.);
#2072=ADVANCED_FACE('',(#177,#17),#60,.F.);
#2073=ADVANCED_FACE('',(#178),#61,.F.);
#2074=ADVANCED_FACE('',(#179),#62,.F.);
#2075=ADVANCED_FACE('',(#180,#18,#19,#20,#21),#63,.F.);
#2076=ADVANCED_FACE('',(#181),#64,.F.);
#2077=ADVANCED_FACE('',(#182),#65,.T.);
#2078=ADVANCED_FACE('',(#183),#66,.T.);
#2079=ADVANCED_FACE('',(#184),#67,.T.);
#2080=ADVANCED_FACE('',(#185,#22),#68,.T.);
#2081=ADVANCED_FACE('',(#186),#69,.T.);
#2082=ADVANCED_FACE('',(#187),#70,.T.);
#2083=ADVANCED_FACE('',(#188,#23),#1971,.T.);
#2084=ADVANCED_FACE('',(#189),#1972,.T.);
#2085=ADVANCED_FACE('',(#190,#24,#25,#26,#27,#28),#71,.F.);
#2086=CLOSED_SHELL('',(#1973,#1974,#1975,#1976,#1977,#1978,#1979,#1980,
#1981,#1982,#1983,#1984,#1985,#1986,#1987,#1988,#1989,#1990,#1991,#1992,
#1993,#1994,#1995,#1996,#1997,#1998,#1999,#2000,#2001,#2002,#2003,#2004,
#2005,#2006,#2007,#2008,#2009,#2010,#2011,#2012,#2013,#2014,#2015,#2016,
#2017,#2018,#2019,#2020,#2021,#2022,#2023,#2024,#2025,#2026,#2027,#2028,
#2029,#2030,#2031,#2032,#2033,#2034,#2035,#2036,#2037,#2038,#2039,#2040,
#2041,#2042,#2043,#2044,#2045,#2046,#2047,#2048,#2049,#2050,#2051,#2052,
#2053,#2054,#2055,#2056,#2057,#2058,#2059,#2060,#2061,#2062,#2063,#2064,
#2065,#2066,#2067,#2068,#2069,#2070,#2071,#2072,#2073,#2074,#2075,#2076,
#2077,#2078,#2079,#2080,#2081,#2082,#2083,#2084,#2085));
#2087=AXIS2_PLACEMENT_3D('',#2649,#2223,#2224);
#2088=AXIS2_PLACEMENT_3D('',#2650,#2225,#2226);
#2089=AXIS2_PLACEMENT_3D('',#2666,#2228,#2229);
#2090=AXIS2_PLACEMENT_3D('',#2683,#2230,#2231);
#2091=AXIS2_PLACEMENT_3D('',#2734,#2233,#2234);
#2092=AXIS2_PLACEMENT_3D('',#2785,#2236,#2237);
#2093=AXIS2_PLACEMENT_3D('',#2833,#2239,#2240);
#2094=AXIS2_PLACEMENT_3D('',#2887,#2242,#2243);
#2095=AXIS2_PLACEMENT_3D('',#2935,#2245,#2246);
#2096=AXIS2_PLACEMENT_3D('',#2983,#2248,#2249);
#2097=AXIS2_PLACEMENT_3D('',#3002,#2251,#2252);
#2098=AXIS2_PLACEMENT_3D('',#3022,#2253,#2254);
#2099=AXIS2_PLACEMENT_3D('',#3038,#2256,#2257);
#2100=AXIS2_PLACEMENT_3D('',#3055,#2258,#2259);
#2101=AXIS2_PLACEMENT_3D('',#3106,#2261,#2262);
#2102=AXIS2_PLACEMENT_3D('',#3157,#2264,#2265);
#2103=AXIS2_PLACEMENT_3D('',#3205,#2267,#2268);
#2104=AXIS2_PLACEMENT_3D('',#3259,#2270,#2271);
#2105=AXIS2_PLACEMENT_3D('',#3307,#2273,#2274);
#2106=AXIS2_PLACEMENT_3D('',#3355,#2276,#2277);
#2107=AXIS2_PLACEMENT_3D('',#3374,#2279,#2280);
#2108=AXIS2_PLACEMENT_3D('',#3394,#2281,#2282);
#2109=AXIS2_PLACEMENT_3D('',#3410,#2284,#2285);
#2110=AXIS2_PLACEMENT_3D('',#3427,#2286,#2287);
#2111=AXIS2_PLACEMENT_3D('',#3478,#2289,#2290);
#2112=AXIS2_PLACEMENT_3D('',#3529,#2292,#2293);
#2113=AXIS2_PLACEMENT_3D('',#3577,#2295,#2296);
#2114=AXIS2_PLACEMENT_3D('',#3631,#2298,#2299);
#2115=AXIS2_PLACEMENT_3D('',#3679,#2301,#2302);
#2116=AXIS2_PLACEMENT_3D('',#3727,#2304,#2305);
#2117=AXIS2_PLACEMENT_3D('',#3746,#2307,#2308);
#2118=AXIS2_PLACEMENT_3D('',#3766,#2309,#2310);
#2119=AXIS2_PLACEMENT_3D('',#3776,#2312,#2313);
#2120=AXIS2_PLACEMENT_3D('',#3781,#2314,#2315);
#2121=AXIS2_PLACEMENT_3D('',#3806,#2317,#2318);
#2122=AXIS2_PLACEMENT_3D('',#3830,#2320,#2321);
#2123=AXIS2_PLACEMENT_3D('',#3855,#2323,#2324);
#2124=AXIS2_PLACEMENT_3D('',#3880,#2326,#2327);
#2125=AXIS2_PLACEMENT_3D('',#3905,#2329,#2330);
#2126=AXIS2_PLACEMENT_3D('',#3929,#2332,#2333);
#2127=AXIS2_PLACEMENT_3D('',#3954,#2335,#2336);
#2128=AXIS2_PLACEMENT_3D('',#3965,#2338,#2339);
#2129=AXIS2_PLACEMENT_3D('',#3971,#2340,#2341);
#2130=AXIS2_PLACEMENT_3D('',#3981,#2343,#2344);
#2131=AXIS2_PLACEMENT_3D('',#3986,#2345,#2346);
#2132=AXIS2_PLACEMENT_3D('',#4011,#2348,#2349);
#2133=AXIS2_PLACEMENT_3D('',#4035,#2351,#2352);
#2134=AXIS2_PLACEMENT_3D('',#4060,#2354,#2355);
#2135=AXIS2_PLACEMENT_3D('',#4085,#2357,#2358);
#2136=AXIS2_PLACEMENT_3D('',#4110,#2360,#2361);
#2137=AXIS2_PLACEMENT_3D('',#4134,#2363,#2364);
#2138=AXIS2_PLACEMENT_3D('',#4159,#2366,#2367);
#2139=AXIS2_PLACEMENT_3D('',#4170,#2369,#2370);
#2140=AXIS2_PLACEMENT_3D('',#4176,#2371,#2372);
#2141=AXIS2_PLACEMENT_3D('',#4186,#2374,#2375);
#2142=AXIS2_PLACEMENT_3D('',#4191,#2376,#2377);
#2143=AXIS2_PLACEMENT_3D('',#4216,#2379,#2380);
#2144=AXIS2_PLACEMENT_3D('',#4240,#2382,#2383);
#2145=AXIS2_PLACEMENT_3D('',#4265,#2385,#2386);
#2146=AXIS2_PLACEMENT_3D('',#4290,#2388,#2389);
#2147=AXIS2_PLACEMENT_3D('',#4315,#2391,#2392);
#2148=AXIS2_PLACEMENT_3D('',#4339,#2394,#2395);
#2149=AXIS2_PLACEMENT_3D('',#4364,#2397,#2398);
#2150=AXIS2_PLACEMENT_3D('',#4375,#2400,#2401);
#2151=AXIS2_PLACEMENT_3D('',#4381,#2402,#2403);
#2152=AXIS2_PLACEMENT_3D('',#5239,#2404,#2405);
#2153=AXIS2_PLACEMENT_3D('',#6097,#2406,#2407);
#2154=AXIS2_PLACEMENT_3D('',#6955,#2408,#2409);
#2155=AXIS2_PLACEMENT_3D('',#6957,#2410,#2411);
#2156=AXIS2_PLACEMENT_3D('',#6960,#2413,#2414);
#2157=AXIS2_PLACEMENT_3D('',#6961,#2415,#2416);
#2158=AXIS2_PLACEMENT_3D('',#6962,#2417,#2418);
#2159=AXIS2_PLACEMENT_3D('',#6963,#2419,#2420);
#2160=AXIS2_PLACEMENT_3D('',#6964,#2421,#2422);
#2161=AXIS2_PLACEMENT_3D('',#6965,#2423,#2424);
#2162=AXIS2_PLACEMENT_3D('',#6966,#2425,#2426);
#2163=AXIS2_PLACEMENT_3D('',#6967,#2427,#2428);
#2164=AXIS2_PLACEMENT_3D('',#6968,#2429,#2430);
#2165=AXIS2_PLACEMENT_3D('',#6971,#2431,#2432);
#2166=AXIS2_PLACEMENT_3D('',#6977,#2436,#2437);
#2167=AXIS2_PLACEMENT_3D('',#6983,#2441,#2442);
#2168=AXIS2_PLACEMENT_3D('',#6985,#2443,#2444);
#2169=AXIS2_PLACEMENT_3D('',#6989,#2447,#2448);
#2170=AXIS2_PLACEMENT_3D('',#6998,#2453,#2454);
#2171=AXIS2_PLACEMENT_3D('',#7007,#2459,#2460);
#2172=AXIS2_PLACEMENT_3D('',#7012,#2464,#2465);
#2173=AXIS2_PLACEMENT_3D('',#7026,#2473,#2474);
#2174=AXIS2_PLACEMENT_3D('',#7032,#2478,#2479);
#2175=AXIS2_PLACEMENT_3D('',#7037,#2483,#2484);
#2176=AXIS2_PLACEMENT_3D('',#7039,#2486,#2487);
#2177=AXIS2_PLACEMENT_3D('',#7047,#2492,#2493);
#2178=AXIS2_PLACEMENT_3D('',#7049,#2495,#2496);
#2179=AXIS2_PLACEMENT_3D('',#7052,#2499,#2500);
#2180=AXIS2_PLACEMENT_3D('',#7054,#2501,#2502);
#2181=AXIS2_PLACEMENT_3D('',#7057,#2504,#2505);
#2182=AXIS2_PLACEMENT_3D('',#7058,#2506,#2507);
#2183=AXIS2_PLACEMENT_3D('',#7059,#2508,#2509);
#2184=AXIS2_PLACEMENT_3D('',#7061,#2510,#2511);
#2185=AXIS2_PLACEMENT_3D('',#7064,#2513,#2514);
#2186=AXIS2_PLACEMENT_3D('',#7065,#2515,#2516);
#2187=AXIS2_PLACEMENT_3D('',#7066,#2517,#2518);
#2188=AXIS2_PLACEMENT_3D('',#7068,#2519,#2520);
#2189=AXIS2_PLACEMENT_3D('',#7071,#2522,#2523);
#2190=AXIS2_PLACEMENT_3D('',#7072,#2524,#2525);
#2191=AXIS2_PLACEMENT_3D('',#7073,#2526,#2527);
#2192=AXIS2_PLACEMENT_3D('',#7075,#2528,#2529);
#2193=AXIS2_PLACEMENT_3D('',#7078,#2531,#2532);
#2194=AXIS2_PLACEMENT_3D('',#7079,#2533,#2534);
#2195=AXIS2_PLACEMENT_3D('',#7080,#2535,#2536);
#2196=AXIS2_PLACEMENT_3D('',#7089,#2541,#2542);
#2197=AXIS2_PLACEMENT_3D('',#7098,#2547,#2548);
#2198=AXIS2_PLACEMENT_3D('',#7111,#2555,#2556);
#2199=AXIS2_PLACEMENT_3D('',#7117,#2560,#2561);
#2200=AXIS2_PLACEMENT_3D('',#7123,#2565,#2566);
#2201=AXIS2_PLACEMENT_3D('',#7130,#2571,#2572);
#2202=AXIS2_PLACEMENT_3D('',#7131,#2573,#2574);
#2203=AXIS2_PLACEMENT_3D('',#7149,#2584,#2585);
#2204=AXIS2_PLACEMENT_3D('',#7153,#2588,#2589);
#2205=AXIS2_PLACEMENT_3D('',#7157,#2592,#2593);
#2206=AXIS2_PLACEMENT_3D('',#7161,#2596,#2597);
#2207=AXIS2_PLACEMENT_3D('',#7166,#2601,#2602);
#2208=AXIS2_PLACEMENT_3D('',#7168,#2604,#2605);
#2209=AXIS2_PLACEMENT_3D('',#7170,#2607,#2608);
#2210=AXIS2_PLACEMENT_3D('',#7176,#2612,#2613);
#2211=AXIS2_PLACEMENT_3D('',#7179,#2615,#2616);
#2212=AXIS2_PLACEMENT_3D('',#7181,#2617,#2618);
#2213=AXIS2_PLACEMENT_3D('',#7183,#2620,#2621);
#2214=AXIS2_PLACEMENT_3D('',#7187,#2624,#2625);
#2215=AXIS2_PLACEMENT_3D('',#7191,#2628,#2629);
#2216=AXIS2_PLACEMENT_3D('',#7193,#2631,#2632);
#2217=AXIS2_PLACEMENT_3D('',#7197,#2635,#2636);
#2218=AXIS2_PLACEMENT_3D('',#7201,#2639,#2640);
#2219=AXIS2_PLACEMENT_3D('',#7202,#2641,#2642);
#2220=AXIS2_PLACEMENT_3D('',#7203,#2643,#2644);
#2221=AXIS2_PLACEMENT_3D('',#7204,#2645,#2646);
#2222=AXIS2_PLACEMENT_3D('',#7205,#2647,#2648);
#2223=DIRECTION('axis',(0.,0.,1.));
#2224=DIRECTION('refdir',(1.,0.,0.));
#2225=DIRECTION('center_axis',(0.,0.,-1.));
#2226=DIRECTION('ref_axis',(0.636705012725888,0.771107467717521,0.));
#2227=DIRECTION('',(0.,0.,-1.));
#2228=DIRECTION('center_axis',(0.,0.,-1.));
#2229=DIRECTION('ref_axis',(1.,0.,0.));
#2230=DIRECTION('center_axis',(0.,0.,-1.));
#2231=DIRECTION('ref_axis',(1.,0.,0.));
#2232=DIRECTION('',(0.,0.,-1.));
#2233=DIRECTION('center_axis',(0.,0.,-1.));
#2234=DIRECTION('ref_axis',(1.,0.,0.));
#2235=DIRECTION('',(0.,0.,-1.));
#2236=DIRECTION('center_axis',(0.,0.,-1.));
#2237=DIRECTION('ref_axis',(1.,0.,0.));
#2238=DIRECTION('',(0.,0.,-1.));
#2239=DIRECTION('center_axis',(0.,0.,-1.));
#2240=DIRECTION('ref_axis',(1.,0.,0.));
#2241=DIRECTION('',(0.,0.,-1.));
#2242=DIRECTION('center_axis',(0.,0.,-1.));
#2243=DIRECTION('ref_axis',(1.,0.,0.));
#2244=DIRECTION('',(0.,0.,-1.));
#2245=DIRECTION('center_axis',(0.,0.,-1.));
#2246=DIRECTION('ref_axis',(1.,0.,0.));
#2247=DIRECTION('',(0.,0.,-1.));
#2248=DIRECTION('center_axis',(0.,0.,-1.));
#2249=DIRECTION('ref_axis',(0.936956984185546,-0.349444716351424,0.));
#2250=DIRECTION('',(0.,0.,-1.));
#2251=DIRECTION('center_axis',(0.,0.,1.));
#2252=DIRECTION('ref_axis',(1.,0.,0.));
#2253=DIRECTION('center_axis',(0.,0.,-1.));
#2254=DIRECTION('ref_axis',(0.636704818398854,0.771107628173708,0.));
#2255=DIRECTION('',(0.,0.,-1.));
#2256=DIRECTION('center_axis',(0.,0.,-1.));
#2257=DIRECTION('ref_axis',(1.,0.,0.));
#2258=DIRECTION('center_axis',(0.,0.,-1.));
#2259=DIRECTION('ref_axis',(1.,0.,0.));
#2260=DIRECTION('',(0.,0.,-1.));
#2261=DIRECTION('center_axis',(0.,0.,-1.));
#2262=DIRECTION('ref_axis',(1.,0.,0.));
#2263=DIRECTION('',(0.,0.,-1.));
#2264=DIRECTION('center_axis',(0.,0.,-1.));
#2265=DIRECTION('ref_axis',(1.,0.,0.));
#2266=DIRECTION('',(0.,0.,-1.));
#2267=DIRECTION('center_axis',(0.,0.,-1.));
#2268=DIRECTION('ref_axis',(1.,0.,0.));
#2269=DIRECTION('',(0.,0.,-1.));
#2270=DIRECTION('center_axis',(0.,0.,-1.));
#2271=DIRECTION('ref_axis',(1.,0.,0.));
#2272=DIRECTION('',(0.,0.,-1.));
#2273=DIRECTION('center_axis',(0.,0.,-1.));
#2274=DIRECTION('ref_axis',(1.,0.,0.));
#2275=DIRECTION('',(0.,0.,-1.));
#2276=DIRECTION('center_axis',(0.,0.,-1.));
#2277=DIRECTION('ref_axis',(0.936956883848009,-0.34944498538372,0.));
#2278=DIRECTION('',(0.,0.,-1.));
#2279=DIRECTION('center_axis',(0.,0.,1.));
#2280=DIRECTION('ref_axis',(1.,0.,0.));
#2281=DIRECTION('center_axis',(0.,0.,-1.));
#2282=DIRECTION('ref_axis',(0.636701419079087,0.771110434984948,0.));
#2283=DIRECTION('',(0.,0.,-1.));
#2284=DIRECTION('center_axis',(0.,0.,-1.));
#2285=DIRECTION('ref_axis',(1.,0.,0.));
#2286=DIRECTION('center_axis',(0.,0.,-1.));
#2287=DIRECTION('ref_axis',(1.,0.,0.));
#2288=DIRECTION('',(0.,0.,-1.));
#2289=DIRECTION('center_axis',(0.,0.,-1.));
#2290=DIRECTION('ref_axis',(1.,0.,0.));
#2291=DIRECTION('',(0.,0.,-1.));
#2292=DIRECTION('center_axis',(0.,0.,-1.));
#2293=DIRECTION('ref_axis',(1.,0.,0.));
#2294=DIRECTION('',(0.,0.,-1.));
#2295=DIRECTION('center_axis',(0.,0.,-1.));
#2296=DIRECTION('ref_axis',(1.,0.,0.));
#2297=DIRECTION('',(0.,0.,-1.));
#2298=DIRECTION('center_axis',(0.,0.,-1.));
#2299=DIRECTION('ref_axis',(1.,0.,0.));
#2300=DIRECTION('',(0.,0.,-1.));
#2301=DIRECTION('center_axis',(0.,0.,-1.));
#2302=DIRECTION('ref_axis',(1.,0.,0.));
#2303=DIRECTION('',(0.,0.,-1.));
#2304=DIRECTION('center_axis',(0.,0.,-1.));
#2305=DIRECTION('ref_axis',(0.936955467228465,-0.349448783701832,0.));
#2306=DIRECTION('',(0.,0.,-1.));
#2307=DIRECTION('center_axis',(0.,0.,1.));
#2308=DIRECTION('ref_axis',(1.,0.,0.));
#2309=DIRECTION('center_axis',(0.,0.,-1.));
#2310=DIRECTION('ref_axis',(-0.9242628441232,0.381756722237204,0.));
#2311=DIRECTION('',(1.22464679914735E-16,-2.43245526418587E-30,-1.));
#2312=DIRECTION('center_axis',(0.,0.,1.));
#2313=DIRECTION('ref_axis',(1.,-1.9740039887765E-14,0.));
#2314=DIRECTION('center_axis',(0.,0.,-1.));
#2315=DIRECTION('ref_axis',(1.,-1.9740039887765E-14,0.));
#2316=DIRECTION('',(1.22464679914735E-16,-2.43245526418587E-30,-1.));
#2317=DIRECTION('center_axis',(0.,0.,-1.));
#2318=DIRECTION('ref_axis',(1.,-1.9740039887765E-14,0.));
#2319=DIRECTION('',(1.22464679914735E-16,-2.43245526418587E-30,-1.));
#2320=DIRECTION('center_axis',(0.,0.,-1.));
#2321=DIRECTION('ref_axis',(1.,-1.9740039887765E-14,0.));
#2322=DIRECTION('',(1.22464679914735E-16,-2.43245526418587E-30,-1.));
#2323=DIRECTION('center_axis',(0.,0.,-1.));
#2324=DIRECTION('ref_axis',(1.,-1.9740039887765E-14,0.));
#2325=DIRECTION('',(1.22464679914735E-16,-2.43245526418587E-30,-1.));
#2326=DIRECTION('center_axis',(0.,0.,-1.));
#2327=DIRECTION('ref_axis',(1.,-1.9740039887765E-14,0.));
#2328=DIRECTION('',(1.22464679914735E-16,-2.43245526418587E-30,-1.));
#2329=DIRECTION('center_axis',(0.,0.,-1.));
#2330=DIRECTION('ref_axis',(1.,-1.9740039887765E-14,0.));
#2331=DIRECTION('',(1.22464679914735E-16,-2.43245526418587E-30,-1.));
#2332=DIRECTION('center_axis',(0.,0.,-1.));
#2333=DIRECTION('ref_axis',(1.,-1.9740039887765E-14,0.));
#2334=DIRECTION('',(1.22464679914735E-16,-2.43245526418587E-30,-1.));
#2335=DIRECTION('center_axis',(0.,0.,-1.));
#2336=DIRECTION('ref_axis',(-0.609459781032285,-0.792816987270126,0.));
#2337=DIRECTION('',(1.22464679914735E-16,-2.43245526418587E-30,-1.));
#2338=DIRECTION('center_axis',(0.,0.,-1.));
#2339=DIRECTION('ref_axis',(1.,-1.9740039887765E-14,0.));
#2340=DIRECTION('center_axis',(0.,0.,-1.));
#2341=DIRECTION('ref_axis',(-0.924262728476244,0.381757002227397,0.));
#2342=DIRECTION('',(1.22464679914735E-16,-3.64118409736549E-30,-1.));
#2343=DIRECTION('center_axis',(0.,0.,1.));
#2344=DIRECTION('ref_axis',(1.,-2.96100598316475E-14,0.));
#2345=DIRECTION('center_axis',(0.,0.,-1.));
#2346=DIRECTION('ref_axis',(1.,-2.96100598316475E-14,0.));
#2347=DIRECTION('',(1.22464679914735E-16,-3.64118409736549E-30,-1.));
#2348=DIRECTION('center_axis',(0.,0.,-1.));
#2349=DIRECTION('ref_axis',(1.,-2.96100598316475E-14,0.));
#2350=DIRECTION('',(1.22464679914735E-16,-3.64118409736549E-30,-1.));
#2351=DIRECTION('center_axis',(0.,0.,-1.));
#2352=DIRECTION('ref_axis',(1.,-2.96100598316475E-14,0.));
#2353=DIRECTION('',(1.22464679914735E-16,-3.64118409736549E-30,-1.));
#2354=DIRECTION('center_axis',(0.,0.,-1.));
#2355=DIRECTION('ref_axis',(1.,-2.96100598316475E-14,0.));
#2356=DIRECTION('',(1.22464679914735E-16,-3.64118409736549E-30,-1.));
#2357=DIRECTION('center_axis',(0.,0.,-1.));
#2358=DIRECTION('ref_axis',(1.,-2.96100598316475E-14,0.));
#2359=DIRECTION('',(1.22464679914735E-16,-3.64118409736549E-30,-1.));
#2360=DIRECTION('center_axis',(0.,0.,-1.));
#2361=DIRECTION('ref_axis',(1.,-2.96100598316475E-14,0.));
#2362=DIRECTION('',(1.22464679914735E-16,-3.64118409736549E-30,-1.));
#2363=DIRECTION('center_axis',(0.,0.,-1.));
#2364=DIRECTION('ref_axis',(1.,-2.96100598316475E-14,0.));
#2365=DIRECTION('',(1.22464679914735E-16,-3.64118409736549E-30,-1.));
#2366=DIRECTION('center_axis',(0.,0.,-1.));
#2367=DIRECTION('ref_axis',(-0.609459583103037,-0.792817139423633,0.));
#2368=DIRECTION('',(1.22464679914735E-16,-3.64118409736549E-30,-1.));
#2369=DIRECTION('center_axis',(0.,0.,-1.));
#2370=DIRECTION('ref_axis',(1.,-2.96100598316475E-14,0.));
#2371=DIRECTION('center_axis',(0.,0.,-1.));
#2372=DIRECTION('ref_axis',(-0.924264504361897,0.381752702644863,0.));
#2373=DIRECTION('',(1.22464679914735E-16,-2.43245526418586E-30,-1.));
#2374=DIRECTION('center_axis',(0.,0.,1.));
#2375=DIRECTION('ref_axis',(1.,-1.9740039887765E-14,0.));
#2376=DIRECTION('center_axis',(0.,0.,-1.));
#2377=DIRECTION('ref_axis',(1.,-1.97400398877649E-14,0.));
#2378=DIRECTION('',(1.22464679914735E-16,-2.43245526418586E-30,-1.));
#2379=DIRECTION('center_axis',(0.,0.,-1.));
#2380=DIRECTION('ref_axis',(1.,-1.97400398877649E-14,0.));
#2381=DIRECTION('',(1.22464679914735E-16,-2.43245526418586E-30,-1.));
#2382=DIRECTION('center_axis',(0.,0.,-1.));
#2383=DIRECTION('ref_axis',(1.,-1.97400398877649E-14,0.));
#2384=DIRECTION('',(1.22464679914735E-16,-2.43245526418586E-30,-1.));
#2385=DIRECTION('center_axis',(0.,0.,-1.));
#2386=DIRECTION('ref_axis',(1.,-1.97400398877649E-14,0.));
#2387=DIRECTION('',(1.22464679914735E-16,-2.43245526418586E-30,-1.));
#2388=DIRECTION('center_axis',(0.,0.,-1.));
#2389=DIRECTION('ref_axis',(1.,-1.97400398877649E-14,0.));
#2390=DIRECTION('',(1.22464679914735E-16,-2.43245526418586E-30,-1.));
#2391=DIRECTION('center_axis',(0.,0.,-1.));
#2392=DIRECTION('ref_axis',(1.,-1.97400398877649E-14,0.));
#2393=DIRECTION('',(1.22464679914735E-16,-2.43245526418586E-30,-1.));
#2394=DIRECTION('center_axis',(0.,0.,-1.));
#2395=DIRECTION('ref_axis',(1.,-1.97400398877649E-14,0.));
#2396=DIRECTION('',(1.22464679914735E-16,-2.43245526418586E-30,-1.));
#2397=DIRECTION('center_axis',(0.,0.,-1.));
#2398=DIRECTION('ref_axis',(-0.609463138181658,-0.792814406527635,0.));
#2399=DIRECTION('',(1.22464679914735E-16,-2.43245526418586E-30,-1.));
#2400=DIRECTION('center_axis',(0.,0.,-1.));
#2401=DIRECTION('ref_axis',(1.,-1.97400398877649E-14,0.));
#2402=DIRECTION('center_axis',(0.,0.,-1.));
#2403=DIRECTION('ref_axis',(1.,-1.97400398877649E-14,0.));
#2404=DIRECTION('center_axis',(0.,0.,-1.));
#2405=DIRECTION('ref_axis',(1.,-2.96100598316475E-14,0.));
#2406=DIRECTION('center_axis',(0.,0.,-1.));
#2407=DIRECTION('ref_axis',(1.,-1.9740039887765E-14,0.));
#2408=DIRECTION('center_axis',(0.,0.,-1.));
#2409=DIRECTION('ref_axis',(1.,0.,0.));
#2410=DIRECTION('center_axis',(0.,0.,1.));
#2411=DIRECTION('ref_axis',(1.,0.,0.));
#2412=DIRECTION('',(0.,0.,-1.));
#2413=DIRECTION('center_axis',(0.,0.,-1.));
#2414=DIRECTION('ref_axis',(1.,0.,0.));
#2415=DIRECTION('center_axis',(0.,0.,1.));
#2416=DIRECTION('ref_axis',(1.,0.,0.));
#2417=DIRECTION('center_axis',(0.,0.,-1.));
#2418=DIRECTION('ref_axis',(1.,0.,0.));
#2419=DIRECTION('center_axis',(0.,0.,1.));
#2420=DIRECTION('ref_axis',(1.,0.,0.));
#2421=DIRECTION('center_axis',(0.,0.,-1.));
#2422=DIRECTION('ref_axis',(1.,0.,0.));
#2423=DIRECTION('center_axis',(0.,0.,1.));
#2424=DIRECTION('ref_axis',(1.,0.,0.));
#2425=DIRECTION('center_axis',(0.,0.,-1.));
#2426=DIRECTION('ref_axis',(1.,0.,0.));
#2427=DIRECTION('center_axis',(0.,0.,1.));
#2428=DIRECTION('ref_axis',(1.,0.,0.));
#2429=DIRECTION('center_axis',(0.,-1.,0.));
#2430=DIRECTION('ref_axis',(0.,0.,-1.));
#2431=DIRECTION('center_axis',(0.,-1.,0.));
#2432=DIRECTION('ref_axis',(1.4210854715202E-15,0.,1.));
#2433=DIRECTION('',(1.,0.,0.));
#2434=DIRECTION('',(0.,0.,-1.));
#2435=DIRECTION('',(1.,0.,0.));
#2436=DIRECTION('center_axis',(0.,0.,1.));
#2437=DIRECTION('ref_axis',(0.,-1.,0.));
#2438=DIRECTION('',(0.,1.,0.));
#2439=DIRECTION('',(0.,-1.,0.));
#2440=DIRECTION('',(1.,0.,0.));
#2441=DIRECTION('center_axis',(0.,1.,0.));
#2442=DIRECTION('ref_axis',(0.,0.,1.));
#2443=DIRECTION('center_axis',(0.,1.,0.));
#2444=DIRECTION('ref_axis',(1.4210854715202E-15,0.,1.));
#2445=DIRECTION('',(0.,0.,1.));
#2446=DIRECTION('',(1.,0.,0.));
#2447=DIRECTION('center_axis',(1.,0.,0.));
#2448=DIRECTION('ref_axis',(0.,-1.,0.));
#2449=DIRECTION('',(0.,-1.,0.));
#2450=DIRECTION('',(0.,0.,-1.));
#2451=DIRECTION('',(0.,-1.,0.));
#2452=DIRECTION('',(0.,0.,-1.));
#2453=DIRECTION('center_axis',(-1.,0.,0.));
#2454=DIRECTION('ref_axis',(0.,1.,0.));
#2455=DIRECTION('',(0.,1.,0.));
#2456=DIRECTION('',(0.,0.,1.));
#2457=DIRECTION('',(0.,1.,0.));
#2458=DIRECTION('',(0.,0.,-1.));
#2459=DIRECTION('center_axis',(0.,0.,-1.));
#2460=DIRECTION('ref_axis',(-1.,0.,0.));
#2461=DIRECTION('',(1.,0.,0.));
#2462=DIRECTION('',(-1.,0.,0.));
#2463=DIRECTION('',(0.,1.,0.));
#2464=DIRECTION('center_axis',(0.,1.,0.));
#2465=DIRECTION('ref_axis',(1.,0.,0.));
#2466=DIRECTION('',(1.,0.,-1.03965634987724E-16));
#2467=DIRECTION('',(0.,0.,-1.));
#2468=DIRECTION('',(-1.,0.,0.));
#2469=DIRECTION('',(0.,0.,-1.));
#2470=DIRECTION('',(1.,0.,0.));
#2471=DIRECTION('',(0.,0.,-1.));
#2472=DIRECTION('',(1.,0.,0.));
#2473=DIRECTION('center_axis',(0.,0.,-1.));
#2474=DIRECTION('ref_axis',(0.,1.,0.));
#2475=DIRECTION('',(0.,-1.,0.));
#2476=DIRECTION('',(0.,1.,0.));
#2477=DIRECTION('',(1.,0.,0.));
#2478=DIRECTION('center_axis',(0.,-1.,0.));
#2479=DIRECTION('ref_axis',(0.,0.,-1.));
#2480=DIRECTION('',(0.,0.,1.));
#2481=DIRECTION('',(0.,0.,-1.));
#2482=DIRECTION('',(1.,0.,0.));
#2483=DIRECTION('center_axis',(0.,0.,1.));
#2484=DIRECTION('ref_axis',(0.,-1.,0.));
#2485=DIRECTION('',(0.,1.,0.));
#2486=DIRECTION('center_axis',(0.,-1.,0.));
#2487=DIRECTION('ref_axis',(-1.,0.,0.));
#2488=DIRECTION('',(0.,0.,-1.));
#2489=DIRECTION('',(1.,0.,0.));
#2490=DIRECTION('',(0.,0.,-1.));
#2491=DIRECTION('',(-1.,0.,1.03965634987724E-16));
#2492=DIRECTION('center_axis',(1.,0.,0.));
#2493=DIRECTION('ref_axis',(0.,-1.,0.));
#2494=DIRECTION('',(0.,1.,0.));
#2495=DIRECTION('center_axis',(-1.,0.,0.));
#2496=DIRECTION('ref_axis',(0.,1.,0.));
#2497=DIRECTION('',(0.,-1.,0.));
#2498=DIRECTION('',(0.,1.,0.));
#2499=DIRECTION('center_axis',(0.,1.,0.));
#2500=DIRECTION('ref_axis',(1.,0.,0.));
#2501=DIRECTION('center_axis',(0.,1.,0.));
#2502=DIRECTION('ref_axis',(1.,0.,0.));
#2503=DIRECTION('',(0.,1.,0.));
#2504=DIRECTION('center_axis',(0.,1.,0.));
#2505=DIRECTION('ref_axis',(1.,0.,0.));
#2506=DIRECTION('center_axis',(0.,-1.,0.));
#2507=DIRECTION('ref_axis',(1.,0.,0.));
#2508=DIRECTION('center_axis',(0.,1.,0.));
#2509=DIRECTION('ref_axis',(1.,0.,0.));
#2510=DIRECTION('center_axis',(0.,1.,0.));
#2511=DIRECTION('ref_axis',(1.,0.,0.));
#2512=DIRECTION('',(0.,1.,0.));
#2513=DIRECTION('center_axis',(0.,1.,0.));
#2514=DIRECTION('ref_axis',(1.,0.,0.));
#2515=DIRECTION('center_axis',(0.,-1.,0.));
#2516=DIRECTION('ref_axis',(1.,0.,0.));
#2517=DIRECTION('center_axis',(0.,1.,0.));
#2518=DIRECTION('ref_axis',(1.,0.,0.));
#2519=DIRECTION('center_axis',(0.,1.,0.));
#2520=DIRECTION('ref_axis',(1.,0.,0.));
#2521=DIRECTION('',(0.,1.,0.));
#2522=DIRECTION('center_axis',(0.,1.,0.));
#2523=DIRECTION('ref_axis',(1.,0.,0.));
#2524=DIRECTION('center_axis',(0.,-1.,0.));
#2525=DIRECTION('ref_axis',(1.,0.,0.));
#2526=DIRECTION('center_axis',(0.,1.,0.));
#2527=DIRECTION('ref_axis',(1.,0.,0.));
#2528=DIRECTION('center_axis',(0.,1.,0.));
#2529=DIRECTION('ref_axis',(1.,0.,0.));
#2530=DIRECTION('',(0.,1.,0.));
#2531=DIRECTION('center_axis',(0.,1.,0.));
#2532=DIRECTION('ref_axis',(1.,0.,0.));
#2533=DIRECTION('center_axis',(0.,-1.,0.));
#2534=DIRECTION('ref_axis',(1.,0.,0.));
#2535=DIRECTION('center_axis',(0.,0.,-1.));
#2536=DIRECTION('ref_axis',(-1.,0.,0.));
#2537=DIRECTION('',(-1.,0.,0.));
#2538=DIRECTION('',(0.,-1.,0.));
#2539=DIRECTION('',(1.,0.,0.));
#2540=DIRECTION('',(0.,1.,0.));
#2541=DIRECTION('center_axis',(0.,0.,-1.));
#2542=DIRECTION('ref_axis',(-1.,0.,0.));
#2543=DIRECTION('',(-1.,0.,0.));
#2544=DIRECTION('',(0.,1.,0.));
#2545=DIRECTION('',(1.,0.,0.));
#2546=DIRECTION('',(0.,-1.,0.));
#2547=DIRECTION('center_axis',(1.,0.,0.));
#2548=DIRECTION('ref_axis',(0.,-1.,0.));
#2549=DIRECTION('',(0.,-1.,0.));
#2550=DIRECTION('',(0.,0.,-1.));
#2551=DIRECTION('',(0.,-1.,0.));
#2552=DIRECTION('',(0.,0.,-1.));
#2553=DIRECTION('',(0.,-1.,0.));
#2554=DIRECTION('',(0.,0.,1.));
#2555=DIRECTION('center_axis',(0.,-1.,0.));
#2556=DIRECTION('ref_axis',(-1.,0.,0.));
#2557=DIRECTION('',(-1.,0.,1.03965634987724E-16));
#2558=DIRECTION('',(-1.,0.,0.));
#2559=DIRECTION('',(0.,0.,-1.));
#2560=DIRECTION('center_axis',(0.,1.,0.));
#2561=DIRECTION('ref_axis',(1.,0.,0.));
#2562=DIRECTION('',(1.,0.,0.));
#2563=DIRECTION('',(0.,0.,-1.));
#2564=DIRECTION('',(1.,0.,0.));
#2565=DIRECTION('center_axis',(-1.,0.,0.));
#2566=DIRECTION('ref_axis',(0.,1.,0.));
#2567=DIRECTION('',(0.,1.,0.));
#2568=DIRECTION('',(0.,0.,-1.));
#2569=DIRECTION('',(0.,1.,0.));
#2570=DIRECTION('',(0.,1.,0.));
#2571=DIRECTION('center_axis',(0.,0.,-1.));
#2572=DIRECTION('ref_axis',(-1.,0.,0.));
#2573=DIRECTION('center_axis',(1.03965634987724E-16,0.,1.));
#2574=DIRECTION('ref_axis',(1.,0.,-1.03965634987724E-16));
#2575=DIRECTION('',(-1.,0.,1.03965634987724E-16));
#2576=DIRECTION('',(0.,1.,0.));
#2577=DIRECTION('',(1.,0.,-2.07931269975448E-16));
#2578=DIRECTION('',(0.,1.,0.));
#2579=DIRECTION('',(-1.,0.,1.03965634987724E-16));
#2580=DIRECTION('',(0.,1.,0.));
#2581=DIRECTION('',(1.,0.,-1.03965634987724E-16));
#2582=DIRECTION('',(0.,-1.,0.));
#2583=DIRECTION('',(-1.,0.,1.03965634987724E-16));
#2584=DIRECTION('center_axis',(0.,-1.,0.));
#2585=DIRECTION('ref_axis',(-1.,0.,0.));
#2586=DIRECTION('',(-1.,0.,0.));
#2587=DIRECTION('',(0.,0.,-1.));
#2588=DIRECTION('center_axis',(0.,-1.,0.));
#2589=DIRECTION('ref_axis',(-1.,0.,0.));
#2590=DIRECTION('',(0.,0.,-1.));
#2591=DIRECTION('',(-1.,0.,0.));
#2592=DIRECTION('center_axis',(-1.,0.,0.));
#2593=DIRECTION('ref_axis',(0.,1.,0.));
#2594=DIRECTION('',(0.,1.,0.));
#2595=DIRECTION('',(0.,0.,-1.));
#2596=DIRECTION('center_axis',(1.,0.,0.));
#2597=DIRECTION('ref_axis',(0.,-1.,0.));
#2598=DIRECTION('',(0.,-1.,0.));
#2599=DIRECTION('',(0.,0.,-1.));
#2600=DIRECTION('',(0.,-1.,0.));
#2601=DIRECTION('center_axis',(0.,1.,0.));
#2602=DIRECTION('ref_axis',(1.,0.,0.));
#2603=DIRECTION('',(1.,0.,0.));
#2604=DIRECTION('center_axis',(0.,0.,-1.));
#2605=DIRECTION('ref_axis',(-1.,0.,0.));
#2606=DIRECTION('',(0.,-1.,0.));
#2607=DIRECTION('center_axis',(0.,1.,0.));
#2608=DIRECTION('ref_axis',(-1.,0.,0.));
#2609=DIRECTION('',(0.,0.,-1.));
#2610=DIRECTION('',(-1.,0.,0.));
#2611=DIRECTION('',(0.,0.,-1.));
#2612=DIRECTION('center_axis',(0.,1.,0.));
#2613=DIRECTION('ref_axis',(-1.,0.,0.));
#2614=DIRECTION('',(0.,0.,-1.));
#2615=DIRECTION('center_axis',(0.,1.,0.));
#2616=DIRECTION('ref_axis',(-1.,0.,7.10542735760099E-16));
#2617=DIRECTION('center_axis',(0.,1.,0.));
#2618=DIRECTION('ref_axis',(1.4210854715202E-15,0.,1.));
#2619=DIRECTION('',(9.06085248438683E-17,0.,-1.));
#2620=DIRECTION('center_axis',(-1.,0.,0.));
#2621=DIRECTION('ref_axis',(0.,0.,1.));
#2622=DIRECTION('',(0.,0.,-1.));
#2623=DIRECTION('',(0.,1.,0.));
#2624=DIRECTION('center_axis',(1.,0.,0.));
#2625=DIRECTION('ref_axis',(0.,0.,-1.));
#2626=DIRECTION('',(0.,0.,-1.));
#2627=DIRECTION('',(0.,1.,0.));
#2628=DIRECTION('center_axis',(0.,0.,-1.));
#2629=DIRECTION('ref_axis',(-1.,0.,0.));
#2630=DIRECTION('',(-1.,0.,0.));
#2631=DIRECTION('center_axis',(-1.,0.,0.));
#2632=DIRECTION('ref_axis',(0.,0.,1.));
#2633=DIRECTION('',(0.,0.,-1.));
#2634=DIRECTION('',(0.,1.,0.));
#2635=DIRECTION('center_axis',(1.,0.,9.07092088613208E-17));
#2636=DIRECTION('ref_axis',(9.07092088613208E-17,0.,-1.));
#2637=DIRECTION('',(-9.07092088613208E-17,0.,1.));
#2638=DIRECTION('',(0.,1.,0.));
#2639=DIRECTION('center_axis',(0.,1.,0.));
#2640=DIRECTION('ref_axis',(1.4210854715202E-15,0.,1.));
#2641=DIRECTION('center_axis',(0.,1.,0.));
#2642=DIRECTION('ref_axis',(1.4210854715202E-15,0.,1.));
#2643=DIRECTION('center_axis',(0.,1.,0.));
#2644=DIRECTION('ref_axis',(-1.,0.,7.10542735760099E-16));
#2645=DIRECTION('center_axis',(0.,1.,0.));
#2646=DIRECTION('ref_axis',(-1.,0.,7.10542735760099E-16));
#2647=DIRECTION('center_axis',(0.,1.,0.));
#2648=DIRECTION('ref_axis',(-1.,0.,0.));
#2649=CARTESIAN_POINT('',(0.,0.,0.));
#2650=CARTESIAN_POINT('Origin',(35.8,145.73,95.3998238623163));
#2651=CARTESIAN_POINT('',(34.3366785809861,145.729146587508,90.8316965305519));
#2652=CARTESIAN_POINT('',(34.3338955883455,145.72886497066,90.6679511940806));
#2653=CARTESIAN_POINT('',(34.335,145.73,95.3998238623163));
#2654=CARTESIAN_POINT('',(37.1841525778552,146.209944414716,90.3998238623163));
#2655=CARTESIAN_POINT('Ctrl Pts',(34.3338955883455,145.72886497066,90.6679511940806));
#2656=CARTESIAN_POINT('Ctrl Pts',(34.3372082611059,146.133590667738,90.6415241198878));
#2657=CARTESIAN_POINT('Ctrl Pts',(34.5116924448949,146.540991590761,90.615097045695));
#2658=CARTESIAN_POINT('Ctrl Pts',(34.8097407823094,146.8131985325,90.5886699715022));
#2659=CARTESIAN_POINT('Ctrl Pts',(35.164713038283,147.137393973545,90.5571956199712));
#2660=CARTESIAN_POINT('Ctrl Pts',(35.6949554259287,147.269822901363,90.5257212684402));
#2661=CARTESIAN_POINT('Ctrl Pts',(36.1602680544118,147.152014212936,90.4942469169092));
#2662=CARTESIAN_POINT('Ctrl Pts',(36.6255806828948,147.034205524508,90.4627725653782));
#2663=CARTESIAN_POINT('Ctrl Pts',(37.0259635522152,146.666159219836,90.4312982138473));
#2664=CARTESIAN_POINT('Ctrl Pts',(37.1841525778552,146.209944414716,90.3998238623163));
#2665=CARTESIAN_POINT('',(36.0765579077318,144.28878885213,90.3998238623163));
#2666=CARTESIAN_POINT('Origin',(35.8,145.73,90.3998238623163));
#2667=CARTESIAN_POINT('Ctrl Pts',(36.0765585258089,144.288776420955,90.3998238623163));
#2668=CARTESIAN_POINT('Ctrl Pts',(36.5263720686927,144.37675872089,90.4298242493721));
#2669=CARTESIAN_POINT('Ctrl Pts',(36.9340438236227,144.692078333263,90.459824636428));
#2670=CARTESIAN_POINT('Ctrl Pts',(37.1285804096826,145.107087034339,90.4898250234838));
#2671=CARTESIAN_POINT('Ctrl Pts',(37.3326748729936,145.542485741754,90.5212993750148));
#2672=CARTESIAN_POINT('Ctrl Pts',(37.3021763716021,146.08760992991,90.5527737265458));
#2673=CARTESIAN_POINT('Ctrl Pts',(37.0507605536194,146.497347011543,90.5842480780768));
#2674=CARTESIAN_POINT('Ctrl Pts',(36.7993447356368,146.907084093176,90.6157224296078));
#2675=CARTESIAN_POINT('Ctrl Pts',(36.3270116010628,147.181434068285,90.6471967811387));
#2676=CARTESIAN_POINT('Ctrl Pts',(35.846479384779,147.196687400732,90.6786711326697));
#2677=CARTESIAN_POINT('Ctrl Pts',(35.3659471684952,147.21194073318,90.7101454842007));
#2678=CARTESIAN_POINT('Ctrl Pts',(34.8772158705016,146.968097422965,90.7416198357316));
#2679=CARTESIAN_POINT('Ctrl Pts',(34.6003510377445,146.575040882528,90.7730941872626));
#2680=CARTESIAN_POINT('Ctrl Pts',(34.4285187660192,146.33109585857,90.7926283016924));
#2681=CARTESIAN_POINT('Ctrl Pts',(34.3382951255137,146.02967554014,90.8121624161221));
#2682=CARTESIAN_POINT('Ctrl Pts',(34.3366785809861,145.729146587508,90.8316965305519));
#2683=CARTESIAN_POINT('Origin',(35.8,145.73,95.3998238623163));
#2684=CARTESIAN_POINT('',(34.3326379378166,145.729785123393,91.4316965305519));
#2685=CARTESIAN_POINT('',(34.3343572341579,145.731222309931,91.2679511940806));
#2686=CARTESIAN_POINT('',(34.335,145.73,95.3998238623163));
#2687=CARTESIAN_POINT('Ctrl Pts',(34.3343572341579,145.731222309931,91.2679511940806));
#2688=CARTESIAN_POINT('Ctrl Pts',(34.3335245850877,145.824794922454,91.2618445806046));
#2689=CARTESIAN_POINT('Ctrl Pts',(34.3417332923239,145.918222156233,91.2557379671287));
#2690=CARTESIAN_POINT('Ctrl Pts',(34.3595185368746,146.009789381081,91.2496313536527));
#2691=CARTESIAN_POINT('Ctrl Pts',(34.4511862085315,146.481739838549,91.2181570021217));
#2692=CARTESIAN_POINT('Ctrl Pts',(34.7972562917347,146.90427882901,91.1866826505907));
#2693=CARTESIAN_POINT('Ctrl Pts',(35.2418978660901,147.087129145835,91.1552082990598));
#2694=CARTESIAN_POINT('Ctrl Pts',(35.6865394404455,147.269979462661,91.1237339475288));
#2695=CARTESIAN_POINT('Ctrl Pts',(36.2297525059532,147.213141105851,91.0922595959978));
#2696=CARTESIAN_POINT('Ctrl Pts',(36.6269138625882,146.942221843713,91.0607852444668));
#2697=CARTESIAN_POINT('Ctrl Pts',(37.0240752192233,146.671302581574,91.0293108929358));
#2698=CARTESIAN_POINT('Ctrl Pts',(37.2751848669857,146.186302414105,90.9978365414049));
#2699=CARTESIAN_POINT('Ctrl Pts',(37.2671930460171,145.705590794424,90.9663621898739));
#2700=CARTESIAN_POINT('Ctrl Pts',(37.2592012250485,145.224879174742,90.9348878383429));
#2701=CARTESIAN_POINT('Ctrl Pts',(36.992107935349,144.748456102846,90.9034134868119));
#2702=CARTESIAN_POINT('Ctrl Pts',(36.586131433332,144.490915982818,90.871939135281));
#2703=CARTESIAN_POINT('Ctrl Pts',(36.180154931315,144.233375862789,90.84046478375));
#2704=CARTESIAN_POINT('Ctrl Pts',(35.6352952169806,144.194718694627,90.808990432219));
#2705=CARTESIAN_POINT('Ctrl Pts',(35.1970201556611,144.39222638662,90.777516080688));
#2706=CARTESIAN_POINT('Ctrl Pts',(34.7587450943416,144.589734078613,90.746041729157));
#2707=CARTESIAN_POINT('Ctrl Pts',(34.427054686037,145.023406630761,90.714567377626));
#2708=CARTESIAN_POINT('Ctrl Pts',(34.3510605440356,145.498223883971,90.6830930260951));
#2709=CARTESIAN_POINT('Ctrl Pts',(34.3388740019116,145.574366337916,90.6780457487569));
#2710=CARTESIAN_POINT('Ctrl Pts',(34.3332629046806,145.65156686251,90.6729984714188));
#2711=CARTESIAN_POINT('Ctrl Pts',(34.3338955883455,145.72886497066,90.6679511940806));
#2712=CARTESIAN_POINT('Ctrl Pts',(34.3366785809861,145.729146587508,90.8316965305519));
#2713=CARTESIAN_POINT('Ctrl Pts',(34.3356904673446,145.545448116654,90.8436367676531));
#2714=CARTESIAN_POINT('Ctrl Pts',(34.367808371932,145.362082684278,90.8555770047544));
#2715=CARTESIAN_POINT('Ctrl Pts',(34.4346306026629,145.192380056019,90.8675172418556));
#2716=CARTESIAN_POINT('Ctrl Pts',(34.6107733678591,144.745045540608,90.8989915933866));
#2717=CARTESIAN_POINT('Ctrl Pts',(35.028057265772,144.392646280446,90.9304659449175));
#2718=CARTESIAN_POINT('Ctrl Pts',(35.4985750569225,144.293886852176,90.9619402964485));
#2719=CARTESIAN_POINT('Ctrl Pts',(35.969092848073,144.195127423906,90.9934146479795));
#2720=CARTESIAN_POINT('Ctrl Pts',(36.492844532461,144.350007827527,91.0248889995105));
#2721=CARTESIAN_POINT('Ctrl Pts',(36.8339839522489,144.688776394847,91.0563633510414));
#2722=CARTESIAN_POINT('Ctrl Pts',(37.1751233720369,145.027544962167,91.0878377025724));
#2723=CARTESIAN_POINT('Ctrl Pts',(37.3336505272247,145.550201693185,91.1193120541034));
#2724=CARTESIAN_POINT('Ctrl Pts',(37.2381794255968,146.021396206788,91.1507864056344));
#2725=CARTESIAN_POINT('Ctrl Pts',(37.1427083239689,146.49259072039,91.1822607571654));
#2726=CARTESIAN_POINT('Ctrl Pts',(36.7932389655253,146.912323016577,91.2137351086963));
#2727=CARTESIAN_POINT('Ctrl Pts',(36.3471390445683,147.09158412886,91.2452094602273));
#2728=CARTESIAN_POINT('Ctrl Pts',(35.9010391236114,147.270845241143,91.2766838117583));
#2729=CARTESIAN_POINT('Ctrl Pts',(35.3583086401411,147.209635169523,91.3081581632893));
#2730=CARTESIAN_POINT('Ctrl Pts',(34.9633411094985,146.935517935904,91.3396325148202));
#2731=CARTESIAN_POINT('Ctrl Pts',(34.5782413358115,146.668249169636,91.3703205200641));
#2732=CARTESIAN_POINT('Ctrl Pts',(34.3336134109822,146.198578772182,91.401008525308));
#2733=CARTESIAN_POINT('Ctrl Pts',(34.3326379378166,145.729785123393,91.4316965305519));
#2734=CARTESIAN_POINT('Origin',(35.8,145.73,95.3998238623163));
#2735=CARTESIAN_POINT('',(34.3361738097377,145.731095129045,92.0316965305519));
#2736=CARTESIAN_POINT('',(34.3371281010279,145.729634132733,91.8679511940806));
#2737=CARTESIAN_POINT('',(34.335,145.73,95.3998238623163));
#2738=CARTESIAN_POINT('Ctrl Pts',(34.3371281010279,145.729634132733,91.8679511940806));
#2739=CARTESIAN_POINT('Ctrl Pts',(34.3377325422285,145.995394593208,91.8506906897905));
#2740=CARTESIAN_POINT('Ctrl Pts',(34.4070366697836,146.26144874947,91.8334301855004));
#2741=CARTESIAN_POINT('Ctrl Pts',(34.5431000284072,146.487280561302,91.8161696812103));
#2742=CARTESIAN_POINT('Ctrl Pts',(34.7912101593639,146.899082540722,91.7846953296793));
#2743=CARTESIAN_POINT('Ctrl Pts',(35.2613023863212,147.177140614171,91.7532209781483));
#2744=CARTESIAN_POINT('Ctrl Pts',(35.741692414579,147.196244079445,91.7217466266173));
#2745=CARTESIAN_POINT('Ctrl Pts',(36.2220824428368,147.21534754472,91.6902722750863));
#2746=CARTESIAN_POINT('Ctrl Pts',(36.7127702723953,146.97549640182,91.6587979235554));
#2747=CARTESIAN_POINT('Ctrl Pts',(36.9927971277494,146.584696701204,91.6273235720244));
#2748=CARTESIAN_POINT('Ctrl Pts',(37.2728239831034,146.193897000587,91.5958492204934));
#2749=CARTESIAN_POINT('Ctrl Pts',(37.3421898642531,145.652148742254,91.5643748689624));
#2750=CARTESIAN_POINT('Ctrl Pts',(37.1696593335312,145.203402963137,91.5329005174314));
#2751=CARTESIAN_POINT('Ctrl Pts',(36.9971288028093,144.75465718402,91.5014261659005));
#2752=CARTESIAN_POINT('Ctrl Pts',(36.5827018602157,144.398913884119,91.4699518143695));
#2753=CARTESIAN_POINT('Ctrl Pts',(36.1129959601479,144.296366315909,91.4384774628385));
#2754=CARTESIAN_POINT('Ctrl Pts',(35.6432900600801,144.193818747699,91.4070031113075));
#2755=CARTESIAN_POINT('Ctrl Pts',(35.118305202538,144.34446691118,91.3755287597765));
#2756=CARTESIAN_POINT('Ctrl Pts',(34.7744454038224,144.680471955158,91.3440544082456));
#2757=CARTESIAN_POINT('Ctrl Pts',(34.4973008439774,144.951285729746,91.3186866701906));
#2758=CARTESIAN_POINT('Ctrl Pts',(34.337816176432,145.342508412619,91.2933189321356));
#2759=CARTESIAN_POINT('Ctrl Pts',(34.3343572341579,145.731222309931,91.2679511940806));
#2760=CARTESIAN_POINT('Ctrl Pts',(34.3326379378166,145.729785123393,91.4316965305519));
#2761=CARTESIAN_POINT('Ctrl Pts',(34.3326129423927,145.717772803198,91.432482876839));
#2762=CARTESIAN_POINT('Ctrl Pts',(34.3327479252944,145.705761058662,91.4332692231261));
#2763=CARTESIAN_POINT('Ctrl Pts',(34.3330446224574,145.69375330979,91.4340555694132));
#2764=CARTESIAN_POINT('Ctrl Pts',(34.3449202438738,145.213130312917,91.4655299209441));
#2765=CARTESIAN_POINT('Ctrl Pts',(34.6158760645216,144.738908714788,91.4970042724751));
#2766=CARTESIAN_POINT('Ctrl Pts',(35.0238995941663,144.484632544849,91.5284786240061));
#2767=CARTESIAN_POINT('Ctrl Pts',(35.431923123811,144.23035637491,91.5599529755371));
#2768=CARTESIAN_POINT('Ctrl Pts',(35.9770143624528,144.19602563316,91.5914273270681));
#2769=CARTESIAN_POINT('Ctrl Pts',(36.4137166182054,144.397099492456,91.622901678599));
#2770=CARTESIAN_POINT('Ctrl Pts',(36.850418873958,144.598173351751,91.65437603013));
#2771=CARTESIAN_POINT('Ctrl Pts',(37.1787321468215,145.034651812093,91.685850381661));
#2772=CARTESIAN_POINT('Ctrl Pts',(37.2508156857574,145.509986968552,91.717324733192));
#2773=CARTESIAN_POINT('Ctrl Pts',(37.3228992246933,145.985322125012,91.7487990847229));
#2774=CARTESIAN_POINT('Ctrl Pts',(37.1387530297017,146.499513977589,91.7802734362539));
#2775=CARTESIAN_POINT('Ctrl Pts',(36.7812988521272,146.821019913177,91.8117477877849));
#2776=CARTESIAN_POINT('Ctrl Pts',(36.4238446745526,147.142525848766,91.8432221393159));
#2777=CARTESIAN_POINT('Ctrl Pts',(35.8930825143952,147.271345867366,91.8746964908468));
#2778=CARTESIAN_POINT('Ctrl Pts',(35.4280166363275,147.149471823197,91.9061708423778));
#2779=CARTESIAN_POINT('Ctrl Pts',(34.9629507582598,147.027597779028,91.9376451939088));
#2780=CARTESIAN_POINT('Ctrl Pts',(34.5635811622818,146.65502967209,91.9691195454398));
#2781=CARTESIAN_POINT('Ctrl Pts',(34.4097455322942,146.199536366095,92.0005938969707));
#2782=CARTESIAN_POINT('Ctrl Pts',(34.3590725981061,146.049498417671,92.0109614414978));
#2783=CARTESIAN_POINT('Ctrl Pts',(34.3350406205304,145.890462909089,92.0213289860248));
#2784=CARTESIAN_POINT('Ctrl Pts',(34.3361738097377,145.731095129045,92.0316965305519));
#2785=CARTESIAN_POINT('Origin',(35.8,145.73,95.3998238623163));
#2786=CARTESIAN_POINT('',(34.3360195872747,145.728855348552,92.6316965305518));
#2787=CARTESIAN_POINT('',(34.3331401669875,145.729225537936,92.4679511940806));
#2788=CARTESIAN_POINT('',(34.335,145.73,95.3998238623163));
#2789=CARTESIAN_POINT('Ctrl Pts',(34.3331401669875,145.729225537936,92.4679511940806));
#2790=CARTESIAN_POINT('Ctrl Pts',(34.3359488540637,146.163682688452,92.4395367989764));
#2791=CARTESIAN_POINT('Ctrl Pts',(34.5414421782806,146.600450900497,92.4111224038721));
#2792=CARTESIAN_POINT('Ctrl Pts',(34.8794405352584,146.872734304844,92.3827080087678));
#2793=CARTESIAN_POINT('Ctrl Pts',(35.2538380568449,147.174340006919,92.3512336572369));
#2794=CARTESIAN_POINT('Ctrl Pts',(35.7908163296088,147.274126479674,92.3197593057059));
#2795=CARTESIAN_POINT('Ctrl Pts',(36.2485719484138,147.127159485336,92.2882849541749));
#2796=CARTESIAN_POINT('Ctrl Pts',(36.7063275672188,146.980192490998,92.2568106026439));
#2797=CARTESIAN_POINT('Ctrl Pts',(37.0848605320649,146.586472029568,92.2253362511129));
#2798=CARTESIAN_POINT('Ctrl Pts',(37.2137159743177,146.123291958615,92.1938618995819));
#2799=CARTESIAN_POINT('Ctrl Pts',(37.3425714165706,145.660111887663,92.162387548051));
#2800=CARTESIAN_POINT('Ctrl Pts',(37.2217493362301,145.12747220719,92.1309131965201));
#2801=CARTESIAN_POINT('Ctrl Pts',(36.905656389462,144.765222634581,92.0994388449891));
#2802=CARTESIAN_POINT('Ctrl Pts',(36.5895634426939,144.402973061973,92.0679644934581));
#2803=CARTESIAN_POINT('Ctrl Pts',(36.0781996294982,144.21111359723,92.0364901419271));
#2804=CARTESIAN_POINT('Ctrl Pts',(35.6018340581062,144.276039311294,92.0050157903961));
#2805=CARTESIAN_POINT('Ctrl Pts',(35.1254684867143,144.340965025358,91.9735414388651));
#2806=CARTESIAN_POINT('Ctrl Pts',(34.684101157126,144.662675918227,91.9420670873342));
#2807=CARTESIAN_POINT('Ctrl Pts',(34.47648150981,145.096304307358,91.9105927358032));
#2808=CARTESIAN_POINT('Ctrl Pts',(34.3827202785979,145.292131302438,91.8963788885623));
#2809=CARTESIAN_POINT('Ctrl Pts',(34.3366303499341,145.510783134851,91.8821650413215));
#2810=CARTESIAN_POINT('Ctrl Pts',(34.3371281010279,145.729634132733,91.8679511940806));
#2811=CARTESIAN_POINT('Ctrl Pts',(34.3361738097377,145.731095129045,92.0316965305519));
#2812=CARTESIAN_POINT('Ctrl Pts',(34.338480817519,145.406645596443,92.0528033375558));
#2813=CARTESIAN_POINT('Ctrl Pts',(34.4450899301303,145.080818897814,92.0739101445598));
#2814=CARTESIAN_POINT('Ctrl Pts',(34.643548422429,144.826732801209,92.0950169515637));
#2815=CARTESIAN_POINT('Ctrl Pts',(34.9394886065484,144.447841047368,92.1264913030947));
#2816=CARTESIAN_POINT('Ctrl Pts',(35.4396706387843,144.228476044737,92.1579656546256));
#2817=CARTESIAN_POINT('Ctrl Pts',(35.91886060374,144.267418706607,92.1894400061566));
#2818=CARTESIAN_POINT('Ctrl Pts',(36.3980505686958,144.306361368477,92.2209143576876));
#2819=CARTESIAN_POINT('Ctrl Pts',(36.8562484663715,144.603611694848,92.2523887092186));
#2820=CARTESIAN_POINT('Ctrl Pts',(37.0871260003117,145.025316707511,92.2838630607496));
#2821=CARTESIAN_POINT('Ctrl Pts',(37.3180035342519,145.447021720173,92.3153374122805));
#2822=CARTESIAN_POINT('Ctrl Pts',(37.3215607044566,145.993181419128,92.3468117638115));
#2823=CARTESIAN_POINT('Ctrl Pts',(37.096195703375,146.417857966344,92.3782861153425));
#2824=CARTESIAN_POINT('Ctrl Pts',(36.8708307022934,146.842534513561,92.4097604668735));
#2825=CARTESIAN_POINT('Ctrl Pts',(36.4165435299256,147.14572790904,92.4412348184044));
#2826=CARTESIAN_POINT('Ctrl Pts',(35.9379014678118,147.190908987042,92.4727091699354));
#2827=CARTESIAN_POINT('Ctrl Pts',(35.459259405698,147.236090065044,92.5041835214664));
#2828=CARTESIAN_POINT('Ctrl Pts',(34.9562624538382,147.02325882557,92.5356578729973));
#2829=CARTESIAN_POINT('Ctrl Pts',(34.6554120970543,146.648254003926,92.5671322245283));
#2830=CARTESIAN_POINT('Ctrl Pts',(34.4496975648732,146.391834359706,92.5886536598695));
#2831=CARTESIAN_POINT('Ctrl Pts',(34.3384968520552,146.059590313672,92.6101750952106));
#2832=CARTESIAN_POINT('Ctrl Pts',(34.3360195872747,145.728855348552,92.6316965305518));
#2833=CARTESIAN_POINT('Origin',(35.8,145.73,95.3998238623163));
#2834=CARTESIAN_POINT('',(34.332690427185,145.730325769089,93.2316965305519));
#2835=CARTESIAN_POINT('',(34.3352490440169,145.731272786172,93.0679511940806));
#2836=CARTESIAN_POINT('',(34.335,145.73,95.3998238623163));
#2837=CARTESIAN_POINT('Ctrl Pts',(34.3352490440169,145.731272786172,93.0679511940806));
#2838=CARTESIAN_POINT('Ctrl Pts',(34.3341688647008,145.855491611504,93.0598572596932));
#2839=CARTESIAN_POINT('Ctrl Pts',(34.3486813905591,145.979461869952,93.0517633253058));
#2840=CARTESIAN_POINT('Ctrl Pts',(34.3797813149026,146.099120991641,93.0436693909183));
#2841=CARTESIAN_POINT('Ctrl Pts',(34.5007175499302,146.564431566162,93.0121950393874));
#2842=CARTESIAN_POINT('Ctrl Pts',(34.8724797553443,146.964551383872,92.9807206878564));
#2843=CARTESIAN_POINT('Ctrl Pts',(35.3276619633505,147.119304933808,92.9492463363254));
#2844=CARTESIAN_POINT('Ctrl Pts',(35.7828441713566,147.274058483745,92.9177719847945));
#2845=CARTESIAN_POINT('Ctrl Pts',(36.3214463819549,147.183445765907,92.8862976332634));
#2846=CARTESIAN_POINT('Ctrl Pts',(36.7009339237707,146.888270039746,92.8548232817325));
#2847=CARTESIAN_POINT('Ctrl Pts',(37.0804214655866,146.593094313585,92.8233489302015));
#2848=CARTESIAN_POINT('Ctrl Pts',(37.3007943386201,146.093355579101,92.7918745786706));
#2849=CARTESIAN_POINT('Ctrl Pts',(37.2628177805564,145.614088133162,92.7604002271396));
#2850=CARTESIAN_POINT('Ctrl Pts',(37.2248412224927,145.134820687223,92.7289258756086));
#2851=CARTESIAN_POINT('Ctrl Pts',(36.9285152333319,144.676024529829,92.6974515240776));
#2852=CARTESIAN_POINT('Ctrl Pts',(36.5072765591686,144.444297356002,92.6659771725466));
#2853=CARTESIAN_POINT('Ctrl Pts',(36.0860378850054,144.212570182175,92.6345028210156));
#2854=CARTESIAN_POINT('Ctrl Pts',(35.5398865258396,144.207911991915,92.6030284694847));
#2855=CARTESIAN_POINT('Ctrl Pts',(35.1147565639534,144.432420386506,92.5715541179537));
#2856=CARTESIAN_POINT('Ctrl Pts',(34.6896266020672,144.656928781096,92.5400797664227));
#2857=CARTESIAN_POINT('Ctrl Pts',(34.3855180374605,145.110603760537,92.5086054148918));
#2858=CARTESIAN_POINT('Ctrl Pts',(34.3393721403616,145.589153715955,92.4771310633608));
#2859=CARTESIAN_POINT('Ctrl Pts',(34.3348858069655,145.635678646267,92.4740711069341));
#2860=CARTESIAN_POINT('Ctrl Pts',(34.3328376984662,145.682438691164,92.4710111505073));
#2861=CARTESIAN_POINT('Ctrl Pts',(34.3331401669875,145.729225537936,92.4679511940806));
#2862=CARTESIAN_POINT('Ctrl Pts',(34.3360195872747,145.728855348552,92.6316965305518));
#2863=CARTESIAN_POINT('Ctrl Pts',(34.334873938374,145.575901916929,92.6416494467416));
#2864=CARTESIAN_POINT('Ctrl Pts',(34.3569814208837,145.423271238655,92.6516023629314));
#2865=CARTESIAN_POINT('Ctrl Pts',(34.4037474999251,145.278612318158,92.6615552791212));
#2866=CARTESIAN_POINT('Ctrl Pts',(34.5516370212881,144.821153857844,92.6930296306522));
#2867=CARTESIAN_POINT('Ctrl Pts',(34.9461198257223,144.443415341029,92.7245039821832));
#2868=CARTESIAN_POINT('Ctrl Pts',(35.4095587712786,144.315493891779,92.7559783337142));
#2869=CARTESIAN_POINT('Ctrl Pts',(35.8729977168349,144.187572442528,92.7874526852452));
#2870=CARTESIAN_POINT('Ctrl Pts',(36.4053928035134,144.309468060843,92.8189270367761));
#2871=CARTESIAN_POINT('Ctrl Pts',(36.7670044519902,144.626290675444,92.8504013883071));
#2872=CARTESIAN_POINT('Ctrl Pts',(37.128616100467,144.943113290045,92.8818757398381));
#2873=CARTESIAN_POINT('Ctrl Pts',(37.3194443107422,145.454862900932,92.9133500913691));
#2874=CARTESIAN_POINT('Ctrl Pts',(37.2535583971257,145.931096666879,92.9448244429001));
#2875=CARTESIAN_POINT('Ctrl Pts',(37.1876724835093,146.407330432826,92.976298794431));
#2876=CARTESIAN_POINT('Ctrl Pts',(36.8650724460012,146.848048353834,93.007773145962));
#2877=CARTESIAN_POINT('Ctrl Pts',(36.4310263368832,147.054793435014,93.039247497493));
#2878=CARTESIAN_POINT('Ctrl Pts',(35.9969802277651,147.261538516194,93.070721849024));
#2879=CARTESIAN_POINT('Ctrl Pts',(35.4514880470371,147.234310757547,93.1021962005549));
#2880=CARTESIAN_POINT('Ctrl Pts',(35.0401870464254,146.985370924797,93.1336705520859));
#2881=CARTESIAN_POINT('Ctrl Pts',(34.6288860458137,146.736431092046,93.1651449036169));
#2882=CARTESIAN_POINT('Ctrl Pts',(34.3517762253184,146.265779185193,93.1966192551479));
#2883=CARTESIAN_POINT('Ctrl Pts',(34.3336412155027,145.785351589308,93.2280936066788));
#2884=CARTESIAN_POINT('Ctrl Pts',(34.332949233443,145.767019794579,93.2292945813032));
#2885=CARTESIAN_POINT('Ctrl Pts',(34.3326343123742,145.748673766686,93.2304955559275));
#2886=CARTESIAN_POINT('Ctrl Pts',(34.332690427185,145.730325769089,93.2316965305519));
#2887=CARTESIAN_POINT('Origin',(35.8,145.73,95.3998238623163));
#2888=CARTESIAN_POINT('',(34.3367862171122,145.730769215599,93.8316965305519));
#2889=CARTESIAN_POINT('',(34.3367539827962,145.729205878911,93.6679511940806));
#2890=CARTESIAN_POINT('',(34.335,145.73,95.3998238623163));
#2891=CARTESIAN_POINT('Ctrl Pts',(34.3367539827962,145.729205878911,93.6679511940806));
#2892=CARTESIAN_POINT('Ctrl Pts',(34.3382399311848,146.025375146687,93.648703368879));
#2893=CARTESIAN_POINT('Ctrl Pts',(34.4256515856092,146.322350977475,93.6294555436775));
#2894=CARTESIAN_POINT('Ctrl Pts',(34.5927978765662,146.564226859295,93.6102077184759));
#2895=CARTESIAN_POINT('Ctrl Pts',(34.8661181641099,146.959746168699,93.578733366945));
#2896=CARTESIAN_POINT('Ctrl Pts',(35.3526433945256,147.207931998161,93.547259015414));
#2897=CARTESIAN_POINT('Ctrl Pts',(35.8332893636553,147.197025302559,93.515784663883));
#2898=CARTESIAN_POINT('Ctrl Pts',(36.3139353327851,147.186118606957,93.484310312352));
#2899=CARTESIAN_POINT('Ctrl Pts',(36.7887020406288,146.91611938629,93.452835960821));
#2900=CARTESIAN_POINT('Ctrl Pts',(37.0438001909251,146.508609340462,93.42136160929));
#2901=CARTESIAN_POINT('Ctrl Pts',(37.2988983412214,146.101099294635,93.3898872577591));
#2902=CARTESIAN_POINT('Ctrl Pts',(37.3343279339703,145.556078423647,93.3584129062281));
#2903=CARTESIAN_POINT('Ctrl Pts',(37.1341348857712,145.11897174656,93.3269385546972));
#2904=CARTESIAN_POINT('Ctrl Pts',(36.9339418375722,144.681865069474,93.2954642031662));
#2905=CARTESIAN_POINT('Ctrl Pts',(36.4981261484252,144.35267258629,93.2639898516352));
#2906=CARTESIAN_POINT('Ctrl Pts',(36.0229373190708,144.279630953257,93.2325155001042));
#2907=CARTESIAN_POINT('Ctrl Pts',(35.5477484897165,144.206589320223,93.2010411485732));
#2908=CARTESIAN_POINT('Ctrl Pts',(35.0331865201548,144.389698537341,93.1695667970423));
#2909=CARTESIAN_POINT('Ctrl Pts',(34.7109606676944,144.746503811566,93.1380924455113));
#2910=CARTESIAN_POINT('Ctrl Pts',(34.4715983145878,145.01155315316,93.1147120283677));
#2911=CARTESIAN_POINT('Ctrl Pts',(34.3383692871265,145.372450016634,93.0913316112242));
#2912=CARTESIAN_POINT('Ctrl Pts',(34.3352490440169,145.731272786172,93.0679511940806));
#2913=CARTESIAN_POINT('Ctrl Pts',(34.332690427185,145.730325769089,93.2316965305519));
#2914=CARTESIAN_POINT('Ctrl Pts',(34.3341049323551,145.267821536721,93.2619699074585));
#2915=CARTESIAN_POINT('Ctrl Pts',(34.5712793609765,144.804065734898,93.2922432843652));
#2916=CARTESIAN_POINT('Ctrl Pts',(34.9477095184779,144.53548218159,93.3225166612718));
#2917=CARTESIAN_POINT('Ctrl Pts',(35.3390730304047,144.256243654672,93.3539910128028));
#2918=CARTESIAN_POINT('Ctrl Pts',(35.8809602533941,144.187969885751,93.3854653643338));
#2919=CARTESIAN_POINT('Ctrl Pts',(36.3293572623505,144.36140481818,93.4169397158647));
#2920=CARTESIAN_POINT('Ctrl Pts',(36.7777542713069,144.53483975061,93.4484140673957));
#2921=CARTESIAN_POINT('Ctrl Pts',(37.1326610662303,144.949983384389,93.4798884189266));
#2922=CARTESIAN_POINT('Ctrl Pts',(37.2342617359487,145.419894926723,93.5113627704576));
#2923=CARTESIAN_POINT('Ctrl Pts',(37.3358624056671,145.889806469056,93.5428371219886));
#2924=CARTESIAN_POINT('Ctrl Pts',(37.1841569501804,146.414485919942,93.5743114735196));
#2925=CARTESIAN_POINT('Ctrl Pts',(36.8474589271122,146.757668078747,93.6057858250506));
#2926=CARTESIAN_POINT('Ctrl Pts',(36.5107609040441,147.100850237551,93.6372601765816));
#2927=CARTESIAN_POINT('Ctrl Pts',(35.9890703133946,147.262535104273,93.6687345281125));
#2928=CARTESIAN_POINT('Ctrl Pts',(35.5173064568682,147.169915358752,93.7002088796435));
#2929=CARTESIAN_POINT('Ctrl Pts',(35.0455426003418,147.077295613231,93.7316832311744));
#2930=CARTESIAN_POINT('Ctrl Pts',(34.6237054779385,146.730371255468,93.7631575827054));
#2931=CARTESIAN_POINT('Ctrl Pts',(34.4417499904052,146.285363664251,93.7946319342364));
#2932=CARTESIAN_POINT('Ctrl Pts',(34.3703256256472,146.110681466171,93.8069867996749));
#2933=CARTESIAN_POINT('Ctrl Pts',(34.3358636008646,145.920886040174,93.8193416651134));
#2934=CARTESIAN_POINT('Ctrl Pts',(34.3367862171122,145.730769215599,93.8316965305519));
#2935=CARTESIAN_POINT('Origin',(35.8,145.73,95.3998238623163));
#2936=CARTESIAN_POINT('',(34.3351924155615,145.728723787631,94.4316965305518));
#2937=CARTESIAN_POINT('',(34.3326721897887,145.729708283119,94.2679511940806));
#2938=CARTESIAN_POINT('',(34.335,145.73,95.3998238623163));
#2939=CARTESIAN_POINT('Ctrl Pts',(34.3326721897887,145.729708283119,94.2679511940806));
#2940=CARTESIAN_POINT('Ctrl Pts',(34.3339561402824,146.194157588356,94.2375494780649));
#2941=CARTESIAN_POINT('Ctrl Pts',(34.5734223428781,146.659748521968,94.2071477620492));
#2942=CARTESIAN_POINT('Ctrl Pts',(34.9525327000342,146.927944306971,94.1767460460336));
#2943=CARTESIAN_POINT('Ctrl Pts',(35.3450188558817,147.205602594811,94.1452716945026));
#2944=CARTESIAN_POINT('Ctrl Pts',(35.887176868828,147.271690992255,94.1137973429716));
#2945=CARTESIAN_POINT('Ctrl Pts',(36.3348709109328,147.096449608798,94.0823229914406));
#2946=CARTESIAN_POINT('Ctrl Pts',(36.7825649530375,146.921208225342,94.0508486399096));
#2947=CARTESIAN_POINT('Ctrl Pts',(37.1357950243005,146.504637060984,94.0193742883787));
#2948=CARTESIAN_POINT('Ctrl Pts',(37.2355002324765,146.034319745316,93.9878999368477));
#2949=CARTESIAN_POINT('Ctrl Pts',(37.3352054406524,145.564002429648,93.9564255853167));
#2950=CARTESIAN_POINT('Ctrl Pts',(37.1813857857413,145.039938962671,93.9249512337857));
#2951=CARTESIAN_POINT('Ctrl Pts',(36.8433068647657,144.698117156691,93.8934768822547));
#2952=CARTESIAN_POINT('Ctrl Pts',(36.5052279437901,144.356295350711,93.8620025307237));
#2953=CARTESIAN_POINT('Ctrl Pts',(35.98288975675,144.196715205729,93.8305281791928));
#2954=CARTESIAN_POINT('Ctrl Pts',(35.5115032182249,144.29123628498,93.7990538276618));
#2955=CARTESIAN_POINT('Ctrl Pts',(35.0401166796998,144.385757364231,93.7675794761308));
#2956=CARTESIAN_POINT('Ctrl Pts',(34.6196817896897,144.734379667715,93.7361051245998));
#2957=CARTESIAN_POINT('Ctrl Pts',(34.4395220170204,145.18011721413,93.7046307730688));
#2958=CARTESIAN_POINT('Ctrl Pts',(34.3695371532536,145.353268417639,93.6924042467394));
#2959=CARTESIAN_POINT('Ctrl Pts',(34.3358100846204,145.541074424448,93.68017772041));
#2960=CARTESIAN_POINT('Ctrl Pts',(34.3367539827962,145.729205878911,93.6679511940806));
#2961=CARTESIAN_POINT('Ctrl Pts',(34.3367862171122,145.730769215599,93.8316965305519));
#2962=CARTESIAN_POINT('Ctrl Pts',(34.338213990535,145.43655832342,93.8508160166444));
#2963=CARTESIAN_POINT('Ctrl Pts',(34.4243822956063,145.141577733273,93.8699355027369));
#2964=CARTESIAN_POINT('Ctrl Pts',(34.5894440565732,144.900647122221,93.8890549888294));
#2965=CARTESIAN_POINT('Ctrl Pts',(34.861167462938,144.504028996078,93.9205293403603));
#2966=CARTESIAN_POINT('Ctrl Pts',(35.3466881283309,144.253883568462,93.9520036918913));
#2967=CARTESIAN_POINT('Ctrl Pts',(35.8273742210296,144.262852256078,93.9834780434223));
#2968=CARTESIAN_POINT('Ctrl Pts',(36.3080603137283,144.271820943693,94.0149523949533));
#2969=CARTESIAN_POINT('Ctrl Pts',(36.7839118337329,144.53990374654,94.0464267464842));
#2970=CARTESIAN_POINT('Ctrl Pts',(37.04065096171,144.946382025798,94.0779010980152));
#2971=CARTESIAN_POINT('Ctrl Pts',(37.297390089687,145.352860305056,94.1093754495461));
#2972=CARTESIAN_POINT('Ctrl Pts',(37.3350168256365,145.897734060724,94.1408498010772));
#2973=CARTESIAN_POINT('Ctrl Pts',(37.1365877634428,146.335644328684,94.1723241526081));
#2974=CARTESIAN_POINT('Ctrl Pts',(36.9381587012492,146.773554596644,94.2037985041391));
#2975=CARTESIAN_POINT('Ctrl Pts',(36.5036738409124,147.104501376897,94.23527285567));
#2976=CARTESIAN_POINT('Ctrl Pts',(36.0287832798969,147.179458451864,94.266747207201));
#2977=CARTESIAN_POINT('Ctrl Pts',(35.5538927188814,147.254415526831,94.298221558732));
#2978=CARTESIAN_POINT('Ctrl Pts',(35.0385964571873,147.073382896514,94.329695910263));
#2979=CARTESIAN_POINT('Ctrl Pts',(34.71493467319,146.717879400843,94.361170261794));
#2980=CARTESIAN_POINT('Ctrl Pts',(34.4731858962282,146.452347479765,94.3846790180466));
#2981=CARTESIAN_POINT('Ctrl Pts',(34.3383473757373,146.089480647006,94.4081877742992));
#2982=CARTESIAN_POINT('Ctrl Pts',(34.3351924155615,145.728723787631,94.4316965305518));
#2983=CARTESIAN_POINT('Origin',(35.8,145.73,95.3998238623163));
#2984=CARTESIAN_POINT('',(34.3331880079168,145.730776804873,95.0316965305518));
#2985=CARTESIAN_POINT('',(34.336069678468,145.731128999436,94.8679511940806));
#2986=CARTESIAN_POINT('',(34.335,145.73,95.3998238623163));
#2987=CARTESIAN_POINT('',(36.9077203444754,146.688739087779,95.3998238623163));
#2988=CARTESIAN_POINT('Ctrl Pts',(34.3331880079168,145.730776804873,95.0316965305518));
#2989=CARTESIAN_POINT('Ctrl Pts',(34.3360404228449,145.298314309907,95.0599825865471));
#2990=CARTESIAN_POINT('Ctrl Pts',(34.5394045079477,144.863575187915,95.0882686425423));
#2991=CARTESIAN_POINT('Ctrl Pts',(34.8748061104083,144.591069477781,95.1165546985375));
#2992=CARTESIAN_POINT('Ctrl Pts',(35.2480128926367,144.287847971169,95.1480290500685));
#2993=CARTESIAN_POINT('Ctrl Pts',(35.7847002430575,144.185493694427,95.1795034015994));
#2994=CARTESIAN_POINT('Ctrl Pts',(36.2429477482367,144.330810847649,95.2109777531304));
#2995=CARTESIAN_POINT('Ctrl Pts',(36.701195253416,144.476128000871,95.2424521046614));
#2996=CARTESIAN_POINT('Ctrl Pts',(37.0810029133535,144.869116584057,95.2739264561924));
#2997=CARTESIAN_POINT('Ctrl Pts',(37.2116339606175,145.330993576443,95.3054008077233));
#2998=CARTESIAN_POINT('Ctrl Pts',(37.3422650078816,145.792870568829,95.3368751592543));
#2999=CARTESIAN_POINT('Ctrl Pts',(37.223719442472,146.323635970415,95.3683495107853));
#3000=CARTESIAN_POINT('Ctrl Pts',(36.9077203444753,146.688739087779,95.3998238623163));
#3001=CARTESIAN_POINT('',(34.6901535647501,146.690111508398,95.3998238623163));
#3002=CARTESIAN_POINT('Origin',(35.8,145.73,95.3998238623163));
#3003=CARTESIAN_POINT('Ctrl Pts',(34.6901430990367,146.690118264159,95.3998238623163));
#3004=CARTESIAN_POINT('Ctrl Pts',(34.9912447946556,147.035677194416,95.3698234752604));
#3005=CARTESIAN_POINT('Ctrl Pts',(35.4681554166555,147.231071346504,95.3398230882045));
#3006=CARTESIAN_POINT('Ctrl Pts',(35.9248317363037,147.192040612508,95.3098227011487));
#3007=CARTESIAN_POINT('Ctrl Pts',(36.4039452555299,147.151092239409,95.2783483496177));
#3008=CARTESIAN_POINT('Ctrl Pts',(36.8607873448343,146.85211780089,95.2468739980868));
#3009=CARTESIAN_POINT('Ctrl Pts',(37.0899221346619,146.429516847434,95.2153996465558));
#3010=CARTESIAN_POINT('Ctrl Pts',(37.3190569244896,146.006915893978,95.1839252950248));
#3011=CARTESIAN_POINT('Ctrl Pts',(37.3204844148405,145.460688425586,95.1524509434938));
#3012=CARTESIAN_POINT('Ctrl Pts',(37.093428105866,145.036908687787,95.1209765919628));
#3013=CARTESIAN_POINT('Ctrl Pts',(36.8663717968916,144.613128949988,95.0895022404318));
#3014=CARTESIAN_POINT('Ctrl Pts',(36.4108316885917,144.311796942781,95.0580278889008));
#3015=CARTESIAN_POINT('Ctrl Pts',(35.9320023733637,144.268553245231,95.0265535373698));
#3016=CARTESIAN_POINT('Ctrl Pts',(35.4531730581356,144.225309547681,94.9950791858389));
#3017=CARTESIAN_POINT('Ctrl Pts',(34.9510545359793,144.440154159788,94.9636048343079));
#3018=CARTESIAN_POINT('Ctrl Pts',(34.6517228973802,144.816365483296,94.932130482777));
#3019=CARTESIAN_POINT('Ctrl Pts',(34.4482673776193,145.072076074807,94.9107373865448));
#3020=CARTESIAN_POINT('Ctrl Pts',(34.3384976144377,145.402336667675,94.8893442903127));
#3021=CARTESIAN_POINT('Ctrl Pts',(34.336069678468,145.731128999436,94.8679511940806));
#3022=CARTESIAN_POINT('Origin',(-39.2,145.73,95.3998238623163));
#3023=CARTESIAN_POINT('',(-40.6633222370294,145.729146596538,90.8316965305519));
#3024=CARTESIAN_POINT('',(-40.6661059307215,145.728864917525,90.6679511940807));
#3025=CARTESIAN_POINT('',(-40.665,145.73,95.3998238623163));
#3026=CARTESIAN_POINT('',(-37.8158474221447,146.209944414715,90.3998238623163));
#3027=CARTESIAN_POINT('Ctrl Pts',(-40.6661059307215,145.728864917525,90.6679511940807));
#3028=CARTESIAN_POINT('Ctrl Pts',(-40.6627930540113,146.133590899776,90.6415241198878));
#3029=CARTESIAN_POINT('Ctrl Pts',(-40.4883083587227,146.540992070459,90.615097045695));
#3030=CARTESIAN_POINT('Ctrl Pts',(-40.1902608440372,146.813198818973,90.5886699715022));
#3031=CARTESIAN_POINT('Ctrl Pts',(-39.8352895679248,147.137394029888,90.5571956199712));
#3032=CARTESIAN_POINT('Ctrl Pts',(-39.3050500526829,147.269822102197,90.5257212684402));
#3033=CARTESIAN_POINT('Ctrl Pts',(-38.8397367726478,147.152013399684,90.4942469169092));
#3034=CARTESIAN_POINT('Ctrl Pts',(-38.3744234926127,147.034204697171,90.4627725653782));
#3035=CARTESIAN_POINT('Ctrl Pts',(-37.9740364477844,146.666159219835,90.4312982138473));
#3036=CARTESIAN_POINT('Ctrl Pts',(-37.8158474221446,146.209944414715,90.3998238623163));
#3037=CARTESIAN_POINT('',(-38.9234412196248,144.288787893026,90.3998238623163));
#3038=CARTESIAN_POINT('Origin',(-39.2,145.73,90.3998238623163));
#3039=CARTESIAN_POINT('Ctrl Pts',(-38.9234406001528,144.288775515018,90.3998238623163));
#3040=CARTESIAN_POINT('Ctrl Pts',(-38.4736276559727,144.376758058469,90.4298242493721));
#3041=CARTESIAN_POINT('Ctrl Pts',(-38.0659551658774,144.692077542007,90.459824636428));
#3042=CARTESIAN_POINT('Ctrl Pts',(-37.8714184105607,145.10708644854,90.4898250234838));
#3043=CARTESIAN_POINT('Ctrl Pts',(-37.667323769677,145.542485371507,90.5212993750148));
#3044=CARTESIAN_POINT('Ctrl Pts',(-37.6978227163781,146.087610143165,90.5527737265458));
#3045=CARTESIAN_POINT('Ctrl Pts',(-37.9492387984656,146.497347511972,90.5842480780768));
#3046=CARTESIAN_POINT('Ctrl Pts',(-38.2006548805531,146.907084880779,90.6157224296078));
#3047=CARTESIAN_POINT('Ctrl Pts',(-38.672988098027,147.181434846737,90.6471967811387));
#3048=CARTESIAN_POINT('Ctrl Pts',(-39.153520536563,147.196688154843,90.6786711326697));
#3049=CARTESIAN_POINT('Ctrl Pts',(-39.6340529750989,147.211941462949,90.7101454842007));
#3050=CARTESIAN_POINT('Ctrl Pts',(-40.1227846346968,146.968098113204,90.7416198357317));
#3051=CARTESIAN_POINT('Ctrl Pts',(-40.399649644314,146.575041376989,90.7730941872627));
#3052=CARTESIAN_POINT('Ctrl Pts',(-40.5714820258051,146.331096231526,90.7926283016924));
#3053=CARTESIAN_POINT('Ctrl Pts',(-40.661705704915,146.029675731405,90.8121624161222));
#3054=CARTESIAN_POINT('Ctrl Pts',(-40.6633222370294,145.729146596538,90.8316965305519));
#3055=CARTESIAN_POINT('Origin',(-39.2,145.73,95.3998238623163));
#3056=CARTESIAN_POINT('',(-40.6673628717106,145.729785123001,91.4316965305519));
#3057=CARTESIAN_POINT('',(-40.6656437586251,145.731222313774,91.2679511940806));
#3058=CARTESIAN_POINT('',(-40.665,145.73,95.3998238623163));
#3059=CARTESIAN_POINT('Ctrl Pts',(-40.6656437586251,145.731222313774,91.2679511940806));
#3060=CARTESIAN_POINT('Ctrl Pts',(-40.6664764082687,145.824794989312,91.2618445806046));
#3061=CARTESIAN_POINT('Ctrl Pts',(-40.6582676951006,145.918222285832,91.2557379671286));
#3062=CARTESIAN_POINT('Ctrl Pts',(-40.6404824375777,146.009789571918,91.2496313536526));
#3063=CARTESIAN_POINT('Ctrl Pts',(-40.5488146990603,146.481740345021,91.2181570021217));
#3064=CARTESIAN_POINT('Ctrl Pts',(-40.2027443619729,146.904279611218,91.1866826505907));
#3065=CARTESIAN_POINT('Ctrl Pts',(-39.7581024986738,147.08713005403,91.1552082990597));
#3066=CARTESIAN_POINT('Ctrl Pts',(-39.3134606353746,147.269980496841,91.1237339475288));
#3067=CARTESIAN_POINT('Ctrl Pts',(-38.7702472458637,147.213142116269,91.0922595959978));
#3068=CARTESIAN_POINT('Ctrl Pts',(-38.3730856025657,146.942222667474,91.0607852444668));
#3069=CARTESIAN_POINT('Ctrl Pts',(-37.9759239592678,146.671303218679,91.0293108929358));
#3070=CARTESIAN_POINT('Ctrl Pts',(-37.7248140621827,146.186302701661,90.9978365414048));
#3071=CARTESIAN_POINT('Ctrl Pts',(-37.732805927316,145.705590763363,90.9663621898738));
#3072=CARTESIAN_POINT('Ctrl Pts',(-37.7407977924492,145.224878825065,90.9348878383429));
#3073=CARTESIAN_POINT('Ctrl Pts',(-38.0078914198008,144.748455465486,90.9034134868119));
#3074=CARTESIAN_POINT('Ctrl Pts',(-38.4138681291413,144.490915168585,90.871939135281));
#3075=CARTESIAN_POINT('Ctrl Pts',(-38.8198448384818,144.233374871685,90.84046478375));
#3076=CARTESIAN_POINT('Ctrl Pts',(-39.3647046298112,144.194717637463,90.808990432219));
#3077=CARTESIAN_POINT('Ctrl Pts',(-39.8029801543051,144.392225437981,90.777516080688));
#3078=CARTESIAN_POINT('Ctrl Pts',(-40.2412556787989,144.5897332385,90.746041729157));
#3079=CARTESIAN_POINT('Ctrl Pts',(-40.5729469364573,145.023406073758,90.7145673776261));
#3080=CARTESIAN_POINT('Ctrl Pts',(-40.648941046795,145.498223666147,90.6830930260951));
#3081=CARTESIAN_POINT('Ctrl Pts',(-40.6611275838413,145.574366174483,90.678045748757));
#3082=CARTESIAN_POINT('Ctrl Pts',(-40.6667386533385,145.651566754911,90.6729984714188));
#3083=CARTESIAN_POINT('Ctrl Pts',(-40.6661059307215,145.728864917525,90.6679511940807));
#3084=CARTESIAN_POINT('Ctrl Pts',(-40.6633222370294,145.729146596538,90.8316965305519));
#3085=CARTESIAN_POINT('Ctrl Pts',(-40.6643103430834,145.545448014294,90.8436367676531));
#3086=CARTESIAN_POINT('Ctrl Pts',(-40.6321924118471,145.362082470325,90.8555770047544));
#3087=CARTESIAN_POINT('Ctrl Pts',(-40.5653701400063,145.19237974389,90.8675172418556));
#3088=CARTESIAN_POINT('Ctrl Pts',(-40.3892272664448,144.745044969689,90.8989915933866));
#3089=CARTESIAN_POINT('Ctrl Pts',(-39.9719431596854,144.392645543971,90.9304659449175));
#3090=CARTESIAN_POINT('Ctrl Pts',(-39.5014251144356,144.293886067914,90.9619402964485));
#3091=CARTESIAN_POINT('Ctrl Pts',(-39.0309070691859,144.195126591857,90.9934146479794));
#3092=CARTESIAN_POINT('Ctrl Pts',(-38.5071550854459,144.35000706546,91.0248889995105));
#3093=CARTESIAN_POINT('Ctrl Pts',(-38.1660154747604,144.688775816056,91.0563633510414));
#3094=CARTESIAN_POINT('Ctrl Pts',(-37.8248758640749,145.027544566651,91.0878377025724));
#3095=CARTESIAN_POINT('Ctrl Pts',(-37.6663486264439,145.550201594238,91.1193120541034));
#3096=CARTESIAN_POINT('Ctrl Pts',(-37.761819782046,146.021396369786,91.1507864056344));
#3097=CARTESIAN_POINT('Ctrl Pts',(-37.8572909376481,146.492591145333,91.1822607571653));
#3098=CARTESIAN_POINT('Ctrl Pts',(-38.2067604864833,146.912323668842,91.2137351086963));
#3099=CARTESIAN_POINT('Ctrl Pts',(-38.6528606529579,147.091584879006,91.2452094602273));
#3100=CARTESIAN_POINT('Ctrl Pts',(-39.0989608194326,147.27084608917,91.2766838117583));
#3101=CARTESIAN_POINT('Ctrl Pts',(-39.6416916035466,147.20963598599,91.3081581632892));
#3102=CARTESIAN_POINT('Ctrl Pts',(-40.0366593524259,146.935518601657,91.3396325148202));
#3103=CARTESIAN_POINT('Ctrl Pts',(-40.4217593388973,146.668249688443,91.3703205200641));
#3104=CARTESIAN_POINT('Ctrl Pts',(-40.6663873981704,146.19857903077,91.401008525308));
#3105=CARTESIAN_POINT('Ctrl Pts',(-40.6673628717106,145.729785123001,91.4316965305519));
#3106=CARTESIAN_POINT('Origin',(-39.2,145.73,95.3998238623163));
#3107=CARTESIAN_POINT('',(-40.6638269979595,145.731095129644,92.0316965305519));
#3108=CARTESIAN_POINT('',(-40.6628728831224,145.729634132522,91.8679511940806));
#3109=CARTESIAN_POINT('',(-40.665,145.73,95.3998238623163));
#3110=CARTESIAN_POINT('Ctrl Pts',(-40.6628728831224,145.729634132522,91.8679511940806));
#3111=CARTESIAN_POINT('Ctrl Pts',(-40.6622684415582,145.995394771804,91.8506906897905));
#3112=CARTESIAN_POINT('Ctrl Pts',(-40.5929642674105,146.261449107064,91.8334301855003));
#3113=CARTESIAN_POINT('Ctrl Pts',(-40.4569008172087,146.487281070788,91.8161696812102));
#3114=CARTESIAN_POINT('Ctrl Pts',(-40.2087905192601,146.899083327183,91.7846953296793));
#3115=CARTESIAN_POINT('Ctrl Pts',(-39.7386979757287,147.17714158748,91.7532209781483));
#3116=CARTESIAN_POINT('Ctrl Pts',(-39.2583076244764,147.196245065701,91.7217466266173));
#3117=CARTESIAN_POINT('Ctrl Pts',(-38.7779172732242,147.215348543921,91.6902722750863));
#3118=CARTESIAN_POINT('Ctrl Pts',(-38.2872291142512,146.975497240067,91.6587979235553));
#3119=CARTESIAN_POINT('Ctrl Pts',(-38.0072020701797,146.584697276374,91.6273235720243));
#3120=CARTESIAN_POINT('Ctrl Pts',(-37.7271750261082,146.193897312682,91.5958492204934));
#3121=CARTESIAN_POINT('Ctrl Pts',(-37.6578090969384,145.652148689152,91.5643748689624));
#3122=CARTESIAN_POINT('Ctrl Pts',(-37.8303397444005,145.203402608492,91.5329005174314));
#3123=CARTESIAN_POINT('Ctrl Pts',(-38.0028703918626,144.754656527833,91.5014261659005));
#3124=CARTESIAN_POINT('Ctrl Pts',(-38.4172976159567,144.398912990043,91.4699518143695));
#3125=CARTESIAN_POINT('Ctrl Pts',(-38.8870038306604,144.296365352239,91.4384774628385));
#3126=CARTESIAN_POINT('Ctrl Pts',(-39.356710045364,144.193817714434,91.4070031113075));
#3127=CARTESIAN_POINT('Ctrl Pts',(-39.8816952506772,144.344465976615,91.3755287597765));
#3128=CARTESIAN_POINT('Ctrl Pts',(-40.22555528336,144.680471247711,91.3440544082456));
#3129=CARTESIAN_POINT('Ctrl Pts',(-40.5027000317781,144.95128520535,91.3186866701906));
#3130=CARTESIAN_POINT('Ctrl Pts',(-40.6621848139689,145.342508154695,91.2933189321356));
#3131=CARTESIAN_POINT('Ctrl Pts',(-40.6656437586251,145.731222313774,91.2679511940806));
#3132=CARTESIAN_POINT('Ctrl Pts',(-40.6673628717106,145.729785123001,91.4316965305519));
#3133=CARTESIAN_POINT('Ctrl Pts',(-40.6673878671442,145.71777279617,91.432482876839));
#3134=CARTESIAN_POINT('Ctrl Pts',(-40.667252884164,145.705761044999,91.4332692231261));
#3135=CARTESIAN_POINT('Ctrl Pts',(-40.6669561868336,145.693753289495,91.4340555694132));
#3136=CARTESIAN_POINT('Ctrl Pts',(-40.6550805587172,145.213130027148,91.4655299209441));
#3137=CARTESIAN_POINT('Ctrl Pts',(-40.3841245888398,144.738908167938,91.4970042724751));
#3138=CARTESIAN_POINT('Ctrl Pts',(-39.9761008341302,144.484631857839,91.5284786240061));
#3139=CARTESIAN_POINT('Ctrl Pts',(-39.5680770794206,144.23035554774,91.5599529755371));
#3140=CARTESIAN_POINT('Ctrl Pts',(-39.0229855398789,144.196024786752,91.5914273270681));
#3141=CARTESIAN_POINT('Ctrl Pts',(-38.5862830431313,144.397098756922,91.622901678599));
#3142=CARTESIAN_POINT('Ctrl Pts',(-38.1495805463837,144.598172727092,91.65437603013));
#3143=CARTESIAN_POINT('Ctrl Pts',(-37.8212670924304,145.034651428419,91.685850381661));
#3144=CARTESIAN_POINT('Ctrl Pts',(-37.7491835137373,145.509986847193,91.7173247331919));
#3145=CARTESIAN_POINT('Ctrl Pts',(-37.6770999350443,145.985322265966,91.7487990847229));
#3146=CARTESIAN_POINT('Ctrl Pts',(-37.8612462316115,146.499514402185,91.7802734362539));
#3147=CARTESIAN_POINT('Ctrl Pts',(-38.2187006064114,146.821020515153,91.8117477877849));
#3148=CARTESIAN_POINT('Ctrl Pts',(-38.5761549812113,147.142526628121,91.8432221393159));
#3149=CARTESIAN_POINT('Ctrl Pts',(-39.1069174342438,147.271346717838,91.8746964908468));
#3150=CARTESIAN_POINT('Ctrl Pts',(-39.5719835689261,147.149472606432,91.9061708423778));
#3151=CARTESIAN_POINT('Ctrl Pts',(-40.0370497036083,147.027598495026,91.9376451939088));
#3152=CARTESIAN_POINT('Ctrl Pts',(-40.4364195199404,146.655030182496,91.9691195454398));
#3153=CARTESIAN_POINT('Ctrl Pts',(-40.5902552348084,146.199536625168,92.0005938969708));
#3154=CARTESIAN_POINT('Ctrl Pts',(-40.6409281969559,146.049498593956,92.0109614414978));
#3155=CARTESIAN_POINT('Ctrl Pts',(-40.6649601877918,145.890462997622,92.0213289860249));
#3156=CARTESIAN_POINT('Ctrl Pts',(-40.6638269979595,145.731095129644,92.0316965305519));
#3157=CARTESIAN_POINT('Origin',(-39.2,145.73,95.3998238623163));
#3158=CARTESIAN_POINT('',(-40.6639812205098,145.72885534792,92.6316965305519));
#3159=CARTESIAN_POINT('',(-40.6668608197875,145.729225537415,92.4679511940806));
#3160=CARTESIAN_POINT('',(-40.665,145.73,95.3998238623163));
#3161=CARTESIAN_POINT('Ctrl Pts',(-40.6668608197875,145.729225537415,92.4679511940806));
#3162=CARTESIAN_POINT('Ctrl Pts',(-40.6640521308227,146.163682980196,92.4395367989764));
#3163=CARTESIAN_POINT('Ctrl Pts',(-40.4585586683695,146.600451486062,92.4111224038721));
#3164=CARTESIAN_POINT('Ctrl Pts',(-40.1205600840146,146.872735073577,92.3827080087678));
#3165=CARTESIAN_POINT('Ctrl Pts',(-39.7461623105648,147.174340978545,92.3512336572368));
#3166=CARTESIAN_POINT('Ctrl Pts',(-39.2091836765638,147.274127518424,92.3197593057058));
#3167=CARTESIAN_POINT('Ctrl Pts',(-38.7514277498233,147.127160425221,92.2882849541749));
#3168=CARTESIAN_POINT('Ctrl Pts',(-38.2936718230828,146.980193332018,92.2568106026439));
#3169=CARTESIAN_POINT('Ctrl Pts',(-37.9151386036028,146.586472605734,92.2253362511129));
#3170=CARTESIAN_POINT('Ctrl Pts',(-37.7862830746623,146.123292223191,92.1938618995819));
#3171=CARTESIAN_POINT('Ctrl Pts',(-37.6574275457218,145.660111840648,92.162387548051));
#3172=CARTESIAN_POINT('Ctrl Pts',(-37.7782497073208,145.127471801847,92.13091319652));
#3173=CARTESIAN_POINT('Ctrl Pts',(-38.0943428667391,144.765221985556,92.099438844989));
#3174=CARTESIAN_POINT('Ctrl Pts',(-38.4104360261574,144.402972169265,92.067964493458));
#3175=CARTESIAN_POINT('Ctrl Pts',(-38.9218001833951,144.211112575483,92.0364901419271));
#3176=CARTESIAN_POINT('Ctrl Pts',(-39.3981660752233,144.27603833321,92.0050157903961));
#3177=CARTESIAN_POINT('Ctrl Pts',(-39.8745319670515,144.340964090937,91.9735414388651));
#3178=CARTESIAN_POINT('Ctrl Pts',(-40.3158995934702,144.662675200172,91.9420670873341));
#3179=CARTESIAN_POINT('Ctrl Pts',(-40.5235193804966,145.096303881036,91.9105927358031));
#3180=CARTESIAN_POINT('Ctrl Pts',(-40.6172806748022,145.292131007863,91.8963788885623));
#3181=CARTESIAN_POINT('Ctrl Pts',(-40.6633706345158,145.510782987393,91.8821650413214));
#3182=CARTESIAN_POINT('Ctrl Pts',(-40.6628728831224,145.729634132522,91.8679511940806));
#3183=CARTESIAN_POINT('Ctrl Pts',(-40.6638269979595,145.731095129644,92.0316965305519));
#3184=CARTESIAN_POINT('Ctrl Pts',(-40.6615199889059,145.406645418021,92.0528033375558));
#3185=CARTESIAN_POINT('Ctrl Pts',(-40.5549108174724,145.080818539615,92.0739101445597));
#3186=CARTESIAN_POINT('Ctrl Pts',(-40.3564522156704,144.826732302813,92.0950169515637));
#3187=CARTESIAN_POINT('Ctrl Pts',(-40.0605118682603,144.447840339912,92.1264913030946));
#3188=CARTESIAN_POINT('Ctrl Pts',(-39.560329560036,144.228475216237,92.1579656546256));
#3189=CARTESIAN_POINT('Ctrl Pts',(-39.0811393306758,144.267417899594,92.1894400061566));
#3190=CARTESIAN_POINT('Ctrl Pts',(-38.6019491013156,144.30636058295,92.2209143576876));
#3191=CARTESIAN_POINT('Ctrl Pts',(-38.1437509508196,144.603611073338,92.2523887092186));
#3192=CARTESIAN_POINT('Ctrl Pts',(-37.9128732894876,145.025316318686,92.2838630607496));
#3193=CARTESIAN_POINT('Ctrl Pts',(-37.6819956281557,145.447021564035,92.3153374122805));
#3194=CARTESIAN_POINT('Ctrl Pts',(-37.6784384559877,145.993181564344,92.3468117638115));
#3195=CARTESIAN_POINT('Ctrl Pts',(-37.9038035814194,146.417858345885,92.3782861153425));
#3196=CARTESIAN_POINT('Ctrl Pts',(-38.129168706851,146.842535127426,92.4097604668734));
#3197=CARTESIAN_POINT('Ctrl Pts',(-38.5834561298822,147.1457286902,92.4412348184044));
#3198=CARTESIAN_POINT('Ctrl Pts',(-39.0620984560977,147.190909793132,92.4727091699354));
#3199=CARTESIAN_POINT('Ctrl Pts',(-39.5407407823132,147.236090896064,92.5041835214664));
#3200=CARTESIAN_POINT('Ctrl Pts',(-40.0437380117128,147.023259539155,92.5356578729973));
#3201=CARTESIAN_POINT('Ctrl Pts',(-40.3445885344979,146.648254510594,92.5671322245283));
#3202=CARTESIAN_POINT('Ctrl Pts',(-40.5503031801867,146.391834724889,92.5886536598695));
#3203=CARTESIAN_POINT('Ctrl Pts',(-40.6615039543624,146.059590495531,92.6101750952107));
#3204=CARTESIAN_POINT('Ctrl Pts',(-40.6639812205098,145.72885534792,92.6316965305519));
#3205=CARTESIAN_POINT('Origin',(-39.2,145.73,95.3998238623163));
#3206=CARTESIAN_POINT('',(-40.6673103824364,145.730325769269,93.2316965305519));
#3207=CARTESIAN_POINT('',(-40.6647519413397,145.731272787028,93.0679511940806));
#3208=CARTESIAN_POINT('',(-40.665,145.73,95.3998238623163));
#3209=CARTESIAN_POINT('Ctrl Pts',(-40.6647519413397,145.731272787028,93.0679511940806));
#3210=CARTESIAN_POINT('Ctrl Pts',(-40.6658321213825,145.855491695924,93.0598572596932));
#3211=CARTESIAN_POINT('Ctrl Pts',(-40.6513195857614,145.979462037768,93.0517633253058));
#3212=CARTESIAN_POINT('Ctrl Pts',(-40.6202196404965,146.099121239954,93.0436693909183));
#3213=CARTESIAN_POINT('Ctrl Pts',(-40.4992833241135,146.564432127495,93.0121950393874));
#3214=CARTESIAN_POINT('Ctrl Pts',(-40.1275208686101,146.964552214371,92.9807206878564));
#3215=CARTESIAN_POINT('Ctrl Pts',(-39.672338354397,147.119305868412,92.9492463363254));
#3216=CARTESIAN_POINT('Ctrl Pts',(-39.2171558401839,147.274059522452,92.9177719847944));
#3217=CARTESIAN_POINT('Ctrl Pts',(-38.678553267261,147.183446743658,92.8862976332634));
#3218=CARTESIAN_POINT('Ctrl Pts',(-38.2990654701592,146.888270818929,92.8548232817324));
#3219=CARTESIAN_POINT('Ctrl Pts',(-37.9195776730573,146.593094894199,92.8233489302015));
#3220=CARTESIAN_POINT('Ctrl Pts',(-37.6992046517765,146.093355823534,92.7918745786705));
#3221=CARTESIAN_POINT('Ctrl Pts',(-37.7371812353875,145.614088055186,92.7604002271395));
#3222=CARTESIAN_POINT('Ctrl Pts',(-37.7751578189985,145.134820286838,92.7289258756086));
#3223=CARTESIAN_POINT('Ctrl Pts',(-38.0714840075015,144.676023820805,92.6974515240776));
#3224=CARTESIAN_POINT('Ctrl Pts',(-38.4927229650376,144.444296491093,92.6659771725466));
#3225=CARTESIAN_POINT('Ctrl Pts',(-38.9139619225737,144.212569161381,92.6345028210156));
#3226=CARTESIAN_POINT('Ctrl Pts',(-39.460113649143,144.207910967988,92.6030284694846));
#3227=CARTESIAN_POINT('Ctrl Pts',(-39.8852438970193,144.432419513608,92.5715541179537));
#3228=CARTESIAN_POINT('Ctrl Pts',(-40.3103741448955,144.656928059228,92.5400797664227));
#3229=CARTESIAN_POINT('Ctrl Pts',(-40.6144829140786,145.110603343861,92.5086054148917));
#3230=CARTESIAN_POINT('Ctrl Pts',(-40.6606288422208,145.589153621206,92.4771310633608));
#3231=CARTESIAN_POINT('Ctrl Pts',(-40.665115178635,145.635678582815,92.474071106934));
#3232=CARTESIAN_POINT('Ctrl Pts',(-40.6671632885121,145.682438659169,92.4710111505073));
#3233=CARTESIAN_POINT('Ctrl Pts',(-40.6668608197875,145.729225537415,92.4679511940806));
#3234=CARTESIAN_POINT('Ctrl Pts',(-40.6639812205098,145.72885534792,92.6316965305519));
#3235=CARTESIAN_POINT('Ctrl Pts',(-40.6651268700426,145.575901831902,92.6416494467417));
#3236=CARTESIAN_POINT('Ctrl Pts',(-40.6430193753346,145.42327106941,92.6516023629315));
#3237=CARTESIAN_POINT('Ctrl Pts',(-40.596253270489,145.278612069095,92.6615552791213));
#3238=CARTESIAN_POINT('Ctrl Pts',(-40.4483636675247,144.821153356368,92.6930296306523));
#3239=CARTESIAN_POINT('Ctrl Pts',(-40.0538806454257,144.443414631127,92.7245039821832));
#3240=CARTESIAN_POINT('Ctrl Pts',(-39.5904414441564,144.315493111293,92.7559783337142));
#3241=CARTESIAN_POINT('Ctrl Pts',(-39.1270022428872,144.187571591459,92.7874526852452));
#3242=CARTESIAN_POINT('Ctrl Pts',(-38.5946068624477,144.309467277032,92.8189270367762));
#3243=CARTESIAN_POINT('Ctrl Pts',(-38.2329950144434,144.626290066447,92.8504013883071));
#3244=CARTESIAN_POINT('Ctrl Pts',(-37.8713831664391,144.943112855862,92.8818757398381));
#3245=CARTESIAN_POINT('Ctrl Pts',(-37.68055485087,145.454862749118,92.9133500913691));
#3246=CARTESIAN_POINT('Ctrl Pts',(-37.7464408008404,145.931096777839,92.9448244429));
#3247=CARTESIAN_POINT('Ctrl Pts',(-37.8123267508108,146.407330806559,92.976298794431));
#3248=CARTESIAN_POINT('Ctrl Pts',(-38.1349269663206,146.848048970742,93.007773145962));
#3249=CARTESIAN_POINT('Ctrl Pts',(-38.5689733149334,147.054794165999,93.039247497493));
#3250=CARTESIAN_POINT('Ctrl Pts',(-39.0030196635463,147.261539361255,93.070721849024));
#3251=CARTESIAN_POINT('Ctrl Pts',(-39.5485121452621,147.234311587585,93.1021962005549));
#3252=CARTESIAN_POINT('Ctrl Pts',(-39.9598133728184,146.985371617476,93.1336705520859));
#3253=CARTESIAN_POINT('Ctrl Pts',(-40.3711146003748,146.736431647368,93.1651449036169));
#3254=CARTESIAN_POINT('Ctrl Pts',(-40.6482245737718,146.265779480821,93.1966192551478));
#3255=CARTESIAN_POINT('Ctrl Pts',(-40.6663595935939,145.78535161985,93.2280936066788));
#3256=CARTESIAN_POINT('Ctrl Pts',(-40.6670515760355,145.767019815006,93.2292945813032));
#3257=CARTESIAN_POINT('Ctrl Pts',(-40.6673664972781,145.74867377699,93.2304955559275));
#3258=CARTESIAN_POINT('Ctrl Pts',(-40.6673103824364,145.730325769269,93.2316965305519));
#3259=CARTESIAN_POINT('Origin',(-39.2,145.73,95.3998238623163));
#3260=CARTESIAN_POINT('',(-40.6632145902498,145.730769216044,93.8316965305519));
#3261=CARTESIAN_POINT('',(-40.6632470015459,145.729205878375,93.6679511940806));
#3262=CARTESIAN_POINT('',(-40.665,145.73,95.3998238623163));
#3263=CARTESIAN_POINT('Ctrl Pts',(-40.6632470015459,145.729205878375,93.6679511940806));
#3264=CARTESIAN_POINT('Ctrl Pts',(-40.6617610521585,146.025375345388,93.648703368879));
#3265=CARTESIAN_POINT('Ctrl Pts',(-40.5743493389328,146.322351375958,93.6294555436774));
#3266=CARTESIAN_POINT('Ctrl Pts',(-40.4072029355348,146.564227420491,93.6102077184759));
#3267=CARTESIAN_POINT('Ctrl Pts',(-40.133882464126,146.959746995967,93.5787333669449));
#3268=CARTESIAN_POINT('Ctrl Pts',(-39.6473569064165,147.207932992385,93.5472590154139));
#3269=CARTESIAN_POINT('Ctrl Pts',(-39.1667106139496,147.197026289445,93.515784663883));
#3270=CARTESIAN_POINT('Ctrl Pts',(-38.6860643214827,147.186119586505,93.484310312352));
#3271=CARTESIAN_POINT('Ctrl Pts',(-38.2112972942584,146.916120184207,93.452835960821));
#3272=CARTESIAN_POINT('Ctrl Pts',(-37.9561989723546,146.508609864243,93.4213616092901));
#3273=CARTESIAN_POINT('Ctrl Pts',(-37.7011006504509,146.101099544278,93.3898872577591));
#3274=CARTESIAN_POINT('Ctrl Pts',(-37.6656710338677,145.556078306647,93.3584129062281));
#3275=CARTESIAN_POINT('Ctrl Pts',(-37.8658642167392,145.118971335513,93.3269385546971));
#3276=CARTESIAN_POINT('Ctrl Pts',(-38.0660573996107,144.68186436438,93.2954642031661));
#3277=CARTESIAN_POINT('Ctrl Pts',(-38.5018733819368,144.352671659744,93.2639898516352));
#3278=CARTESIAN_POINT('Ctrl Pts',(-38.9770625309569,144.279629977575,93.2325155001042));
#3279=CARTESIAN_POINT('Ctrl Pts',(-39.4522516799769,144.206588295406,93.2010411485732));
#3280=CARTESIAN_POINT('Ctrl Pts',(-39.9668139956908,144.389697635704,93.1695667970423));
#3281=CARTESIAN_POINT('Ctrl Pts',(-40.2890400649165,144.746503149955,93.1380924455113));
#3282=CARTESIAN_POINT('Ctrl Pts',(-40.528402579045,145.011552669851,93.1147120283677));
#3283=CARTESIAN_POINT('Ctrl Pts',(-40.6616316961311,145.372449776105,93.0913316112242));
#3284=CARTESIAN_POINT('Ctrl Pts',(-40.6647519413397,145.731272787028,93.0679511940806));
#3285=CARTESIAN_POINT('Ctrl Pts',(-40.6673103824364,145.730325769269,93.2316965305519));
#3286=CARTESIAN_POINT('Ctrl Pts',(-40.6658958764857,145.267821281703,93.2619699074585));
#3287=CARTESIAN_POINT('Ctrl Pts',(-40.4287213169983,144.804065223994,93.2922432843651));
#3288=CARTESIAN_POINT('Ctrl Pts',(-40.052290951793,144.535481522489,93.3225166612718));
#3289=CARTESIAN_POINT('Ctrl Pts',(-39.6609272239226,144.256242841494,93.3539910128028));
#3290=CARTESIAN_POINT('Ctrl Pts',(-39.1190397019343,144.187969034898,93.3854653643338));
#3291=CARTESIAN_POINT('Ctrl Pts',(-38.6706424455647,144.361404063025,93.4169397158647));
#3292=CARTESIAN_POINT('Ctrl Pts',(-38.2222451891951,144.534839091153,93.4484140673957));
#3293=CARTESIAN_POINT('Ctrl Pts',(-37.8673381984443,144.949982954002,93.4798884189266));
#3294=CARTESIAN_POINT('Ctrl Pts',(-37.7657374726651,145.419894755617,93.5113627704576));
#3295=CARTESIAN_POINT('Ctrl Pts',(-37.664136746886,145.889806557232,93.5428371219886));
#3296=CARTESIAN_POINT('Ctrl Pts',(-37.8158422860786,146.414486297613,93.5743114735196));
#3297=CARTESIAN_POINT('Ctrl Pts',(-38.1525404949278,146.757668645781,93.6057858250506));
#3298=CARTESIAN_POINT('Ctrl Pts',(-38.489238703777,147.100850993949,93.6372601765815));
#3299=CARTESIAN_POINT('Ctrl Pts',(-39.0109295822828,147.262535949904,93.6687345281125));
#3300=CARTESIAN_POINT('Ctrl Pts',(-39.482693699115,147.169916153268,93.7002088796435));
#3301=CARTESIAN_POINT('Ctrl Pts',(-39.9544578159473,147.077296356632,93.7316832311745));
#3302=CARTESIAN_POINT('Ctrl Pts',(-40.3762951711061,146.730371807405,93.7631575827054));
#3303=CARTESIAN_POINT('Ctrl Pts',(-40.5582507590384,146.285363970666,93.7946319342364));
#3304=CARTESIAN_POINT('Ctrl Pts',(-40.6296751632068,146.110681676208,93.8069867996749));
#3305=CARTESIAN_POINT('Ctrl Pts',(-40.6641372070056,145.920886145505,93.8193416651134));
#3306=CARTESIAN_POINT('Ctrl Pts',(-40.6632145902498,145.730769216044,93.8316965305519));
#3307=CARTESIAN_POINT('Origin',(-39.2,145.73,95.3998238623163));
#3308=CARTESIAN_POINT('',(-40.6648083924403,145.728723789989,94.4316965305519));
#3309=CARTESIAN_POINT('',(-40.6673287971735,145.729708282747,94.2679511940806));
#3310=CARTESIAN_POINT('',(-40.665,145.73,95.3998238623163));
#3311=CARTESIAN_POINT('Ctrl Pts',(-40.6673287971735,145.729708282747,94.2679511940806));
#3312=CARTESIAN_POINT('Ctrl Pts',(-40.6660448457338,146.194157900299,94.2375494780649));
#3313=CARTESIAN_POINT('Ctrl Pts',(-40.4265784822624,146.659749147423,94.2071477620492));
#3314=CARTESIAN_POINT('Ctrl Pts',(-40.0474678701278,146.927945112923,94.1767460460335));
#3315=CARTESIAN_POINT('Ctrl Pts',(-39.6549814503058,147.205603587628,94.1452716945025));
#3316=CARTESIAN_POINT('Ctrl Pts',(-39.1128230725249,147.271692029371,94.1137973429715));
#3317=CARTESIAN_POINT('Ctrl Pts',(-38.6651287292218,147.096450527987,94.0823229914405));
#3318=CARTESIAN_POINT('Ctrl Pts',(-38.2174343859187,146.921209026603,94.0508486399096));
#3319=CARTESIAN_POINT('Ctrl Pts',(-37.8642040770935,146.504637582091,94.0193742883787));
#3320=CARTESIAN_POINT('Ctrl Pts',(-37.7644988018596,146.034319950055,93.9878999368477));
#3321=CARTESIAN_POINT('Ctrl Pts',(-37.6647935266256,145.564002318019,93.9564255853167));
#3322=CARTESIAN_POINT('Ctrl Pts',(-37.8186132849828,145.039938498458,93.9249512337857));
#3323=CARTESIAN_POINT('Ctrl Pts',(-38.156692433381,144.698116462521,93.8934768822547));
#3324=CARTESIAN_POINT('Ctrl Pts',(-38.4947715817791,144.356294426583,93.8620025307237));
#3325=CARTESIAN_POINT('Ctrl Pts',(-39.0171101202182,144.196714174269,93.8305281791928));
#3326=CARTESIAN_POINT('Ctrl Pts',(-39.4884969758549,144.29123531711,93.7990538276618));
#3327=CARTESIAN_POINT('Ctrl Pts',(-39.9598838314915,144.385756459952,93.7675794761309));
#3328=CARTESIAN_POINT('Ctrl Pts',(-40.3803190043257,144.734378997949,93.7361051245998));
#3329=CARTESIAN_POINT('Ctrl Pts',(-40.5604788981887,145.180116844215,93.7046307730688));
#3330=CARTESIAN_POINT('Ctrl Pts',(-40.6304638090344,145.353268164204,93.6924042467394));
#3331=CARTESIAN_POINT('Ctrl Pts',(-40.6641909003563,145.541074297353,93.68017772041));
#3332=CARTESIAN_POINT('Ctrl Pts',(-40.6632470015459,145.729205878375,93.6679511940806));
#3333=CARTESIAN_POINT('Ctrl Pts',(-40.6632145902498,145.730769216044,93.8316965305519));
#3334=CARTESIAN_POINT('Ctrl Pts',(-40.6617868160406,145.436558161552,93.8508160166444));
#3335=CARTESIAN_POINT('Ctrl Pts',(-40.5756184634254,145.141577408663,93.8699355027369));
#3336=CARTESIAN_POINT('Ctrl Pts',(-40.4105566113813,144.900646664647,93.8890549888293));
#3337=CARTESIAN_POINT('Ctrl Pts',(-40.138833055086,144.504028319621,93.9205293403603));
#3338=CARTESIAN_POINT('Ctrl Pts',(-39.6533121217895,144.253882753819,93.9520036918913));
#3339=CARTESIAN_POINT('Ctrl Pts',(-39.172625763862,144.262851446464,93.9834780434223));
#3340=CARTESIAN_POINT('Ctrl Pts',(-38.6919394059344,144.271820139109,94.0149523949533));
#3341=CARTESIAN_POINT('Ctrl Pts',(-38.2160876233758,144.5399030902,94.0464267464843));
#3342=CARTESIAN_POINT('Ctrl Pts',(-37.9593483537391,144.946381593582,94.0779010980152));
#3343=CARTESIAN_POINT('Ctrl Pts',(-37.7026090841024,145.352860096963,94.1093754495462));
#3344=CARTESIAN_POINT('Ctrl Pts',(-37.6649823273876,145.897734152635,94.1408498010772));
#3345=CARTESIAN_POINT('Ctrl Pts',(-37.8634114990573,146.335644662537,94.1723241526081));
#3346=CARTESIAN_POINT('Ctrl Pts',(-38.061840670727,146.773555172439,94.2037985041391));
#3347=CARTESIAN_POINT('Ctrl Pts',(-38.4963257707813,147.104502136571,94.2352728556701));
#3348=CARTESIAN_POINT('Ctrl Pts',(-38.9712165938683,147.179459252281,94.2667472072011));
#3349=CARTESIAN_POINT('Ctrl Pts',(-39.4461074169554,147.254416367991,94.298221558732));
#3350=CARTESIAN_POINT('Ctrl Pts',(-39.9614039630753,147.073383635279,94.329695910263));
#3351=CARTESIAN_POINT('Ctrl Pts',(-40.2850659255434,146.717879944651,94.361170261794));
#3352=CARTESIAN_POINT('Ctrl Pts',(-40.5268148358082,146.452347877958,94.3846790180466));
#3353=CARTESIAN_POINT('Ctrl Pts',(-40.6616534304913,146.089480847945,94.4081877742992));
#3354=CARTESIAN_POINT('Ctrl Pts',(-40.6648083924403,145.728723789989,94.4316965305519));
#3355=CARTESIAN_POINT('Origin',(-39.2,145.73,95.3998238623163));
#3356=CARTESIAN_POINT('',(-40.6668128280856,145.730776850384,95.0316965305519));
#3357=CARTESIAN_POINT('',(-40.6639313073914,145.73112900582,94.8679511940806));
#3358=CARTESIAN_POINT('',(-40.665,145.73,95.3998238623163));
#3359=CARTESIAN_POINT('',(-38.0922796555245,146.688739087779,95.3998238623163));
#3360=CARTESIAN_POINT('Ctrl Pts',(-40.6668128280856,145.730776850384,95.0316965305519));
#3361=CARTESIAN_POINT('Ctrl Pts',(-40.6639605167895,145.29831396558,95.0599825865471));
#3362=CARTESIAN_POINT('Ctrl Pts',(-40.4605965273713,144.863574252138,95.0882686425422));
#3363=CARTESIAN_POINT('Ctrl Pts',(-40.1251946969365,144.591068437021,95.1165546985374));
#3364=CARTESIAN_POINT('Ctrl Pts',(-39.7519876610376,144.287846813593,95.1480290500684));
#3365=CARTESIAN_POINT('Ctrl Pts',(-39.2152996562122,144.185493022348,95.1795034015994));
#3366=CARTESIAN_POINT('Ctrl Pts',(-38.7570527160795,144.330809574144,95.2109777531304));
#3367=CARTESIAN_POINT('Ctrl Pts',(-38.2988057759469,144.476126125941,95.2424521046614));
#3368=CARTESIAN_POINT('Ctrl Pts',(-37.918999900507,144.869113020779,95.2739264561923));
#3369=CARTESIAN_POINT('Ctrl Pts',(-37.7883685959022,145.330990481898,95.3054008077233));
#3370=CARTESIAN_POINT('Ctrl Pts',(-37.6577372912975,145.792867943016,95.3368751592543));
#3371=CARTESIAN_POINT('Ctrl Pts',(-37.7762805575279,146.323635970415,95.3683495107853));
#3372=CARTESIAN_POINT('Ctrl Pts',(-38.0922796555245,146.688739087779,95.3998238623163));
#3373=CARTESIAN_POINT('',(-40.3098469162089,146.690113013004,95.3998238623163));
#3374=CARTESIAN_POINT('Origin',(-39.2,145.73,95.3998238623163));
#3375=CARTESIAN_POINT('Ctrl Pts',(-40.3098573250026,146.690119737868,95.3998238623162));
#3376=CARTESIAN_POINT('Ctrl Pts',(-40.0087557373253,147.035677887285,95.3698234752604));
#3377=CARTESIAN_POINT('Ctrl Pts',(-39.531844803047,147.231072895207,95.3398230882045));
#3378=CARTESIAN_POINT('Ctrl Pts',(-39.0751681631898,147.192042215034,95.3098227011486));
#3379=CARTESIAN_POINT('Ctrl Pts',(-38.5960543080222,147.151093898401,95.2783483496177));
#3380=CARTESIAN_POINT('Ctrl Pts',(-38.1392118740475,146.852118633591,95.2468739980868));
#3381=CARTESIAN_POINT('Ctrl Pts',(-37.9100769420008,146.429517226173,95.2153996465558));
#3382=CARTESIAN_POINT('Ctrl Pts',(-37.6809420099542,146.006915818754,95.1839252950248));
#3383=CARTESIAN_POINT('Ctrl Pts',(-37.6795145798357,145.460688268727,95.1524509434937));
#3384=CARTESIAN_POINT('Ctrl Pts',(-37.9065710499925,145.036908311185,95.1209765919628));
#3385=CARTESIAN_POINT('Ctrl Pts',(-38.1336275201493,144.613128353643,95.0895022404318));
#3386=CARTESIAN_POINT('Ctrl Pts',(-38.5891678905814,144.311795988586,95.0580278889009));
#3387=CARTESIAN_POINT('Ctrl Pts',(-39.0679975203262,144.268552223611,95.0265535373699));
#3388=CARTESIAN_POINT('Ctrl Pts',(-39.546827150071,144.225308458637,94.9950791858389));
#3389=CARTESIAN_POINT('Ctrl Pts',(-40.0489460391285,144.440153293745,94.9636048343079));
#3390=CARTESIAN_POINT('Ctrl Pts',(-40.3482778849151,144.816364889447,94.932130482777));
#3391=CARTESIAN_POINT('Ctrl Pts',(-40.551733545501,145.072075665968,94.9107373865448));
#3392=CARTESIAN_POINT('Ctrl Pts',(-40.6615033757214,145.402336466572,94.8893442903127));
#3393=CARTESIAN_POINT('Ctrl Pts',(-40.6639313073914,145.73112900582,94.8679511940806));
#3394=CARTESIAN_POINT('Origin',(37.,194.13,95.3998238623163));
#3395=CARTESIAN_POINT('',(35.5366652259779,194.129146722627,90.8316965305519));
#3396=CARTESIAN_POINT('',(35.5338746656805,194.128863972204,90.6679511940806));
#3397=CARTESIAN_POINT('',(35.535,194.13,95.3998238623163));
#3398=CARTESIAN_POINT('',(38.3841525778553,194.609944414715,90.3998238623163));
#3399=CARTESIAN_POINT('Ctrl Pts',(35.5338746656805,194.128863972204,90.6679511940806));
#3400=CARTESIAN_POINT('Ctrl Pts',(35.5371895551171,194.533593349414,90.6415241198878));
#3401=CARTESIAN_POINT('Ctrl Pts',(35.7116797734079,194.940997423615,90.615097045695));
#3402=CARTESIAN_POINT('Ctrl Pts',(36.0097174570332,195.213201919334,90.5886699715022));
#3403=CARTESIAN_POINT('Ctrl Pts',(36.3646770244623,195.537394447195,90.5571956199712));
#3404=CARTESIAN_POINT('Ctrl Pts',(36.8948830519817,195.669812522455,90.5257212684402));
#3405=CARTESIAN_POINT('Ctrl Pts',(37.36020468392,195.552003715615,90.4942469169092));
#3406=CARTESIAN_POINT('Ctrl Pts',(37.8255263158582,195.434194908775,90.4627725653782));
#3407=CARTESIAN_POINT('Ctrl Pts',(38.2259635522155,195.066159219835,90.4312982138473));
#3408=CARTESIAN_POINT('Ctrl Pts',(38.3841525778553,194.609944414715,90.3998238623163));
#3409=CARTESIAN_POINT('',(37.2765737488162,192.688772605788,90.3998238623163));
#3410=CARTESIAN_POINT('Origin',(37.,194.13,90.3998238623163));
#3411=CARTESIAN_POINT('Ctrl Pts',(37.2765743873208,192.688761127982,90.3998238623163));
#3412=CARTESIAN_POINT('Ctrl Pts',(37.7263784586654,192.77674735033,90.4298242493721));
#3413=CARTESIAN_POINT('Ctrl Pts',(38.1340611084289,193.092065303539,90.459824636428));
#3414=CARTESIAN_POINT('Ctrl Pts',(38.328600052155,193.507077468852,90.4898250234838));
#3415=CARTESIAN_POINT('Ctrl Pts',(38.5326969889678,193.942479810708,90.5212993750148));
#3416=CARTESIAN_POINT('Ctrl Pts',(38.5021915644149,194.487613272514,90.5527737265458));
#3417=CARTESIAN_POINT('Ctrl Pts',(38.2507714637312,194.897355020661,90.5842480780768));
#3418=CARTESIAN_POINT('Ctrl Pts',(37.9993513630474,195.307096768809,90.6157224296078));
#3419=CARTESIAN_POINT('Ctrl Pts',(37.5270165862327,195.581446803297,90.6471967811387));
#3420=CARTESIAN_POINT('Ctrl Pts',(37.0464806528132,195.596699783247,90.6786711326697));
#3421=CARTESIAN_POINT('Ctrl Pts',(36.5659447193937,195.611952763197,90.7101454842007));
#3422=CARTESIAN_POINT('Ctrl Pts',(36.0772076293693,195.36810868861,90.7416198357317));
#3423=CARTESIAN_POINT('Ctrl Pts',(35.8003399310928,194.975048924026,90.7730941872627));
#3424=CARTESIAN_POINT('Ctrl Pts',(35.628505880923,194.731101899047,90.7926283016924));
#3425=CARTESIAN_POINT('Ctrl Pts',(35.5382815892331,194.429678632118,90.8121624161222));
#3426=CARTESIAN_POINT('Ctrl Pts',(35.5366652259779,194.129146722627,90.8316965305519));
#3427=CARTESIAN_POINT('Origin',(37.,194.13,95.3998238623163));
#3428=CARTESIAN_POINT('',(35.5326247024586,194.129785117457,91.4316965305519));
#3429=CARTESIAN_POINT('',(35.5343439189692,194.131222358271,91.2679511940806));
#3430=CARTESIAN_POINT('',(35.535,194.13,95.3998238623163));
#3431=CARTESIAN_POINT('Ctrl Pts',(35.5343439189692,194.131222358271,91.2679511940806));
#3432=CARTESIAN_POINT('Ctrl Pts',(35.5335112622709,194.224795816387,91.2618445806046));
#3433=CARTESIAN_POINT('Ctrl Pts',(35.541720048652,194.318223892281,91.2557379671286));
#3434=CARTESIAN_POINT('Ctrl Pts',(35.5595054660736,194.40979193935,91.2496313536526));
#3435=CARTESIAN_POINT('Ctrl Pts',(35.6511740287317,194.881746634664,91.2181570021217));
#3436=CARTESIAN_POINT('Ctrl Pts',(35.9972474927808,195.304289334487,91.1866826505907));
#3437=CARTESIAN_POINT('Ctrl Pts',(36.441892956484,195.487141339375,91.1552082990598));
#3438=CARTESIAN_POINT('Ctrl Pts',(36.8865384201871,195.669993344264,91.1237339475288));
#3439=CARTESIAN_POINT('Ctrl Pts',(37.4297558835443,195.613154654218,91.0922595959978));
#3440=CARTESIAN_POINT('Ctrl Pts',(37.8269210645228,195.342232890167,91.0607852444668));
#3441=CARTESIAN_POINT('Ctrl Pts',(38.2240862455012,195.071311126116,91.0293108929358));
#3442=CARTESIAN_POINT('Ctrl Pts',(38.4751991441008,194.586306288059,90.9978365414049));
#3443=CARTESIAN_POINT('Ctrl Pts',(38.467206764696,194.105590387673,90.9663621898739));
#3444=CARTESIAN_POINT('Ctrl Pts',(38.4592143852913,193.624874487287,90.9348878383429));
#3445=CARTESIAN_POINT('Ctrl Pts',(38.1921167278822,193.148447524572,90.9034134868119));
#3446=CARTESIAN_POINT('Ctrl Pts',(37.7861373499242,192.890905021566,90.8719391352809));
#3447=CARTESIAN_POINT('Ctrl Pts',(37.3801579719663,192.633362518561,90.8404647837499));
#3448=CARTESIAN_POINT('Ctrl Pts',(36.8352968734594,192.594704475266,90.808990432219));
#3449=CARTESIAN_POINT('Ctrl Pts',(36.3970156408683,192.792213620048,90.777516080688));
#3450=CARTESIAN_POINT('Ctrl Pts',(35.9587344082772,192.98972276483,90.746041729157));
#3451=CARTESIAN_POINT('Ctrl Pts',(35.6270330416019,193.423399097688,90.714567377626));
#3452=CARTESIAN_POINT('Ctrl Pts',(35.5510389119336,193.898220754349,90.6830930260951));
#3453=CARTESIAN_POINT('Ctrl Pts',(35.5388523717874,193.974363914438,90.6780457487569));
#3454=CARTESIAN_POINT('Ctrl Pts',(35.5332415586551,194.051565161191,90.6729984714188));
#3455=CARTESIAN_POINT('Ctrl Pts',(35.5338746656805,194.128863972204,90.6679511940806));
#3456=CARTESIAN_POINT('Ctrl Pts',(35.5366652259779,194.129146722627,90.8316965305519));
#3457=CARTESIAN_POINT('Ctrl Pts',(35.5356772231391,193.945446444392,90.8436367676531));
#3458=CARTESIAN_POINT('Ctrl Pts',(35.5677955495577,193.762079201512,90.8555770047544));
#3459=CARTESIAN_POINT('Ctrl Pts',(35.634618445821,193.5923749741,90.8675172418556));
#3460=CARTESIAN_POINT('Ctrl Pts',(35.8107629653542,193.145036243337,90.8989915933866));
#3461=CARTESIAN_POINT('Ctrl Pts',(36.2280503109493,192.792634236392,90.9304659449175));
#3462=CARTESIAN_POINT('Ctrl Pts',(36.6985722644527,192.693874017995,90.9619402964485));
#3463=CARTESIAN_POINT('Ctrl Pts',(37.1690942179562,192.595113799597,90.9934146479795));
#3464=CARTESIAN_POINT('Ctrl Pts',(37.6928507793679,192.749995369748,91.0248889995104));
#3465=CARTESIAN_POINT('Ctrl Pts',(38.0339933159103,193.088766938552,91.0563633510414));
#3466=CARTESIAN_POINT('Ctrl Pts',(38.3751358524526,193.427538507355,91.0878377025724));
#3467=CARTESIAN_POINT('Ctrl Pts',(38.5336643641255,193.950200074812,91.1193120541034));
#3468=CARTESIAN_POINT('Ctrl Pts',(38.4381923821926,194.421398868195,91.1507864056344));
#3469=CARTESIAN_POINT('Ctrl Pts',(38.3427204002597,194.892597661577,91.1822607571653));
#3470=CARTESIAN_POINT('Ctrl Pts',(37.993247924721,195.312333680884,91.2137351086963));
#3471=CARTESIAN_POINT('Ctrl Pts',(37.5471439886681,195.491596394974,91.2452094602273));
#3472=CARTESIAN_POINT('Ctrl Pts',(37.1010400526151,195.670859109064,91.2766838117583));
#3473=CARTESIAN_POINT('Ctrl Pts',(36.5583046560481,195.609648517936,91.3081581632893));
#3474=CARTESIAN_POINT('Ctrl Pts',(36.1633335579583,195.335528819465,91.3396325148203));
#3475=CARTESIAN_POINT('Ctrl Pts',(35.7782303059522,195.068257649926,91.3703205200642));
#3476=CARTESIAN_POINT('Ctrl Pts',(35.5336001820548,194.598582999848,91.401008525308));
#3477=CARTESIAN_POINT('Ctrl Pts',(35.5326247024586,194.129785117457,91.4316965305519));
#3478=CARTESIAN_POINT('Origin',(37.,194.13,95.3998238623163));
#3479=CARTESIAN_POINT('',(35.5361606045446,194.131095138845,92.0316965305519));
#3480=CARTESIAN_POINT('',(35.5371148930659,194.129634129852,91.8679511940806));
#3481=CARTESIAN_POINT('',(35.535,194.13,95.3998238623163));
#3482=CARTESIAN_POINT('Ctrl Pts',(35.5371148930659,194.129634129852,91.8679511940806));
#3483=CARTESIAN_POINT('Ctrl Pts',(35.5377193392139,194.395396990029,91.8506906897905));
#3484=CARTESIAN_POINT('Ctrl Pts',(35.6070240921221,194.661453548548,91.8334301855004));
#3485=CARTESIAN_POINT('Ctrl Pts',(35.7430886797256,194.887287398928,91.8161696812103));
#3486=CARTESIAN_POINT('Ctrl Pts',(35.9912010517146,195.299093095619,91.7846953296793));
#3487=CARTESIAN_POINT('Ctrl Pts',(36.4612975268327,195.577153676967,91.7532209781483));
#3488=CARTESIAN_POINT('Ctrl Pts',(36.9416918901633,195.596257315877,91.7217466266173));
#3489=CARTESIAN_POINT('Ctrl Pts',(37.4220862534939,195.615360954788,91.6902722750863));
#3490=CARTESIAN_POINT('Ctrl Pts',(37.9127785050371,195.375507651262,91.6587979235554));
#3491=CARTESIAN_POINT('Ctrl Pts',(38.1928078926538,194.984704420178,91.6273235720244));
#3492=CARTESIAN_POINT('Ctrl Pts',(38.4728372802705,194.593901189094,91.5958492204934));
#3493=CARTESIAN_POINT('Ctrl Pts',(38.5422038039607,194.052148030452,91.5643748689624));
#3494=CARTESIAN_POINT('Ctrl Pts',(38.3696717074046,193.603398204025,91.5329005174314));
#3495=CARTESIAN_POINT('Ctrl Pts',(38.1971396108485,193.154648377599,91.5014261659005));
#3496=CARTESIAN_POINT('Ctrl Pts',(37.782708894046,192.798901883389,91.4699518143695));
#3497=CARTESIAN_POINT('Ctrl Pts',(37.3129987695844,192.696353381825,91.4384774628385));
#3498=CARTESIAN_POINT('Ctrl Pts',(36.8432886451228,192.593804880261,91.4070031113075));
#3499=CARTESIAN_POINT('Ctrl Pts',(36.318299113002,192.744454371343,91.3755287597766));
#3500=CARTESIAN_POINT('Ctrl Pts',(35.9744361775752,193.080462462287,91.3440544082456));
#3501=CARTESIAN_POINT('Ctrl Pts',(35.6972890895997,193.351278692672,91.3186866701906));
#3502=CARTESIAN_POINT('Ctrl Pts',(35.5378028929316,193.74250494825,91.2933189321356));
#3503=CARTESIAN_POINT('Ctrl Pts',(35.5343439189692,194.131222358271,91.2679511940806));
#3504=CARTESIAN_POINT('Ctrl Pts',(35.5326247024586,194.129785117457,91.4316965305519));
#3505=CARTESIAN_POINT('Ctrl Pts',(35.5325997068698,194.117772688781,91.432482876839));
#3506=CARTESIAN_POINT('Ctrl Pts',(35.5327346910465,194.105760835776,91.4332692231261));
#3507=CARTESIAN_POINT('Ctrl Pts',(35.5330313909394,194.09375297848,91.4340555694132));
#3508=CARTESIAN_POINT('Ctrl Pts',(35.5449071216225,193.613125641782,91.4655299209441));
#3509=CARTESIAN_POINT('Ctrl Pts',(35.8158653826011,193.138899774201,91.4970042724751));
#3510=CARTESIAN_POINT('Ctrl Pts',(36.2238925920096,192.884621312532,91.5284786240061));
#3511=CARTESIAN_POINT('Ctrl Pts',(36.631919801418,192.630342850862,91.5599529755371));
#3512=CARTESIAN_POINT('Ctrl Pts',(37.1770159592563,192.596011795103,91.591427327068));
#3513=CARTESIAN_POINT('Ctrl Pts',(37.6137221550096,192.797087467223,91.622901678599));
#3514=CARTESIAN_POINT('Ctrl Pts',(38.050428350763,192.998163139343,91.65437603013));
#3515=CARTESIAN_POINT('Ctrl Pts',(38.3787445844314,193.434645539341,91.685850381661));
#3516=CARTESIAN_POINT('Ctrl Pts',(38.4508287733967,193.909984984355,91.7173247331919));
#3517=CARTESIAN_POINT('Ctrl Pts',(38.5229129623619,194.385324429369,91.7487990847229));
#3518=CARTESIAN_POINT('Ctrl Pts',(38.338765106624,194.899520919398,91.7802734362539));
#3519=CARTESIAN_POINT('Ctrl Pts',(37.9813077045589,195.221029755029,91.8117477877849));
#3520=CARTESIAN_POINT('Ctrl Pts',(37.6238503024937,195.542538590661,91.8432221393159));
#3521=CARTESIAN_POINT('Ctrl Pts',(37.0930833541014,195.671359771895,91.8746964908468));
#3522=CARTESIAN_POINT('Ctrl Pts',(36.6280132806044,195.549484628433,91.9061708423778));
#3523=CARTESIAN_POINT('Ctrl Pts',(36.1629432071073,195.427609484971,91.9376451939088));
#3524=CARTESIAN_POINT('Ctrl Pts',(35.7635700085056,195.055038016813,91.9691195454398));
#3525=CARTESIAN_POINT('Ctrl Pts',(35.6097329907885,194.599540601731,92.0005938969708));
#3526=CARTESIAN_POINT('Ctrl Pts',(35.5590595994869,194.449501299787,92.0109614414978));
#3527=CARTESIAN_POINT('Ctrl Pts',(35.5350274051185,194.29046435654,92.0213289860249));
#3528=CARTESIAN_POINT('Ctrl Pts',(35.5361606045446,194.131095138845,92.0316965305519));
#3529=CARTESIAN_POINT('Origin',(37.,194.13,95.3998238623163));
#3530=CARTESIAN_POINT('',(35.536006380661,194.128855338225,92.6316965305519));
#3531=CARTESIAN_POINT('',(35.5331269237149,194.129225530941,92.4679511940806));
#3532=CARTESIAN_POINT('',(35.535,194.13,95.3998238623163));
#3533=CARTESIAN_POINT('Ctrl Pts',(35.5331269237149,194.129225530941,92.4679511940806));
#3534=CARTESIAN_POINT('Ctrl Pts',(35.5359356361392,194.563686603881,92.4395367989764));
#3535=CARTESIAN_POINT('Ctrl Pts',(35.7414308155938,195.000458759224,92.4111224038721));
#3536=CARTESIAN_POINT('Ctrl Pts',(36.0794322241416,195.272744621823,92.3827080087678));
#3537=CARTESIAN_POINT('Ctrl Pts',(36.4538331259225,195.57435304688,92.3512336572368));
#3538=CARTESIAN_POINT('Ctrl Pts',(36.9908162467541,195.674140420496,92.3197593057059));
#3539=CARTESIAN_POINT('Ctrl Pts',(37.4485759982925,195.527172099315,92.2882849541749));
#3540=CARTESIAN_POINT('Ctrl Pts',(37.9063357498309,195.380203778133,92.2568106026439));
#3541=CARTESIAN_POINT('Ctrl Pts',(38.284872132076,194.986479762153,92.2253362511129));
#3542=CARTESIAN_POINT('Ctrl Pts',(38.4137287377372,194.523295509422,92.193861899582));
#3543=CARTESIAN_POINT('Ctrl Pts',(38.5425853433983,194.060111256691,92.162387548051));
#3544=CARTESIAN_POINT('Ctrl Pts',(38.4217621724754,193.52746676721,92.13091319652));
#3545=CARTESIAN_POINT('Ctrl Pts',(38.1056663717967,193.16521392418,92.099438844989));
#3546=CARTESIAN_POINT('Ctrl Pts',(37.789570571118,192.80296108115,92.067964493458));
#3547=CARTESIAN_POINT('Ctrl Pts',(37.2782021406836,192.611099884571,92.0364901419271));
#3548=CARTESIAN_POINT('Ctrl Pts',(36.801832268761,192.676026184643,92.0050157903961));
#3549=CARTESIAN_POINT('Ctrl Pts',(36.3254623968383,192.740952484715,91.9735414388651));
#3550=CARTESIAN_POINT('Ctrl Pts',(35.8840910834274,193.06266628144,91.9420670873341));
#3551=CARTESIAN_POINT('Ctrl Pts',(35.676469561152,193.49629858582,91.9105927358031));
#3552=CARTESIAN_POINT('Ctrl Pts',(35.5827074832064,193.69212734903,91.8963788885623));
#3553=CARTESIAN_POINT('Ctrl Pts',(35.5366171378979,193.91078115584,91.8821650413215));
#3554=CARTESIAN_POINT('Ctrl Pts',(35.5371148930659,194.129634129852,91.8679511940806));
#3555=CARTESIAN_POINT('Ctrl Pts',(35.5361606045446,194.131095138845,92.0316965305519));
#3556=CARTESIAN_POINT('Ctrl Pts',(35.53846763313,193.806642679395,92.0528033375558));
#3557=CARTESIAN_POINT('Ctrl Pts',(35.6450777074406,193.480813041542,92.0739101445598));
#3558=CARTESIAN_POINT('Ctrl Pts',(35.8435379900309,193.22672465284,92.0950169515637));
#3559=CARTESIAN_POINT('Ctrl Pts',(36.1394808438233,192.847829481039,92.1264913030947));
#3560=CARTESIAN_POINT('Ctrl Pts',(36.6396673882408,192.628462499443,92.1579656546257));
#3561=CARTESIAN_POINT('Ctrl Pts',(37.1188616759906,192.667405512599,92.1894400061566));
#3562=CARTESIAN_POINT('Ctrl Pts',(37.5980559637404,192.706348525755,92.2209143576876));
#3563=CARTESIAN_POINT('Ctrl Pts',(38.0562579948226,193.003601533663,92.2523887092186));
#3564=CARTESIAN_POINT('Ctrl Pts',(38.2871376115135,193.425310350548,92.2838630607495));
#3565=CARTESIAN_POINT('Ctrl Pts',(38.5180172282044,193.847019167433,92.3153374122805));
#3566=CARTESIAN_POINT('Ctrl Pts',(38.5215744305039,194.393183793296,92.3468117638115));
#3567=CARTESIAN_POINT('Ctrl Pts',(38.296207396399,194.817864171529,92.3782861153424));
#3568=CARTESIAN_POINT('Ctrl Pts',(38.0708403622941,195.242544549762,92.4097604668734));
#3569=CARTESIAN_POINT('Ctrl Pts',(37.6165490917847,195.545740680366,92.4412348184044));
#3570=CARTESIAN_POINT('Ctrl Pts',(37.137902711825,195.59092216595,92.4727091699354));
#3571=CARTESIAN_POINT('Ctrl Pts',(36.6592563318653,195.636103651534,92.5041835214664));
#3572=CARTESIAN_POINT('Ctrl Pts',(36.1562548424553,195.423270492099,92.5356578729973));
#3573=CARTESIAN_POINT('Ctrl Pts',(35.8554017716909,195.048262287524,92.5671322245283));
#3574=CARTESIAN_POINT('Ctrl Pts',(35.6496853837527,194.791840330134,92.5886536598695));
#3575=CARTESIAN_POINT('Ctrl Pts',(35.5384836677892,194.459593286915,92.6101750952107));
#3576=CARTESIAN_POINT('Ctrl Pts',(35.536006380661,194.128855338225,92.6316965305519));
#3577=CARTESIAN_POINT('Origin',(37.,194.13,95.3998238623163));
#3578=CARTESIAN_POINT('',(35.5326771905392,194.130325772025,93.2316965305519));
#3579=CARTESIAN_POINT('',(35.53523581978,194.131272797663,93.0679511940806));
#3580=CARTESIAN_POINT('',(35.535,194.13,95.3998238623163));
#3581=CARTESIAN_POINT('Ctrl Pts',(35.53523581978,194.131272797663,93.0679511940806));
#3582=CARTESIAN_POINT('Ctrl Pts',(35.5341556307116,194.255492744483,93.0598572596932));
#3583=CARTESIAN_POINT('Ctrl Pts',(35.5486682875936,194.379464122173,93.0517633253058));
#3584=CARTESIAN_POINT('Ctrl Pts',(35.5797684927171,194.499124324183,93.0436693909183));
#3585=CARTESIAN_POINT('Ctrl Pts',(35.7007058195952,194.964439099676,93.0121950393874));
#3586=CARTESIAN_POINT('Ctrl Pts',(36.0724713813967,195.364562529795,92.9807206878564));
#3587=CARTESIAN_POINT('Ctrl Pts',(36.5276576989328,195.519317476895,92.9492463363254));
#3588=CARTESIAN_POINT('Ctrl Pts',(36.982844016469,195.674072423995,92.9177719847945));
#3589=CARTESIAN_POINT('Ctrl Pts',(37.5214510897397,195.583458888076,92.8862976332635));
#3590=CARTESIAN_POINT('Ctrl Pts',(37.9009420576891,195.288280496975,92.8548232817325));
#3591=CARTESIAN_POINT('Ctrl Pts',(38.2804330256385,194.993102105874,92.8233489302015));
#3592=CARTESIAN_POINT('Ctrl Pts',(38.5008078882667,194.493358859591,92.7918745786705));
#3593=CARTESIAN_POINT('Ctrl Pts',(38.4628309873393,194.014087086673,92.7604002271396));
#3594=CARTESIAN_POINT('Ctrl Pts',(38.424854086412,193.534815313754,92.7289258756086));
#3595=CARTESIAN_POINT('Ctrl Pts',(38.1285254219291,193.0760150142,92.6974515240776));
#3596=CARTESIAN_POINT('Ctrl Pts',(37.7072829446874,192.844285748268,92.6659771725466));
#3597=CARTESIAN_POINT('Ctrl Pts',(37.2860404674458,192.612556482336,92.6345028210156));
#3598=CARTESIAN_POINT('Ctrl Pts',(36.7398841774454,192.607898250027,92.6030284694846));
#3599=CARTESIAN_POINT('Ctrl Pts',(36.3147503773543,192.832408671548,92.5715541179537));
#3600=CARTESIAN_POINT('Ctrl Pts',(35.8896165772633,193.056919093069,92.5400797664227));
#3601=CARTESIAN_POINT('Ctrl Pts',(35.5855052670816,193.510598168421,92.5086054148917));
#3602=CARTESIAN_POINT('Ctrl Pts',(35.5393589533559,193.989152444345,92.4771310633608));
#3603=CARTESIAN_POINT('Ctrl Pts',(35.5348725794551,194.035677794699,92.474071106934));
#3604=CARTESIAN_POINT('Ctrl Pts',(35.5328244524639,194.082438261762,92.4710111505073));
#3605=CARTESIAN_POINT('Ctrl Pts',(35.5331269237149,194.129225530941,92.4679511940806));
#3606=CARTESIAN_POINT('Ctrl Pts',(35.536006380661,194.128855338225,92.6316965305519));
#3607=CARTESIAN_POINT('Ctrl Pts',(35.5348607214252,193.975900526806,92.6416494467417));
#3608=CARTESIAN_POINT('Ctrl Pts',(35.5569684033672,193.823268471645,92.6516023629315));
#3609=CARTESIAN_POINT('Ctrl Pts',(35.6037349042868,193.678608246176,92.6615552791213));
#3610=CARTESIAN_POINT('Ctrl Pts',(35.7516257597656,193.221145659115,92.6930296306523));
#3611=CARTESIAN_POINT('Ctrl Pts',(36.1461121228419,192.843403734708,92.7245039821833));
#3612=CARTESIAN_POINT('Ctrl Pts',(36.6095552490957,192.715481131474,92.7559783337142));
#3613=CARTESIAN_POINT('Ctrl Pts',(37.0729983753495,192.58755852824,92.7874526852452));
#3614=CARTESIAN_POINT('Ctrl Pts',(37.6053982647809,192.709455246179,92.8189270367761));
#3615=CARTESIAN_POINT('Ctrl Pts',(37.9670131753678,193.026280718847,92.8504013883071));
#3616=CARTESIAN_POINT('Ctrl Pts',(38.3286280859548,193.343106191515,92.8818757398381));
#3617=CARTESIAN_POINT('Ctrl Pts',(38.5194580176974,193.854860418912,92.913350091369));
#3618=CARTESIAN_POINT('Ctrl Pts',(38.4535715097222,194.331098480979,92.9448244429));
#3619=CARTESIAN_POINT('Ctrl Pts',(38.387685001747,194.807336543045,92.976298794431));
#3620=CARTESIAN_POINT('Ctrl Pts',(38.0650820540541,195.248058439781,93.007773145962));
#3621=CARTESIAN_POINT('Ctrl Pts',(37.6310320293922,195.454805386017,93.039247497493));
#3622=CARTESIAN_POINT('Ctrl Pts',(37.1969820047303,195.661552332252,93.070721849024));
#3623=CARTESIAN_POINT('Ctrl Pts',(36.6514849030994,195.634324327986,93.1021962005549));
#3624=CARTESIAN_POINT('Ctrl Pts',(36.2401801921285,195.38538224954,93.1336705520859));
#3625=CARTESIAN_POINT('Ctrl Pts',(35.8288754811577,195.136440171093,93.1651449036169));
#3626=CARTESIAN_POINT('Ctrl Pts',(35.5517631608469,194.665784018465,93.1966192551479));
#3627=CARTESIAN_POINT('Ctrl Pts',(35.5336279874342,194.185352088633,93.2280936066789));
#3628=CARTESIAN_POINT('Ctrl Pts',(35.532935999132,194.167020128532,93.2292945813032));
#3629=CARTESIAN_POINT('Ctrl Pts',(35.5326210752223,194.148673935139,93.2304955559276));
#3630=CARTESIAN_POINT('Ctrl Pts',(35.5326771905392,194.130325772025,93.2316965305519));
#3631=CARTESIAN_POINT('Origin',(37.,194.13,95.3998238623163));
#3632=CARTESIAN_POINT('',(35.5367730174035,194.130769222841,93.8316965305519));
#3633=CARTESIAN_POINT('',(35.5367407721711,194.129205871712,93.6679511940806));
#3634=CARTESIAN_POINT('',(35.535,194.13,95.3998238623163));
#3635=CARTESIAN_POINT('Ctrl Pts',(35.5367407721711,194.129205871712,93.6679511940806));
#3636=CARTESIAN_POINT('Ctrl Pts',(35.538226733966,194.425377813409,93.6487033688791));
#3637=CARTESIAN_POINT('Ctrl Pts',(35.6256391775507,194.722356325413,93.6294555436775));
#3638=CARTESIAN_POINT('Ctrl Pts',(35.7927869775506,194.964234390973,93.6102077184759));
#3639=CARTESIAN_POINT('Ctrl Pts',(36.0661097327051,195.359757271265,93.578733366945));
#3640=CARTESIAN_POINT('Ctrl Pts',(36.5526393556483,195.607945341402,93.547259015414));
#3641=CARTESIAN_POINT('Ctrl Pts',(37.0332896642084,195.597038547323,93.515784663883));
#3642=CARTESIAN_POINT('Ctrl Pts',(37.5139399727684,195.586131753245,93.484310312352));
#3643=CARTESIAN_POINT('Ctrl Pts',(37.9887109669454,195.316130094952,93.452835960821));
#3644=CARTESIAN_POINT('Ctrl Pts',(38.2438114203458,194.908616369998,93.42136160929));
#3645=CARTESIAN_POINT('Ctrl Pts',(38.4989118737463,194.501102645043,93.3898872577591));
#3646=CARTESIAN_POINT('Ctrl Pts',(38.5343417863703,193.956076853427,93.3584129062281));
#3647=CARTESIAN_POINT('Ctrl Pts',(38.3341469307661,193.518966230001,93.3269385546971));
#3648=CARTESIAN_POINT('Ctrl Pts',(38.1339520751619,193.081855606575,93.2954642031661));
#3649=CARTESIAN_POINT('Ctrl Pts',(37.6981324513296,192.75266015134,93.2639898516352));
#3650=CARTESIAN_POINT('Ctrl Pts',(37.2229393318187,192.679617858865,93.2325155001042));
#3651=CARTESIAN_POINT('Ctrl Pts',(36.7477462123079,192.606575566389,93.2010411485732));
#3652=CARTESIAN_POINT('Ctrl Pts',(36.2331795971186,192.789686436674,93.1695667970422));
#3653=CARTESIAN_POINT('Ctrl Pts',(35.9109508355013,193.146494932249,93.1380924455112));
#3654=CARTESIAN_POINT('Ctrl Pts',(35.6715863213557,193.411546666793,93.1147120283677));
#3655=CARTESIAN_POINT('Ctrl Pts',(35.5383560910604,193.772446788559,93.0913316112241));
#3656=CARTESIAN_POINT('Ctrl Pts',(35.53523581978,194.131272797663,93.0679511940806));
#3657=CARTESIAN_POINT('Ctrl Pts',(35.5326771905392,194.130325772025,93.2316965305519));
#3658=CARTESIAN_POINT('Ctrl Pts',(35.5340917084691,193.667817367396,93.2619699074585));
#3659=CARTESIAN_POINT('Ctrl Pts',(35.7712682766464,193.204057382033,93.2922432843652));
#3660=CARTESIAN_POINT('Ctrl Pts',(36.147701829937,192.935471405816,93.3225166612718));
#3661=CARTESIAN_POINT('Ctrl Pts',(36.5390688723674,192.656230359869,93.3539910128027));
#3662=CARTESIAN_POINT('Ctrl Pts',(37.0809609837428,192.587955975013,93.3854653643338));
#3663=CARTESIAN_POINT('Ctrl Pts',(37.5293620377011,192.761392472022,93.4169397158647));
#3664=CARTESIAN_POINT('Ctrl Pts',(37.9777630916594,192.934828969032,93.4484140673957));
#3665=CARTESIAN_POINT('Ctrl Pts',(38.3326730882006,193.349976347906,93.4798884189266));
#3666=CARTESIAN_POINT('Ctrl Pts',(38.4342746744652,193.819892129289,93.5113627704576));
#3667=CARTESIAN_POINT('Ctrl Pts',(38.5358762607298,194.289807910673,93.5428371219886));
#3668=CARTESIAN_POINT('Ctrl Pts',(38.3841694367178,194.814492094567,93.5743114735196));
#3669=CARTESIAN_POINT('Ctrl Pts',(38.0474683762804,195.157677349302,93.6057858250506));
#3670=CARTESIAN_POINT('Ctrl Pts',(37.710767315843,195.500862604036,93.6372601765815));
#3671=CARTESIAN_POINT('Ctrl Pts',(37.1890720189802,195.662548929611,93.6687345281125));
#3672=CARTESIAN_POINT('Ctrl Pts',(36.7173039066668,195.569928348418,93.7002088796435));
#3673=CARTESIAN_POINT('Ctrl Pts',(36.2455357943533,195.477307767225,93.7316832311745));
#3674=CARTESIAN_POINT('Ctrl Pts',(35.8236948665891,195.130380279263,93.7631575827055));
#3675=CARTESIAN_POINT('Ctrl Pts',(35.6417377376144,194.685368673914,93.7946319342364));
#3676=CARTESIAN_POINT('Ctrl Pts',(35.570312728529,194.510684900136,93.8069867996749));
#3677=CARTESIAN_POINT('Ctrl Pts',(35.535850392848,194.320887762239,93.8193416651134));
#3678=CARTESIAN_POINT('Ctrl Pts',(35.5367730174035,194.130769222841,93.8316965305519));
#3679=CARTESIAN_POINT('Origin',(37.,194.13,95.3998238623163));
#3680=CARTESIAN_POINT('',(35.5351792046877,194.128723821357,94.4316965305519));
#3681=CARTESIAN_POINT('',(35.532658943836,194.129708278402,94.2679511940806));
#3682=CARTESIAN_POINT('',(35.535,194.13,95.3998238623163));
#3683=CARTESIAN_POINT('Ctrl Pts',(35.532658943836,194.129708278402,94.2679511940806));
#3684=CARTESIAN_POINT('Ctrl Pts',(35.533942906925,194.594161775322,94.2375494780649));
#3685=CARTESIAN_POINT('Ctrl Pts',(35.7734112688758,195.059756916037,94.2071477620492));
#3686=CARTESIAN_POINT('Ctrl Pts',(36.1525250481035,195.327955123332,94.1767460460336));
#3687=CARTESIAN_POINT('Ctrl Pts',(36.5450147467601,195.605615918926,94.1452716945026));
#3688=CARTESIAN_POINT('Ctrl Pts',(37.0871776559064,195.671704911148,94.1137973429716));
#3689=CARTESIAN_POINT('Ctrl Pts',(37.5348757402855,195.496461945078,94.0823229914406));
#3690=CARTESIAN_POINT('Ctrl Pts',(37.9825738246646,195.321218979007,94.0508486399096));
#3691=CARTESIAN_POINT('Ctrl Pts',(38.3358070842765,194.904644054643,94.0193742883786));
#3692=CARTESIAN_POINT('Ctrl Pts',(38.4355131924435,194.434322493038,93.9878999368477));
#3693=CARTESIAN_POINT('Ctrl Pts',(38.5352193006106,193.964000931433,93.9564255853167));
#3694=CARTESIAN_POINT('Ctrl Pts',(38.3813982573329,193.439932732586,93.9249512337857));
#3695=CARTESIAN_POINT('Ctrl Pts',(38.0433162841642,193.098107840413,93.8934768822547));
#3696=CARTESIAN_POINT('Ctrl Pts',(37.7052343109955,192.756282948241,93.8620025307237));
#3697=CARTESIAN_POINT('Ctrl Pts',(37.182891407936,192.596701362744,93.8305281791928));
#3698=CARTESIAN_POINT('Ctrl Pts',(36.7115006135375,192.691223295419,93.7990538276618));
#3699=CARTESIAN_POINT('Ctrl Pts',(36.240109819139,192.785745228093,93.7675794761308));
#3700=CARTESIAN_POINT('Ctrl Pts',(35.8196711334016,193.13437067894,93.7361051245998));
#3701=CARTESIAN_POINT('Ctrl Pts',(35.6395097342158,193.580112249587,93.7046307730689));
#3702=CARTESIAN_POINT('Ctrl Pts',(35.5695242386125,193.753265016349,93.6924042467395));
#3703=CARTESIAN_POINT('Ctrl Pts',(35.5357968654792,193.941072718732,93.6801777204101));
#3704=CARTESIAN_POINT('Ctrl Pts',(35.5367407721711,194.129205871712,93.6679511940806));
#3705=CARTESIAN_POINT('Ctrl Pts',(35.5367730174035,194.130769222841,93.8316965305519));
#3706=CARTESIAN_POINT('Ctrl Pts',(35.538200803683,193.836555676928,93.8508160166444));
#3707=CARTESIAN_POINT('Ctrl Pts',(35.6243698860583,193.541572426043,93.8699355027369));
#3708=CARTESIAN_POINT('Ctrl Pts',(35.789433136065,193.300639641189,93.8890549888294));
#3709=CARTESIAN_POINT('Ctrl Pts',(36.0611589936756,192.90401793655,93.9205293403603));
#3710=CARTESIAN_POINT('Ctrl Pts',(36.5466840390823,192.65387025001,93.9520036918913));
#3711=CARTESIAN_POINT('Ctrl Pts',(37.0273744680466,192.662839019711,93.9834780434223));
#3712=CARTESIAN_POINT('Ctrl Pts',(37.5080648970109,192.671807789412,94.0149523949533));
#3713=CARTESIAN_POINT('Ctrl Pts',(37.9839207095328,192.939893015355,94.0464267464842));
#3714=CARTESIAN_POINT('Ctrl Pts',(38.2406621535498,193.346374959124,94.0779010980152));
#3715=CARTESIAN_POINT('Ctrl Pts',(38.4974035975669,193.752856902894,94.1093754495462));
#3716=CARTESIAN_POINT('Ctrl Pts',(38.5350306730791,194.29773556449,94.1408498010772));
#3717=CARTESIAN_POINT('Ctrl Pts',(38.3365998209865,194.735649787482,94.1723241526081));
#3718=CARTESIAN_POINT('Ctrl Pts',(38.1381689688939,195.173564010474,94.2037985041391));
#3719=CARTESIAN_POINT('Ctrl Pts',(37.7036801891964,195.504513794861,94.2352728556701));
#3720=CARTESIAN_POINT('Ctrl Pts',(37.2287853436543,195.579471536916,94.2667472072011));
#3721=CARTESIAN_POINT('Ctrl Pts',(36.7538904981122,195.65442927897,94.2982215587321));
#3722=CARTESIAN_POINT('Ctrl Pts',(36.2385895867256,195.473394978692,94.3296959102631));
#3723=CARTESIAN_POINT('Ctrl Pts',(35.9149248845724,195.117888293797,94.3611702617941));
#3724=CARTESIAN_POINT('Ctrl Pts',(35.6731739279878,194.852353990631,94.3846790180467));
#3725=CARTESIAN_POINT('Ctrl Pts',(35.5383341938747,194.489483928209,94.4081877742993));
#3726=CARTESIAN_POINT('Ctrl Pts',(35.5351792046877,194.128723821357,94.4316965305519));
#3727=CARTESIAN_POINT('Origin',(37.,194.13,95.3998238623163));
#3728=CARTESIAN_POINT('',(35.53317414022,194.130777277902,95.0316965305519));
#3729=CARTESIAN_POINT('',(35.5360564482247,194.131129080226,94.8679511940807));
#3730=CARTESIAN_POINT('',(35.535,194.13,95.3998238623163));
#3731=CARTESIAN_POINT('',(38.1077203444756,195.088739087779,95.3998238623163));
#3732=CARTESIAN_POINT('Ctrl Pts',(35.53317414022,194.130777277902,95.0316965305519));
#3733=CARTESIAN_POINT('Ctrl Pts',(35.5360249054012,193.698308501178,95.0599825865471));
#3734=CARTESIAN_POINT('Ctrl Pts',(35.739387561596,193.263560002479,95.0882686425423));
#3735=CARTESIAN_POINT('Ctrl Pts',(36.0747925867217,192.991052318668,95.1165546985375));
#3736=CARTESIAN_POINT('Ctrl Pts',(36.4480031774049,192.687828615914,95.1480290500684));
#3737=CARTESIAN_POINT('Ctrl Pts',(36.984700343194,192.585481308997,95.1795034015994));
#3738=CARTESIAN_POINT('Ctrl Pts',(37.4429389977429,192.730788945561,95.2109777531304));
#3739=CARTESIAN_POINT('Ctrl Pts',(37.9011776522918,192.876096582124,95.2424521046614));
#3740=CARTESIAN_POINT('Ctrl Pts',(38.2809577956006,193.26905916217,95.2739264561923));
#3741=CARTESIAN_POINT('Ctrl Pts',(38.4115932431457,193.730944009242,95.3054008077233));
#3742=CARTESIAN_POINT('Ctrl Pts',(38.5422286906908,194.192828856315,95.3368751592543));
#3743=CARTESIAN_POINT('Ctrl Pts',(38.4237194424721,194.723635970415,95.3683495107853));
#3744=CARTESIAN_POINT('Ctrl Pts',(38.1077203444755,195.088739087779,95.3998238623163));
#3745=CARTESIAN_POINT('',(35.8901474033292,195.090133328271,95.3998238623163));
#3746=CARTESIAN_POINT('Origin',(37.,194.13,95.3998238623163));
#3747=CARTESIAN_POINT('Ctrl Pts',(35.8901377724638,195.090139625717,95.3998238623163));
#3748=CARTESIAN_POINT('Ctrl Pts',(36.1912381255364,195.435688376555,95.3698234752604));
#3749=CARTESIAN_POINT('Ctrl Pts',(36.6681527654759,195.631092830228,95.3398230882045));
#3750=CARTESIAN_POINT('Ctrl Pts',(37.1248332701805,195.592062415939,95.3098227011487));
#3751=CARTESIAN_POINT('Ctrl Pts',(37.6039511800814,195.551114378254,95.2783483496177));
#3752=CARTESIAN_POINT('Ctrl Pts',(38.0607978440022,195.252129288324,95.2468739980867));
#3753=CARTESIAN_POINT('Ctrl Pts',(38.2899345355345,194.829522286835,95.2153996465558));
#3754=CARTESIAN_POINT('Ctrl Pts',(38.5190712270667,194.406915285345,95.1839252950248));
#3755=CARTESIAN_POINT('Ctrl Pts',(38.5204979462106,193.860686372297,95.1524509434938));
#3756=CARTESIAN_POINT('Ctrl Pts',(38.2934394717127,193.436903591453,95.1209765919628));
#3757=CARTESIAN_POINT('Ctrl Pts',(38.0663809972148,193.013120810609,95.0895022404319));
#3758=CARTESIAN_POINT('Ctrl Pts',(37.6108373290752,192.711784161969,95.0580278889009));
#3759=CARTESIAN_POINT('Ctrl Pts',(37.1320037856594,192.668539593381,95.0265535373699));
#3760=CARTESIAN_POINT('Ctrl Pts',(36.6531702422436,192.625295024793,94.9950791858389));
#3761=CARTESIAN_POINT('Ctrl Pts',(36.1510468235515,192.840142536257,94.9636048343079));
#3762=CARTESIAN_POINT('Ctrl Pts',(35.8517124091641,193.216357490215,94.932130482777));
#3763=CARTESIAN_POINT('Ctrl Pts',(35.6482550027018,193.472070549341,94.9107373865449));
#3764=CARTESIAN_POINT('Ctrl Pts',(35.5384843325853,193.802333947581,94.8893442903128));
#3765=CARTESIAN_POINT('Ctrl Pts',(35.5360564482247,194.131129080226,94.8679511940807));
#3766=CARTESIAN_POINT('Origin',(-39.2,145.73,96.7249645331631));
#3767=CARTESIAN_POINT('',(-41.0011086340041,145.728605553116,90.4746831914694));
#3768=CARTESIAN_POINT('',(-40.9970492722282,145.729765817811,90.4249645331631));
#3769=CARTESIAN_POINT('',(-40.99975,145.73,96.7249645331631));
#3770=CARTESIAN_POINT('',(-40.9377369350345,146.198369946855,90.3998238623163));
#3771=CARTESIAN_POINT('Ctrl Pts',(-40.9970492722282,145.729765817811,90.4249645331631));
#3772=CARTESIAN_POINT('Ctrl Pts',(-40.998181780952,145.887862811654,90.4165843095475));
#3773=CARTESIAN_POINT('Ctrl Pts',(-40.9788399090004,146.045870503882,90.4082040859319));
#3774=CARTESIAN_POINT('Ctrl Pts',(-40.9377369350345,146.198369946855,90.3998238623163));
#3775=CARTESIAN_POINT('',(-40.4763637525615,147.003220953187,90.3998238623163));
#3776=CARTESIAN_POINT('Origin',(-39.2,145.73,90.3998238623163));
#3777=CARTESIAN_POINT('Ctrl Pts',(-41.0011086340041,145.728605553116,90.4746831914694));
#3778=CARTESIAN_POINT('Ctrl Pts',(-40.9972657663887,146.198079217954,90.4497300817517));
#3779=CARTESIAN_POINT('Ctrl Pts',(-40.8059415769946,146.670482967121,90.424776972034));
#3780=CARTESIAN_POINT('Ctrl Pts',(-40.4763729300654,147.003233099694,90.3998238623163));
#3781=CARTESIAN_POINT('Origin',(-39.2,145.73,96.7249645331631));
#3782=CARTESIAN_POINT('',(-41.0005408563724,145.731501610386,91.0746831914693));
#3783=CARTESIAN_POINT('',(-40.9976888710537,145.728951595303,91.0249645331631));
#3784=CARTESIAN_POINT('',(-40.99975,145.73,96.7249645331631));
#3785=CARTESIAN_POINT('Ctrl Pts',(-40.9976888710537,145.728951595303,91.0249645331631));
#3786=CARTESIAN_POINT('Ctrl Pts',(-40.9957029641097,146.098151124638,91.0054304187334));
#3787=CARTESIAN_POINT('Ctrl Pts',(-40.706272910282,147.06508300367,90.9544219527727));
#3788=CARTESIAN_POINT('Ctrl Pts',(-39.1328273294013,147.85012369737,90.8719391352809));
#3789=CARTESIAN_POINT('Ctrl Pts',(-37.3920456744893,146.839008302356,90.777516080688));
#3790=CARTESIAN_POINT('Ctrl Pts',(-37.2796419625604,144.829953747153,90.683093026095));
#3791=CARTESIAN_POINT('Ctrl Pts',(-38.8964251827365,143.629687299174,90.5886699715022));
#3792=CARTESIAN_POINT('Ctrl Pts',(-40.6191506613411,144.263020486378,90.5026271405248));
#3793=CARTESIAN_POINT('Ctrl Pts',(-40.993928317164,145.294083863925,90.4480586610785));
#3794=CARTESIAN_POINT('Ctrl Pts',(-40.9970492722282,145.729765817811,90.4249645331631));
#3795=CARTESIAN_POINT('Ctrl Pts',(-41.0005408563724,145.731501610386,91.0746831914693));
#3796=CARTESIAN_POINT('Ctrl Pts',(-41.0015637650387,145.846455482604,91.0685765779934));
#3797=CARTESIAN_POINT('Ctrl Pts',(-40.9395029986794,146.552798791491,91.0309956129864));
#3798=CARTESIAN_POINT('Ctrl Pts',(-40.0067229189678,147.691689265956,90.9619402964485));
#3799=CARTESIAN_POINT('Ctrl Pts',(-38.0047127528812,147.482211705337,90.8675172418556));
#3800=CARTESIAN_POINT('Ctrl Pts',(-37.0792485127198,145.694744782808,90.7730941872626));
#3801=CARTESIAN_POINT('Ctrl Pts',(-38.0636207089506,143.938888930106,90.6786711326696));
#3802=CARTESIAN_POINT('Ctrl Pts',(-40.0716986805104,143.796417891285,90.5842480780768));
#3803=CARTESIAN_POINT('Ctrl Pts',(-40.9520074566909,144.947385829253,90.5162520976766));
#3804=CARTESIAN_POINT('Ctrl Pts',(-41.0018859326593,145.633644892253,90.4797304688075));
#3805=CARTESIAN_POINT('Ctrl Pts',(-41.0011086340041,145.728605553116,90.4746831914694));
#3806=CARTESIAN_POINT('Origin',(-39.2,145.73,96.7249645331631));
#3807=CARTESIAN_POINT('',(-40.9971368405458,145.729550532428,91.6746831914694));
#3808=CARTESIAN_POINT('',(-41.0026527838642,145.729736023974,91.6249645331631));
#3809=CARTESIAN_POINT('',(-40.99975,145.73,96.7249645331631));
#3810=CARTESIAN_POINT('Ctrl Pts',(-41.0026527838642,145.729736023974,91.6249645331631));
#3811=CARTESIAN_POINT('Ctrl Pts',(-41.0014544162847,146.305648539678,91.5942765279192));
#3812=CARTESIAN_POINT('Ctrl Pts',(-40.3927034839678,147.474412464756,91.5321141711443));
#3813=CARTESIAN_POINT('Ctrl Pts',(-38.4091296969724,147.698123298419,91.4384774628385));
#3814=CARTESIAN_POINT('Ctrl Pts',(-37.1211614638335,146.151201231828,91.3440544082456));
#3815=CARTESIAN_POINT('Ctrl Pts',(-37.7054127865496,144.224951432376,91.2496313536527));
#3816=CARTESIAN_POINT('Ctrl Pts',(-39.6356980412993,143.654140239814,91.1552082990597));
#3817=CARTESIAN_POINT('Ctrl Pts',(-40.8554381215843,144.684219499614,91.0803193588965));
#3818=CARTESIAN_POINT('Ctrl Pts',(-40.9989027576549,145.503278200495,91.0369047702644));
#3819=CARTESIAN_POINT('Ctrl Pts',(-40.9976888710537,145.728951595303,91.0249645331631));
#3820=CARTESIAN_POINT('Ctrl Pts',(-40.9971368405458,145.729550532427,91.6746831914694));
#3821=CARTESIAN_POINT('Ctrl Pts',(-40.9963942851155,146.05603702427,91.6574226871792));
#3822=CARTESIAN_POINT('Ctrl Pts',(-40.7560022048458,146.978886995494,91.6086878313581));
#3823=CARTESIAN_POINT('Ctrl Pts',(-39.2842816563802,147.849405068966,91.5284786240061));
#3824=CARTESIAN_POINT('Ctrl Pts',(-37.4758529585405,146.965434316517,91.4340555694131));
#3825=CARTESIAN_POINT('Ctrl Pts',(-37.2202051817006,144.968822537955,91.3396325148202));
#3826=CARTESIAN_POINT('Ctrl Pts',(-38.7475745944584,143.657731550644,91.2452094602273));
#3827=CARTESIAN_POINT('Ctrl Pts',(-40.5572737808437,144.177037684874,91.1568930191103));
#3828=CARTESIAN_POINT('Ctrl Pts',(-40.9962915487649,145.253966929292,91.1000509295243));
#3829=CARTESIAN_POINT('Ctrl Pts',(-41.0005408563724,145.731501610386,91.0746831914693));
#3830=CARTESIAN_POINT('Origin',(-39.2,145.73,96.7249645331631));
#3831=CARTESIAN_POINT('',(-41.0020360139335,145.729048574036,92.2746831914694));
#3832=CARTESIAN_POINT('',(-40.998308968995,145.731345364898,92.2249645331631));
#3833=CARTESIAN_POINT('',(-40.99975,145.73,96.7249645331631));
#3834=CARTESIAN_POINT('Ctrl Pts',(-40.998308968995,145.731345364898,92.2249645331631));
#3835=CARTESIAN_POINT('Ctrl Pts',(-40.9997010907702,145.92712851875,92.214596988636));
#3836=CARTESIAN_POINT('Ctrl Pts',(-40.8805495248654,146.715633327497,92.172755092578));
#3837=CARTESIAN_POINT('Ctrl Pts',(-39.7376889946249,147.781797072968,92.0994388449891));
#3838=CARTESIAN_POINT('Ctrl Pts',(-37.7815666911875,147.307031291804,92.0050157903961));
#3839=CARTESIAN_POINT('Ctrl Pts',(-37.1028964579175,145.411978806152,91.9105927358032));
#3840=CARTESIAN_POINT('Ctrl Pts',(-38.3128940116769,143.803338786942,91.8161696812102));
#3841=CARTESIAN_POINT('Ctrl Pts',(-40.3218260900871,143.929864630807,91.7217466266173));
#3842=CARTESIAN_POINT('Ctrl Pts',(-40.995880286826,145.10958115276,91.6580115772683));
#3843=CARTESIAN_POINT('Ctrl Pts',(-41.0026834907117,145.714978900961,91.6257508794502));
#3844=CARTESIAN_POINT('Ctrl Pts',(-41.0026527838642,145.729736023974,91.6249645331631));
#3845=CARTESIAN_POINT('Ctrl Pts',(-41.0020360139335,145.729048574036,92.2746831914694));
#3846=CARTESIAN_POINT('Ctrl Pts',(-40.9985855443332,146.262778801097,92.2462687963651));
#3847=CARTESIAN_POINT('Ctrl Pts',(-40.4665025529024,147.393700877108,92.1863800497299));
#3848=CARTESIAN_POINT('Ctrl Pts',(-38.5516047954626,147.749545615311,92.0950169515636));
#3849=CARTESIAN_POINT('Ctrl Pts',(-37.1565225529522,146.298489894225,92.0005938969708));
#3850=CARTESIAN_POINT('Ctrl Pts',(-37.6018120109819,144.335447758049,91.9061708423777));
#3851=CARTESIAN_POINT('Ctrl Pts',(-39.4864419945759,143.628350207384,91.8117477877849));
#3852=CARTESIAN_POINT('Ctrl Pts',(-40.8157475348161,144.597275734009,91.734585237482));
#3853=CARTESIAN_POINT('Ctrl Pts',(-40.9977483272832,145.460692274103,91.6888970387102));
#3854=CARTESIAN_POINT('Ctrl Pts',(-40.9971368405458,145.729550532427,91.6746831914694));
#3855=CARTESIAN_POINT('Origin',(-39.2,145.73,96.7249645331631));
#3856=CARTESIAN_POINT('',(-40.9994452603591,145.731563616692,92.8746831914694));
#3857=CARTESIAN_POINT('',(-40.9984984311348,145.728593796873,92.8249645331631));
#3858=CARTESIAN_POINT('',(-40.99975,145.73,96.7249645331631));
#3859=CARTESIAN_POINT('Ctrl Pts',(-40.9984984311348,145.728593796873,92.8249645331631));
#3860=CARTESIAN_POINT('Ctrl Pts',(-40.9954551139001,146.134901361318,92.8034430978219));
#3861=CARTESIAN_POINT('Ctrl Pts',(-40.6590578300038,147.139984798685,92.7504473109497));
#3862=CARTESIAN_POINT('Ctrl Pts',(-39.0006682316424,147.841693054463,92.6659771725466));
#3863=CARTESIAN_POINT('Ctrl Pts',(-37.3263942597642,146.724274731048,92.5715541179537));
#3864=CARTESIAN_POINT('Ctrl Pts',(-37.3395041995785,144.711404845948,92.4771310633608));
#3865=CARTESIAN_POINT('Ctrl Pts',(-39.0281911375072,143.615889685385,92.3827080087678));
#3866=CARTESIAN_POINT('Ctrl Pts',(-40.669205117049,144.335589740056,92.298652498702));
#3867=CARTESIAN_POINT('Ctrl Pts',(-40.9954748123095,145.332759447838,92.246071340167));
#3868=CARTESIAN_POINT('Ctrl Pts',(-40.998308968995,145.731345364898,92.2249645331631));
#3869=CARTESIAN_POINT('Ctrl Pts',(-40.9994452603592,145.731563616692,92.8746831914694));
#3870=CARTESIAN_POINT('Ctrl Pts',(-41.0007722596984,145.884166334293,92.866589257082));
#3871=CARTESIAN_POINT('Ctrl Pts',(-40.9136146293714,146.628692412164,92.8270209711636));
#3872=CARTESIAN_POINT('Ctrl Pts',(-39.8827482621084,147.738192132538,92.7559783337141));
#3873=CARTESIAN_POINT('Ctrl Pts',(-37.8977312369523,147.40423920018,92.6615552791213));
#3874=CARTESIAN_POINT('Ctrl Pts',(-37.0855475952113,145.562453413636,92.5671322245283));
#3875=CARTESIAN_POINT('Ctrl Pts',(-38.1776562459105,143.871561386862,92.4727091699354));
#3876=CARTESIAN_POINT('Ctrl Pts',(-40.1904956381831,143.854393638961,92.3782861153425));
#3877=CARTESIAN_POINT('Ctrl Pts',(-40.9740111936536,145.023257146571,92.3122774558538));
#3878=CARTESIAN_POINT('Ctrl Pts',(-41.0024075962456,145.671570973952,92.2777431478961));
#3879=CARTESIAN_POINT('Ctrl Pts',(-41.0020360139335,145.729048574036,92.2746831914694));
#3880=CARTESIAN_POINT('Origin',(-39.2,145.73,96.7249645331631));
#3881=CARTESIAN_POINT('',(-40.9975964443907,145.729024422938,93.4746831914694));
#3882=CARTESIAN_POINT('',(-41.0025883008805,145.730400206991,93.4249645331631));
#3883=CARTESIAN_POINT('',(-40.99975,145.73,96.7249645331631));
#3884=CARTESIAN_POINT('Ctrl Pts',(-41.0025883008804,145.730400206991,93.4249645331631));
#3885=CARTESIAN_POINT('Ctrl Pts',(-41.0026572378677,145.752940703165,93.4237635585388));
#3886=CARTESIAN_POINT('Ctrl Pts',(-40.992131256087,146.366141833483,93.3910882323835));
#3887=CARTESIAN_POINT('Ctrl Pts',(-40.2982831586371,147.544594944773,93.3269385546971));
#3888=CARTESIAN_POINT('Ctrl Pts',(-38.2878734098973,147.644942765244,93.2325155001042));
#3889=CARTESIAN_POINT('Ctrl Pts',(-37.0989319671726,146.020678227382,93.1380924455113));
#3890=CARTESIAN_POINT('Ctrl Pts',(-37.8022287472657,144.134626615665,93.0436693909184));
#3891=CARTESIAN_POINT('Ctrl Pts',(-39.7643691963018,143.685380690524,92.9492463363254));
#3892=CARTESIAN_POINT('Ctrl Pts',(-40.8868612050447,144.760227202852,92.8763447170737));
#3893=CARTESIAN_POINT('Ctrl Pts',(-40.9999058596309,145.540690663458,92.8349174493529));
#3894=CARTESIAN_POINT('Ctrl Pts',(-40.9984984311348,145.728593796873,92.8249645331631));
#3895=CARTESIAN_POINT('Ctrl Pts',(-40.9975964443907,145.729024422938,93.4746831914694));
#3896=CARTESIAN_POINT('Ctrl Pts',(-40.995770958104,146.092868107756,93.4554353662678));
#3897=CARTESIAN_POINT('Ctrl Pts',(-40.7127879187513,147.054285938894,93.4047131895352));
#3898=CARTESIAN_POINT('Ctrl Pts',(-39.1518813787272,147.850534232149,93.3225166612718));
#3899=CARTESIAN_POINT('Ctrl Pts',(-37.40212993044,146.85545281723,93.2280936066788));
#3900=CARTESIAN_POINT('Ctrl Pts',(-37.2715542599031,144.846779836151,93.1336705520859));
#3901=CARTESIAN_POINT('Ctrl Pts',(-38.8777518316261,143.633541808502,93.039247497493));
#3902=CARTESIAN_POINT('Ctrl Pts',(-40.6116079633813,144.250542398638,92.9529183772875));
#3903=CARTESIAN_POINT('Ctrl Pts',(-40.995612044445,145.290750160099,92.8980636086129));
#3904=CARTESIAN_POINT('Ctrl Pts',(-40.9994452603592,145.731563616692,92.8746831914694));
#3905=CARTESIAN_POINT('Origin',(-39.2,145.73,96.7249645331631));
#3906=CARTESIAN_POINT('',(-41.0026109233535,145.729641625853,94.0746831914694));
#3907=CARTESIAN_POINT('',(-40.9975566271686,145.730944980598,94.0249645331631));
#3908=CARTESIAN_POINT('',(-40.99975,145.73,96.7249645331631));
#3909=CARTESIAN_POINT('Ctrl Pts',(-40.9975566271686,145.730944980598,94.0249645331631));
#3910=CARTESIAN_POINT('Ctrl Pts',(-40.9986900602787,145.964503304008,94.0126096677246));
#3911=CARTESIAN_POINT('Ctrl Pts',(-40.8484999695177,146.79165703142,93.9687804507551));
#3912=CARTESIAN_POINT('Ctrl Pts',(-39.608623668467,147.811347491686,93.8934768822548));
#3913=CARTESIAN_POINT('Ctrl Pts',(-37.6859346065065,147.215458414251,93.7990538276618));
#3914=CARTESIAN_POINT('Ctrl Pts',(-37.1268246184615,145.281753917153,93.7046307730688));
#3915=CARTESIAN_POINT('Ctrl Pts',(-38.434832515944,143.751743335931,93.610207718476));
#3916=CARTESIAN_POINT('Ctrl Pts',(-40.4065546230465,144.000165689902,93.5169856385073));
#3917=CARTESIAN_POINT('Ctrl Pts',(-41.0008505827339,145.162214233273,93.4552379100697));
#3918=CARTESIAN_POINT('Ctrl Pts',(-41.0025883008804,145.730400206991,93.4249645331631));
#3919=CARTESIAN_POINT('Ctrl Pts',(-41.0026109233536,145.729641625853,94.0746831914694));
#3920=CARTESIAN_POINT('Ctrl Pts',(-41.0010335912009,146.300217188439,94.0442814754537));
#3921=CARTESIAN_POINT('Ctrl Pts',(-40.4022861318831,147.464353864066,93.982405407907));
#3922=CARTESIAN_POINT('Ctrl Pts',(-38.4268626514439,147.705155565112,93.8890549888294));
#3923=CARTESIAN_POINT('Ctrl Pts',(-37.125034156615,146.169883638981,93.7946319342364));
#3924=CARTESIAN_POINT('Ctrl Pts',(-37.6919360885674,144.238449114912,93.7002088796436));
#3925=CARTESIAN_POINT('Ctrl Pts',(-39.6170120978966,143.65031691197,93.6057858250505));
#3926=CARTESIAN_POINT('Ctrl Pts',(-40.8506609802741,144.673251795066,93.5306105956592));
#3927=CARTESIAN_POINT('Ctrl Pts',(-40.9987560224684,145.497905096696,93.4869097177988));
#3928=CARTESIAN_POINT('Ctrl Pts',(-40.9975964443907,145.729024422938,93.4746831914694));
#3929=CARTESIAN_POINT('Origin',(-39.2,145.73,96.7249645331631));
#3930=CARTESIAN_POINT('',(-40.9984371129541,145.731386981723,94.6746831914694));
#3931=CARTESIAN_POINT('',(-40.99951461044,145.72843217818,94.6249645331631));
#3932=CARTESIAN_POINT('',(-40.99975,145.73,96.7249645331631));
#3933=CARTESIAN_POINT('Ctrl Pts',(-40.9995146104399,145.728432178179,94.6249645331631));
#3934=CARTESIAN_POINT('Ctrl Pts',(-40.9956387450696,146.171621608251,94.6014557769105));
#3935=CARTESIAN_POINT('Ctrl Pts',(-40.6082130635745,147.214231157286,94.5464726691268));
#3936=CARTESIAN_POINT('Ctrl Pts',(-38.8693016141885,147.825141309891,94.4600152098124));
#3937=CARTESIAN_POINT('Ctrl Pts',(-37.2680090022651,146.60543796785,94.3655921552193));
#3938=CARTESIAN_POINT('Ctrl Pts',(-37.4066822215091,144.59730742513,94.2711691006265));
#3939=CARTESIAN_POINT('Ctrl Pts',(-39.1604315300275,143.609289081321,94.1767460460335));
#3940=CARTESIAN_POINT('Ctrl Pts',(-40.7156828426488,144.410571153584,94.0946778568791));
#3941=CARTESIAN_POINT('Ctrl Pts',(-40.9958026089891,145.369507202221,94.0440840192556));
#3942=CARTESIAN_POINT('Ctrl Pts',(-40.9975566271686,145.730944980598,94.0249645331631));
#3943=CARTESIAN_POINT('Ctrl Pts',(-40.9984371129541,145.731386981723,94.6746831914694));
#3944=CARTESIAN_POINT('Ctrl Pts',(-40.9998426813577,145.921730231583,94.6646019361705));
#3945=CARTESIAN_POINT('Ctrl Pts',(-40.8849272140124,146.704686698985,94.6230463293407));
#3946=CARTESIAN_POINT('Ctrl Pts',(-39.7561166944573,147.776874806669,94.5500163709799));
#3947=CARTESIAN_POINT('Ctrl Pts',(-37.7958097461491,147.319726387756,94.4555933163869));
#3948=CARTESIAN_POINT('Ctrl Pts',(-37.1001200463043,145.430852120441,94.361170261794));
#3949=CARTESIAN_POINT('Ctrl Pts',(-38.2956020821398,143.811395544293,94.266747207201));
#3950=CARTESIAN_POINT('Ctrl Pts',(-40.305590265497,143.919847758933,94.1723241526081));
#3951=CARTESIAN_POINT('Ctrl Pts',(-40.9933029521471,145.098725774504,94.1083028140309));
#3952=CARTESIAN_POINT('Ctrl Pts',(-41.0026665748992,145.709510538112,94.0757558269847));
#3953=CARTESIAN_POINT('Ctrl Pts',(-41.0026109233536,145.729641625853,94.0746831914694));
#3954=CARTESIAN_POINT('Origin',(-39.2,145.73,96.7249645331631));
#3955=CARTESIAN_POINT('',(-40.9977988450957,145.72855290297,95.2746831914694));
#3956=CARTESIAN_POINT('',(-41.0019770562096,145.730954359372,95.2249645331631));
#3957=CARTESIAN_POINT('',(-40.99975,145.73,96.7249645331631));
#3958=CARTESIAN_POINT('',(-39.6632481951715,143.990890695738,95.3998238623163));
#3959=CARTESIAN_POINT('Ctrl Pts',(-39.6632481951715,143.990890695738,95.3998238623163));
#3960=CARTESIAN_POINT('Ctrl Pts',(-40.236456254037,144.143576670148,95.3683495107853));
#3961=CARTESIAN_POINT('Ctrl Pts',(-40.881909040585,144.749740059151,95.3266359538363));
#3962=CARTESIAN_POINT('Ctrl Pts',(-40.9991313999154,145.535246342809,95.2849223968874));
#3963=CARTESIAN_POINT('Ctrl Pts',(-40.9977988450957,145.72855290297,95.2746831914694));
#3964=CARTESIAN_POINT('',(-38.7355401750864,143.988026126343,95.3998238623163));
#3965=CARTESIAN_POINT('Origin',(-39.2,145.73,95.3998238623163));
#3966=CARTESIAN_POINT('Ctrl Pts',(-38.7355342439248,143.988012103723,95.3998238623162));
#3967=CARTESIAN_POINT('Ctrl Pts',(-39.2801079477451,143.84489410768,95.3698234752604));
#3968=CARTESIAN_POINT('Ctrl Pts',(-40.4836667987628,144.09915168324,95.3115370322092));
#3969=CARTESIAN_POINT('Ctrl Pts',(-40.9984729966498,145.199674443381,95.2532505891583));
#3970=CARTESIAN_POINT('Ctrl Pts',(-41.0019770562096,145.730954359372,95.2249645331631));
#3971=CARTESIAN_POINT('Origin',(35.8,145.73,96.7249645331631));
#3972=CARTESIAN_POINT('',(33.9988932321671,145.728605618393,90.4746831914693));
#3973=CARTESIAN_POINT('',(34.002950027288,145.729766118084,90.4249645331631));
#3974=CARTESIAN_POINT('',(34.00025,145.73,96.7249645331631));
#3975=CARTESIAN_POINT('',(34.0622630649654,146.198369946854,90.3998238623163));
#3976=CARTESIAN_POINT('Ctrl Pts',(34.002950027288,145.729766118084,90.4249645331631));
#3977=CARTESIAN_POINT('Ctrl Pts',(34.0018179392568,145.887862930432,90.4165843095475));
#3978=CARTESIAN_POINT('Ctrl Pts',(34.0211600909995,146.045870503882,90.4082040859319));
#3979=CARTESIAN_POINT('Ctrl Pts',(34.0622630649654,146.198369946855,90.3998238623163));
#3980=CARTESIAN_POINT('',(34.5236381342174,147.003220499553,90.3998238623163));
#3981=CARTESIAN_POINT('Origin',(35.8,145.73,90.3998238623163));
#3982=CARTESIAN_POINT('Ctrl Pts',(33.9988932321671,145.728605618393,90.4746831914693));
#3983=CARTESIAN_POINT('Ctrl Pts',(34.002735863205,146.198078952436,90.4497300817516));
#3984=CARTESIAN_POINT('Ctrl Pts',(34.194059479168,146.670482411894,90.424776972034));
#3985=CARTESIAN_POINT('Ctrl Pts',(34.5236289137273,147.003232713012,90.3998238623163));
#3986=CARTESIAN_POINT('Origin',(35.8,145.73,96.7249645331631));
#3987=CARTESIAN_POINT('',(33.9994603632598,145.731501605664,91.0746831914694));
#3988=CARTESIAN_POINT('',(34.002312133877,145.728951584209,91.0249645331631));
#3989=CARTESIAN_POINT('',(34.00025,145.73,96.7249645331631));
#3990=CARTESIAN_POINT('Ctrl Pts',(34.002312133877,145.728951584209,91.0249645331631));
#3991=CARTESIAN_POINT('Ctrl Pts',(34.0042980560705,146.09815088967,91.0054304187333));
#3992=CARTESIAN_POINT('Ctrl Pts',(34.2937279860589,147.065082185853,90.9544219527726));
#3993=CARTESIAN_POINT('Ctrl Pts',(35.8671724027736,147.850122752286,90.871939135281));
#3994=CARTESIAN_POINT('Ctrl Pts',(37.6079537521581,146.839007323543,90.777516080688));
#3995=CARTESIAN_POINT('Ctrl Pts',(37.7203558229007,144.829954918832,90.6830930260951));
#3996=CARTESIAN_POINT('Ctrl Pts',(36.1035755527975,143.629687909193,90.5886699715021));
#3997=CARTESIAN_POINT('Ctrl Pts',(34.3808422110538,144.263023594072,90.5026271405249));
#3998=CARTESIAN_POINT('Ctrl Pts',(34.0060698230122,145.294084664362,90.4480586610785));
#3999=CARTESIAN_POINT('Ctrl Pts',(34.002950027288,145.729766118084,90.4249645331631));
#4000=CARTESIAN_POINT('Ctrl Pts',(33.9994603632598,145.731501605664,91.0746831914694));
#4001=CARTESIAN_POINT('Ctrl Pts',(33.9984374552981,145.846455400469,91.0685765779934));
#4002=CARTESIAN_POINT('Ctrl Pts',(34.0604981768094,146.552798235012,91.0309956129865));
#4003=CARTESIAN_POINT('Ctrl Pts',(34.9932775722145,147.691687966274,90.9619402964486));
#4004=CARTESIAN_POINT('Ctrl Pts',(36.9952865441889,147.482210493234,90.8675172418555));
#4005=CARTESIAN_POINT('Ctrl Pts',(37.920749865473,145.694744858966,90.7730941872627));
#4006=CARTESIAN_POINT('Ctrl Pts',(36.936378913657,143.938890066521,90.6786711326697));
#4007=CARTESIAN_POINT('Ctrl Pts',(34.9283012258617,143.796419271164,90.5842480780767));
#4008=CARTESIAN_POINT('Ctrl Pts',(34.0479947038665,144.947386457757,90.5162520976766));
#4009=CARTESIAN_POINT('Ctrl Pts',(33.9981159813644,145.633645024439,90.4797304688075));
#4010=CARTESIAN_POINT('Ctrl Pts',(33.9988932321671,145.728605618393,90.4746831914693));
#4011=CARTESIAN_POINT('Origin',(35.8,145.73,96.7249645331631));
#4012=CARTESIAN_POINT('',(34.0028643684812,145.729550532687,91.6746831914694));
#4013=CARTESIAN_POINT('',(33.9973482106385,145.729736024455,91.6249645331631));
#4014=CARTESIAN_POINT('',(34.00025,145.73,96.7249645331631));
#4015=CARTESIAN_POINT('Ctrl Pts',(33.9973482106385,145.729736024455,91.6249645331631));
#4016=CARTESIAN_POINT('Ctrl Pts',(33.9985465777578,146.305648222004,91.5942765279192));
#4017=CARTESIAN_POINT('Ctrl Pts',(34.6072971755151,147.474411499533,91.5321141711444));
#4018=CARTESIAN_POINT('Ctrl Pts',(36.5908698637168,147.698122217847,91.4384774628386));
#4019=CARTESIAN_POINT('Ctrl Pts',(37.8788373951686,146.151200989052,91.3440544082456));
#4020=CARTESIAN_POINT('Ctrl Pts',(37.2945863762963,144.2249522826,91.2496313536527));
#4021=CARTESIAN_POINT('Ctrl Pts',(35.3643022248067,143.654141347957,91.1552082990598));
#4022=CARTESIAN_POINT('Ctrl Pts',(34.1445627549894,144.68422012383,91.0803193588965));
#4023=CARTESIAN_POINT('Ctrl Pts',(34.0010982379546,145.503278326244,91.0369047702643));
#4024=CARTESIAN_POINT('Ctrl Pts',(34.002312133877,145.728951584209,91.0249645331631));
#4025=CARTESIAN_POINT('Ctrl Pts',(34.0028643684812,145.729550532687,91.6746831914694));
#4026=CARTESIAN_POINT('Ctrl Pts',(34.0036069234647,146.056036804864,91.6574226871793));
#4027=CARTESIAN_POINT('Ctrl Pts',(34.2439988421212,146.978886155208,91.6086878313582));
#4028=CARTESIAN_POINT('Ctrl Pts',(35.7157183994865,147.849403643716,91.5284786240061));
#4029=CARTESIAN_POINT('Ctrl Pts',(37.5241458832705,146.965433484465,91.4340555694132));
#4030=CARTESIAN_POINT('Ctrl Pts',(37.7797934831322,144.968823051834,91.3396325148202));
#4031=CARTESIAN_POINT('Ctrl Pts',(36.2524251078432,143.65773294126,91.2452094602273));
#4032=CARTESIAN_POINT('Ctrl Pts',(34.4427271202746,144.177038735258,91.1568930191103));
#4033=CARTESIAN_POINT('Ctrl Pts',(34.0037096679409,145.25396724615,91.1000509295244));
#4034=CARTESIAN_POINT('Ctrl Pts',(33.9994603632598,145.731501605664,91.0746831914694));
#4035=CARTESIAN_POINT('Origin',(35.8,145.73,96.7249645331631));
#4036=CARTESIAN_POINT('',(33.9979651983179,145.729048574676,92.2746831914694));
#4037=CARTESIAN_POINT('',(34.0016920232597,145.731345364163,92.2249645331631));
#4038=CARTESIAN_POINT('',(34.00025,145.73,96.7249645331631));
#4039=CARTESIAN_POINT('Ctrl Pts',(34.0016920232597,145.731345364163,92.2249645331631));
#4040=CARTESIAN_POINT('Ctrl Pts',(34.0002999022523,145.927128409988,92.2145969886361));
#4041=CARTESIAN_POINT('Ctrl Pts',(34.1194514024126,146.715632783659,92.1727550925781));
#4042=CARTESIAN_POINT('Ctrl Pts',(35.2623113020747,147.781795940797,92.0994388449891));
#4043=CARTESIAN_POINT('Ctrl Pts',(37.2184325261225,147.307030421734,92.0050157903961));
#4044=CARTESIAN_POINT('Ctrl Pts',(37.8971023850362,145.411978981444,91.9105927358032));
#4045=CARTESIAN_POINT('Ctrl Pts',(36.6871054986825,143.803339850385,91.8161696812103));
#4046=CARTESIAN_POINT('Ctrl Pts',(34.6781745292378,143.929865623351,91.7217466266173));
#4047=CARTESIAN_POINT('Ctrl Pts',(34.0041207037359,145.109581495813,91.6580115772683));
#4048=CARTESIAN_POINT('Ctrl Pts',(33.9973175038028,145.714978909594,91.6257508794502));
#4049=CARTESIAN_POINT('Ctrl Pts',(33.9973482106385,145.729736024455,91.6249645331631));
#4050=CARTESIAN_POINT('Ctrl Pts',(33.9979651983179,145.729048574676,92.2746831914694));
#4051=CARTESIAN_POINT('Ctrl Pts',(34.001415665598,146.26277844269,92.2462687963651));
#4052=CARTESIAN_POINT('Ctrl Pts',(34.5334982990946,147.393699757911,92.1863800497299));
#4053=CARTESIAN_POINT('Ctrl Pts',(36.4483947683414,147.749544256747,92.0950169515637));
#4054=CARTESIAN_POINT('Ctrl Pts',(37.8434760723998,146.298489511778,92.0005938969707));
#4055=CARTESIAN_POINT('Ctrl Pts',(37.3981869138479,144.335448696216,91.9061708423778));
#4056=CARTESIAN_POINT('Ctrl Pts',(35.5135581982188,143.628351621123,91.8117477877849));
#4057=CARTESIAN_POINT('Ctrl Pts',(34.1842535519687,144.597276496102,91.734585237482));
#4058=CARTESIAN_POINT('Ctrl Pts',(34.0022528821118,145.460692455255,91.6888970387102));
#4059=CARTESIAN_POINT('Ctrl Pts',(34.0028643684812,145.729550532687,91.6746831914694));
#4060=CARTESIAN_POINT('Origin',(35.8,145.73,96.7249645331631));
#4061=CARTESIAN_POINT('',(34.0005559501498,145.73156361564,92.8746831914694));
#4062=CARTESIAN_POINT('',(34.001502561227,145.728593797649,92.8249645331631));
#4063=CARTESIAN_POINT('',(34.00025,145.73,96.7249645331631));
#4064=CARTESIAN_POINT('Ctrl Pts',(34.001502561227,145.728593797649,92.8249645331631));
#4065=CARTESIAN_POINT('Ctrl Pts',(34.0045458767825,146.134901137905,92.8034430978219));
#4066=CARTESIAN_POINT('Ctrl Pts',(34.3409429750638,147.139984020694,92.7504473109498));
#4067=CARTESIAN_POINT('Ctrl Pts',(35.9993316583717,147.841691889288,92.6659771725466));
#4068=CARTESIAN_POINT('Ctrl Pts',(37.6736047064312,146.724274182436,92.5715541179537));
#4069=CARTESIAN_POINT('Ctrl Pts',(37.6604947738525,144.711405407979,92.4771310633608));
#4070=CARTESIAN_POINT('Ctrl Pts',(35.9718087676918,143.615890851899,92.3827080087678));
#4071=CARTESIAN_POINT('Ctrl Pts',(34.3307956936215,144.335590509444,92.2986524987019));
#4072=CARTESIAN_POINT('Ctrl Pts',(34.0045261783821,145.33275966703,92.2460713401671));
#4073=CARTESIAN_POINT('Ctrl Pts',(34.0016920232597,145.731345364163,92.2249645331631));
#4074=CARTESIAN_POINT('Ctrl Pts',(34.0005559501498,145.73156361564,92.8746831914694));
#4075=CARTESIAN_POINT('Ctrl Pts',(33.9992289517032,145.884166230583,92.8665892570819));
#4076=CARTESIAN_POINT('Ctrl Pts',(34.0863865233981,146.628691807602,92.8270209711635));
#4077=CARTESIAN_POINT('Ctrl Pts',(35.1172521971842,147.738190781603,92.7559783337142));
#4078=CARTESIAN_POINT('Ctrl Pts',(37.1022678869948,147.404238073899,92.6615552791212));
#4079=CARTESIAN_POINT('Ctrl Pts',(37.914450982371,145.562453526348,92.5671322245284));
#4080=CARTESIAN_POINT('Ctrl Pts',(36.822343066346,143.871562637057,92.4727091699354));
#4081=CARTESIAN_POINT('Ctrl Pts',(34.8095050281374,143.854394900703,92.3782861153425));
#4082=CARTESIAN_POINT('Ctrl Pts',(34.0259899997441,145.023257622006,92.3122774558538));
#4083=CARTESIAN_POINT('Ctrl Pts',(33.9975936162557,145.671571013258,92.2777431478961));
#4084=CARTESIAN_POINT('Ctrl Pts',(33.9979651983179,145.729048574676,92.2746831914694));
#4085=CARTESIAN_POINT('Origin',(35.8,145.73,96.7249645331631));
#4086=CARTESIAN_POINT('',(34.002404764872,145.729024423598,93.4746831914694));
#4087=CARTESIAN_POINT('',(33.997412693738,145.73040020677,93.4249645331631));
#4088=CARTESIAN_POINT('',(34.00025,145.73,96.7249645331631));
#4089=CARTESIAN_POINT('Ctrl Pts',(33.997412693738,145.73040020677,93.4249645331631));
#4090=CARTESIAN_POINT('Ctrl Pts',(33.9973437567887,145.752940690507,93.4237635585387));
#4091=CARTESIAN_POINT('Ctrl Pts',(34.0078697327614,146.366141482478,93.3910882323834));
#4092=CARTESIAN_POINT('Ctrl Pts',(34.701717447365,147.544593943529,93.3269385546972));
#4093=CARTESIAN_POINT('Ctrl Pts',(36.7121260868161,147.644941708632,93.2325155001042));
#4094=CARTESIAN_POINT('Ctrl Pts',(37.901066873516,146.020678066994,93.1380924455113));
#4095=CARTESIAN_POINT('Ctrl Pts',(37.1977704814831,144.134627495948,93.0436693909184));
#4096=CARTESIAN_POINT('Ctrl Pts',(35.2356311151018,143.685381818689,92.9492463363254));
#4097=CARTESIAN_POINT('Ctrl Pts',(34.1131397257189,144.760227737946,92.8763447170737));
#4098=CARTESIAN_POINT('Ctrl Pts',(34.0000951335075,145.540690767914,92.8349174493529));
#4099=CARTESIAN_POINT('Ctrl Pts',(34.001502561227,145.728593797649,92.8249645331631));
#4100=CARTESIAN_POINT('Ctrl Pts',(34.002404764872,145.729024423598,93.4746831914694));
#4101=CARTESIAN_POINT('Ctrl Pts',(34.0042302499317,146.092867863652,93.4554353662678));
#4102=CARTESIAN_POINT('Ctrl Pts',(34.2872130989234,147.054285048026,93.4047131895353));
#4103=CARTESIAN_POINT('Ctrl Pts',(35.8481185888998,147.850532805642,93.3225166612718));
#4104=CARTESIAN_POINT('Ctrl Pts',(37.5978688601116,146.855452060123,93.2280936066788));
#4105=CARTESIAN_POINT('Ctrl Pts',(37.7284444428074,144.846780430305,93.1336705520859));
#4106=CARTESIAN_POINT('Ctrl Pts',(36.1222479515944,143.633543218815,93.039247497493));
#4107=CARTESIAN_POINT('Ctrl Pts',(34.3883929862249,144.250543393887,92.9529183772875));
#4108=CARTESIAN_POINT('Ctrl Pts',(34.0043891634853,145.290750455588,92.8980636086129));
#4109=CARTESIAN_POINT('Ctrl Pts',(34.0005559501498,145.73156361564,92.8746831914694));
#4110=CARTESIAN_POINT('Origin',(35.8,145.73,96.7249645331631));
#4111=CARTESIAN_POINT('',(33.9973902891278,145.729641626309,94.0746831914694));
#4112=CARTESIAN_POINT('',(34.0024443646742,145.730944980051,94.0249645331631));
#4113=CARTESIAN_POINT('',(34.00025,145.73,96.7249645331631));
#4114=CARTESIAN_POINT('Ctrl Pts',(34.0024443646742,145.730944980051,94.0249645331631));
#4115=CARTESIAN_POINT('Ctrl Pts',(34.0013109321884,145.964503174609,94.0126096677247));
#4116=CARTESIAN_POINT('Ctrl Pts',(34.1515009400746,146.791656445696,93.9687804507552));
#4117=CARTESIAN_POINT('Ctrl Pts',(35.3913765570037,147.811346343207,93.8934768822547));
#4118=CARTESIAN_POINT('Ctrl Pts',(37.3140645580716,147.215457594641,93.7990538276618));
#4119=CARTESIAN_POINT('Ctrl Pts',(37.8731742376188,145.281754164471,93.7046307730689));
#4120=CARTESIAN_POINT('Ctrl Pts',(36.5651670618575,143.751744427484,93.6102077184759));
#4121=CARTESIAN_POINT('Ctrl Pts',(34.5934460426976,144.000166644373,93.5169856385074));
#4122=CARTESIAN_POINT('Ctrl Pts',(33.9991504109257,145.162214546562,93.4552379100697));
#4123=CARTESIAN_POINT('Ctrl Pts',(33.997412693738,145.73040020677,93.4249645331631));
#4124=CARTESIAN_POINT('Ctrl Pts',(33.9973902891278,145.729641626309,94.0746831914694));
#4125=CARTESIAN_POINT('Ctrl Pts',(33.9989676201183,146.300216805217,94.0442814754537));
#4126=CARTESIAN_POINT('Ctrl Pts',(34.5977146771921,147.464352696959,93.982405407907));
#4127=CARTESIAN_POINT('Ctrl Pts',(36.5731368283095,147.705154236595,93.8890549888294));
#4128=CARTESIAN_POINT('Ctrl Pts',(37.8749644476045,146.169883342971,93.7946319342364));
#4129=CARTESIAN_POINT('Ctrl Pts',(37.3080628969021,144.238450118344,93.7002088796435));
#4130=CARTESIAN_POINT('Ctrl Pts',(35.3829881826522,143.650318310976,93.6057858250506));
#4131=CARTESIAN_POINT('Ctrl Pts',(34.1493401301423,144.673252505957,93.5306105956592));
#4132=CARTESIAN_POINT('Ctrl Pts',(34.0012451875737,145.497905252833,93.4869097177988));
#4133=CARTESIAN_POINT('Ctrl Pts',(34.002404764872,145.729024423598,93.4746831914694));
#4134=CARTESIAN_POINT('Origin',(35.8,145.73,96.7249645331631));
#4135=CARTESIAN_POINT('',(34.0015640981726,145.731386973881,94.6746831914694));
#4136=CARTESIAN_POINT('',(34.0004863821889,145.728432175282,94.6249645331631));
#4137=CARTESIAN_POINT('',(34.00025,145.73,96.7249645331631));
#4138=CARTESIAN_POINT('Ctrl Pts',(34.0004863821889,145.728432175282,94.6249645331631));
#4139=CARTESIAN_POINT('Ctrl Pts',(34.0043622453809,146.171621361399,94.6014557769105));
#4140=CARTESIAN_POINT('Ctrl Pts',(34.3917877137031,147.214230343671,94.5464726691269));
#4141=CARTESIAN_POINT('Ctrl Pts',(36.1306982032701,147.825140150736,94.4600152098123));
#4142=CARTESIAN_POINT('Ctrl Pts',(37.7319899317163,146.605437486383,94.3655921552194));
#4143=CARTESIAN_POINT('Ctrl Pts',(37.5933167890028,144.597308049324,94.2711691006264));
#4144=CARTESIAN_POINT('Ctrl Pts',(35.8395684481258,143.609290251869,94.1767460460335));
#4145=CARTESIAN_POINT('Ctrl Pts',(34.2843179936703,144.410571881487,94.0946778568791));
#4146=CARTESIAN_POINT('Ctrl Pts',(34.0041983818876,145.369507401076,94.0440840192556));
#4147=CARTESIAN_POINT('Ctrl Pts',(34.0024443646742,145.730944980051,94.0249645331631));
#4148=CARTESIAN_POINT('Ctrl Pts',(34.0015640981726,145.731386973881,94.6746831914694));
#4149=CARTESIAN_POINT('Ctrl Pts',(34.0001585272798,145.921730103624,94.6646019361706));
#4150=CARTESIAN_POINT('Ctrl Pts',(34.1150739041423,146.704686076174,94.6230463293407));
#4151=CARTESIAN_POINT('Ctrl Pts',(35.2438836929373,147.776873404444,94.5500163709798));
#4152=CARTESIAN_POINT('Ctrl Pts',(37.2041893019644,147.31972533105,94.455593316387));
#4153=CARTESIAN_POINT('Ctrl Pts',(37.8998785449836,145.430852315298,94.361170261794));
#4154=CARTESIAN_POINT('Ctrl Pts',(36.7043973073959,143.811396838154,94.266747207201));
#4155=CARTESIAN_POINT('Ctrl Pts',(34.694410479328,143.919848975053,94.1723241526082));
#4156=CARTESIAN_POINT('Ctrl Pts',(34.0066982541982,145.098726199194,94.1083028140309));
#4157=CARTESIAN_POINT('Ctrl Pts',(33.9973346376231,145.709510552105,94.0757558269847));
#4158=CARTESIAN_POINT('Ctrl Pts',(33.9973902891278,145.729641626309,94.0746831914694));
#4159=CARTESIAN_POINT('Origin',(35.8,145.73,96.7249645331631));
#4160=CARTESIAN_POINT('',(34.002200849203,145.728547299615,95.2746831914694));
#4161=CARTESIAN_POINT('',(33.9980239708179,145.730954303461,95.2249645331631));
#4162=CARTESIAN_POINT('',(34.00025,145.73,96.7249645331631));
#4163=CARTESIAN_POINT('',(35.3367518048288,143.990890695738,95.3998238623163));
#4164=CARTESIAN_POINT('Ctrl Pts',(35.336751804829,143.990890695738,95.3998238623163));
#4165=CARTESIAN_POINT('Ctrl Pts',(34.7635437459634,144.143576670148,95.3683495107853));
#4166=CARTESIAN_POINT('Ctrl Pts',(34.1180901148629,144.749733180273,95.3266359538363));
#4167=CARTESIAN_POINT('Ctrl Pts',(34.0008681637574,145.535240301849,95.2849223968873));
#4168=CARTESIAN_POINT('Ctrl Pts',(34.002200849203,145.728547299615,95.2746831914694));
#4169=CARTESIAN_POINT('',(36.2644602774917,143.988027653674,95.3998238623163));
#4170=CARTESIAN_POINT('Origin',(35.8,145.73,95.3998238623163));
#4171=CARTESIAN_POINT('Ctrl Pts',(36.2644662386153,143.98801357299,95.3998238623162));
#4172=CARTESIAN_POINT('Ctrl Pts',(35.7198920027258,143.844894987568,95.3698234752604));
#4173=CARTESIAN_POINT('Ctrl Pts',(34.5163345977973,144.099153603473,95.3115370322094));
#4174=CARTESIAN_POINT('Ctrl Pts',(34.0015281576895,145.199674866386,95.2532505891583));
#4175=CARTESIAN_POINT('Ctrl Pts',(33.9980239708179,145.730954303461,95.2249645331631));
#4176=CARTESIAN_POINT('Origin',(37.,194.13,96.7249645331631));
#4177=CARTESIAN_POINT('',(35.1988675287088,194.128604391791,90.4746831914694));
#4178=CARTESIAN_POINT('',(35.2029611255428,194.129761323373,90.4249645331631));
#4179=CARTESIAN_POINT('',(35.20025,194.13,96.7249645331631));
#4180=CARTESIAN_POINT('',(35.2622630649655,194.598369946855,90.3998238623163));
#4181=CARTESIAN_POINT('Ctrl Pts',(35.2029611255428,194.129761323373,90.4249645331631));
#4182=CARTESIAN_POINT('Ctrl Pts',(35.2018223677006,194.287861035747,90.4165843095475));
#4183=CARTESIAN_POINT('Ctrl Pts',(35.2211600909996,194.445870503882,90.4082040859319));
#4184=CARTESIAN_POINT('Ctrl Pts',(35.2622630649655,194.598369946855,90.3998238623163));
#4185=CARTESIAN_POINT('',(35.7236108453864,195.40322608151,90.3998238623163));
#4186=CARTESIAN_POINT('Origin',(37.,194.13,90.3998238623163));
#4187=CARTESIAN_POINT('Ctrl Pts',(35.1988675287088,194.128604391791,90.4746831914694));
#4188=CARTESIAN_POINT('Ctrl Pts',(35.2027127310447,194.59808199471,90.4497300817517));
#4189=CARTESIAN_POINT('Ctrl Pts',(35.3940430998993,195.070489143692,90.4247769720339));
#4190=CARTESIAN_POINT('Ctrl Pts',(35.7236022616743,195.403237313439,90.3998238623163));
#4191=CARTESIAN_POINT('Origin',(37.,194.13,96.7249645331631));
#4192=CARTESIAN_POINT('',(35.1994440055732,194.13150166505,91.0746831914694));
#4193=CARTESIAN_POINT('',(35.2022957272721,194.128951750203,91.0249645331631));
#4194=CARTESIAN_POINT('',(35.20025,194.13,96.7249645331631));
#4195=CARTESIAN_POINT('Ctrl Pts',(35.2022957272721,194.128951750203,91.0249645331631));
#4196=CARTESIAN_POINT('Ctrl Pts',(35.2042814267729,194.49815468816,91.0054304187334));
#4197=CARTESIAN_POINT('Ctrl Pts',(35.4937134457066,195.465095442882,90.9544219527726));
#4198=CARTESIAN_POINT('Ctrl Pts',(37.0671765095564,196.250138470173,90.8719391352809));
#4199=CARTESIAN_POINT('Ctrl Pts',(38.8079639114107,195.239022822589,90.777516080688));
#4200=CARTESIAN_POINT('Ctrl Pts',(38.9203914974292,193.229936239888,90.683093026095));
#4201=CARTESIAN_POINT('Ctrl Pts',(37.3035674798932,192.029676618816,90.5886699715022));
#4202=CARTESIAN_POINT('Ctrl Pts',(35.5809553411888,192.662973883379,90.5026271405248));
#4203=CARTESIAN_POINT('Ctrl Pts',(35.2060993018589,193.69407187779,90.4480586610785));
#4204=CARTESIAN_POINT('Ctrl Pts',(35.2029611255428,194.129761323373,90.4249645331631));
#4205=CARTESIAN_POINT('Ctrl Pts',(35.1994440055732,194.13150166505,91.0746831914694));
#4206=CARTESIAN_POINT('Ctrl Pts',(35.1984210882403,194.246456498664,91.0685765779934));
#4207=CARTESIAN_POINT('Ctrl Pts',(35.2604824081157,194.952805699896,91.0309956129865));
#4208=CARTESIAN_POINT('Ctrl Pts',(36.1932709160782,196.09170542918,90.9619402964485));
#4209=CARTESIAN_POINT('Ctrl Pts',(38.1952960963045,195.882226727999,90.8675172418555));
#4210=CARTESIAN_POINT('Ctrl Pts',(39.1207713985324,194.094743880302,90.7730941872627));
#4211=CARTESIAN_POINT('Ctrl Pts',(38.1363843495454,192.33887474826,90.6786711326696));
#4212=CARTESIAN_POINT('Ctrl Pts',(36.1283015603897,192.196400727604,90.5842480780768));
#4213=CARTESIAN_POINT('Ctrl Pts',(35.2479659548727,193.347377948205,90.5162520976767));
#4214=CARTESIAN_POINT('Ctrl Pts',(35.1980897578085,194.033642934371,90.4797304688075));
#4215=CARTESIAN_POINT('Ctrl Pts',(35.1988675287088,194.128604391791,90.4746831914694));
#4216=CARTESIAN_POINT('Origin',(37.,194.13,96.7249645331631));
#4217=CARTESIAN_POINT('',(35.2028481425224,194.129550529148,91.6746831914694));
#4218=CARTESIAN_POINT('',(35.1973319510238,194.129736017163,91.6249645331631));
#4219=CARTESIAN_POINT('',(35.20025,194.13,96.7249645331631));
#4220=CARTESIAN_POINT('Ctrl Pts',(35.1973319510238,194.129736017163,91.6249645331631));
#4221=CARTESIAN_POINT('Ctrl Pts',(35.1985303260431,194.705653415683,91.5942765279192));
#4222=CARTESIAN_POINT('Ctrl Pts',(35.8072863961273,195.874427275766,91.5321141711443));
#4223=CARTESIAN_POINT('Ctrl Pts',(37.7908770407275,196.098139892778,91.4384774628386));
#4224=CARTESIAN_POINT('Ctrl Pts',(39.0788560602172,194.55120494244,91.3440544082456));
#4225=CARTESIAN_POINT('Ctrl Pts',(38.4946000420261,192.624938411319,91.2496313536527));
#4226=CARTESIAN_POINT('Ctrl Pts',(36.5642979162906,192.054123177439,91.1552082990597));
#4227=CARTESIAN_POINT('Ctrl Pts',(35.3445483687443,193.084209982282,91.0803193588965));
#4228=CARTESIAN_POINT('Ctrl Pts',(35.2010819674707,193.903276271874,91.0369047702643));
#4229=CARTESIAN_POINT('Ctrl Pts',(35.2022957272721,194.128951750203,91.0249645331631));
#4230=CARTESIAN_POINT('Ctrl Pts',(35.2028481425224,194.129550529148,91.6746831914694));
#4231=CARTESIAN_POINT('Ctrl Pts',(35.2035907035837,194.456039749355,91.6574226871793));
#4232=CARTESIAN_POINT('Ctrl Pts',(35.4439847913725,195.378897432292,91.6086878313582));
#4233=CARTESIAN_POINT('Ctrl Pts',(36.9157176484715,196.249422772287,91.528478624006));
#4234=CARTESIAN_POINT('Ctrl Pts',(38.7241614294576,195.36544465006,91.4340555694132));
#4235=CARTESIAN_POINT('Ctrl Pts',(38.9798113973992,193.368816157365,91.3396325148202));
#4236=CARTESIAN_POINT('Ctrl Pts',(37.4524291122827,192.057714274181,91.2452094602273));
#4237=CARTESIAN_POINT('Ctrl Pts',(35.6427150107718,192.577024644609,91.1568930191103));
#4238=CARTESIAN_POINT('Ctrl Pts',(35.2036933491833,193.65396299018,91.1000509295244));
#4239=CARTESIAN_POINT('Ctrl Pts',(35.1994440055732,194.13150166505,91.0746831914694));
#4240=CARTESIAN_POINT('Origin',(37.,194.13,96.7249645331631));
#4241=CARTESIAN_POINT('',(35.1979489289801,194.129048566082,92.2746831914694));
#4242=CARTESIAN_POINT('',(35.2016758007025,194.131345376202,92.2249645331631));
#4243=CARTESIAN_POINT('',(35.20025,194.13,96.7249645331631));
#4244=CARTESIAN_POINT('Ctrl Pts',(35.2016758007025,194.131345376202,92.2249645331631));
#4245=CARTESIAN_POINT('Ctrl Pts',(35.2002836671413,194.327130188179,92.2145969886361));
#4246=CARTESIAN_POINT('Ctrl Pts',(35.3194362421684,195.115641674976,92.172755092578));
#4247=CARTESIAN_POINT('Ctrl Pts',(36.4623064513139,196.181814450781,92.0994388449891));
#4248=CARTESIAN_POINT('Ctrl Pts',(38.4184453223769,195.707044646837,92.0050157903961));
#4249=CARTESIAN_POINT('Ctrl Pts',(39.0971213019626,193.81197611524,91.9105927358031));
#4250=CARTESIAN_POINT('Ctrl Pts',(37.8871135035774,192.203322464597,91.8161696812102));
#4251=CARTESIAN_POINT('Ctrl Pts',(35.8781644044591,192.32984939484,91.7217466266173));
#4252=CARTESIAN_POINT('Ctrl Pts',(35.2041045081728,193.509575888371,91.6580115772683));
#4253=CARTESIAN_POINT('Ctrl Pts',(35.1973012439856,194.114978769033,91.6257508794502));
#4254=CARTESIAN_POINT('Ctrl Pts',(35.1973319510238,194.129736017163,91.6249645331631));
#4255=CARTESIAN_POINT('Ctrl Pts',(35.1979489289801,194.129048566082,92.2746831914694));
#4256=CARTESIAN_POINT('Ctrl Pts',(35.2013994274003,194.662783252788,92.2462687963651));
#4257=CARTESIAN_POINT('Ctrl Pts',(35.7334868646525,195.793714778368,92.18638004973));
#4258=CARTESIAN_POINT('Ctrl Pts',(37.6484006223975,196.149562489731,92.0950169515636));
#4259=CARTESIAN_POINT('Ctrl Pts',(39.0434945212625,194.698494644487,92.0005938969708));
#4260=CARTESIAN_POINT('Ctrl Pts',(38.5982013433748,192.735436105353,91.9061708423777));
#4261=CARTESIAN_POINT('Ctrl Pts',(36.7135556109358,192.028332647585,91.8117477877849));
#4262=CARTESIAN_POINT('Ctrl Pts',(35.3842389662584,192.997266268356,91.7345852374821));
#4263=CARTESIAN_POINT('Ctrl Pts',(35.2022366511479,193.860690024043,91.6888970387103));
#4264=CARTESIAN_POINT('Ctrl Pts',(35.2028481425224,194.129550529148,91.6746831914694));
#4265=CARTESIAN_POINT('Origin',(37.,194.13,96.7249645331631));
#4266=CARTESIAN_POINT('',(35.2005397041973,194.131563629757,92.8746831914694));
#4267=CARTESIAN_POINT('',(35.2014863369246,194.128593784963,92.8249645331631));
#4268=CARTESIAN_POINT('',(35.20025,194.13,96.7249645331631));
#4269=CARTESIAN_POINT('Ctrl Pts',(35.2014863369246,194.128593784963,92.8249645331632));
#4270=CARTESIAN_POINT('Ctrl Pts',(35.2045296799341,194.53490479053,92.803443097822));
#4271=CARTESIAN_POINT('Ctrl Pts',(35.5409298128651,195.539996740202,92.7504473109498));
#4272=CARTESIAN_POINT('Ctrl Pts',(37.1993334565462,196.241710938937,92.6659771725466));
#4273=CARTESIAN_POINT('Ctrl Pts',(38.8736216082854,195.124283151795,92.5715541179537));
#4274=CARTESIAN_POINT('Ctrl Pts',(38.8605115574212,193.111396219244,92.4771310633608));
#4275=CARTESIAN_POINT('Ctrl Pts',(37.171810317612,192.015871780372,92.3827080087678));
#4276=CARTESIAN_POINT('Ctrl Pts',(35.5307824398334,192.735577930569,92.298652498702));
#4277=CARTESIAN_POINT('Ctrl Pts',(35.2045099813827,193.732756083441,92.2460713401671));
#4278=CARTESIAN_POINT('Ctrl Pts',(35.2016758007025,194.131345376202,92.2249645331631));
#4279=CARTESIAN_POINT('Ctrl Pts',(35.2005397041973,194.131563629757,92.8746831914694));
#4280=CARTESIAN_POINT('Ctrl Pts',(35.1992126937701,194.284167622445,92.866589257082));
#4281=CARTESIAN_POINT('Ctrl Pts',(35.2863710523509,195.028699921278,92.8270209711636));
#4282=CARTESIAN_POINT('Ctrl Pts',(36.3172460331201,196.138208912188,92.7559783337141));
#4283=CARTESIAN_POINT('Ctrl Pts',(38.3022796442853,195.804253189451,92.6615552791213));
#4284=CARTESIAN_POINT('Ctrl Pts',(39.1144700723024,193.962452013687,92.5671322245283));
#4285=CARTESIAN_POINT('Ctrl Pts',(38.0223522963917,192.271545858488,92.4727091699353));
#4286=CARTESIAN_POINT('Ctrl Pts',(36.0094960856171,192.254377967157,92.3782861153425));
#4287=CARTESIAN_POINT('Ctrl Pts',(35.2259739834367,193.423251241297,92.3122774558537));
#4288=CARTESIAN_POINT('Ctrl Pts',(35.1975773435644,194.071570485738,92.2777431478961));
#4289=CARTESIAN_POINT('Ctrl Pts',(35.1979489289801,194.129048566082,92.2746831914694));
#4290=CARTESIAN_POINT('Origin',(37.,194.13,96.7249645331631));
#4291=CARTESIAN_POINT('',(35.2023885356415,194.129024414754,93.4746831914694));
#4292=CARTESIAN_POINT('',(35.1973964325413,194.130400210376,93.4249645331631));
#4293=CARTESIAN_POINT('',(35.20025,194.13,96.7249645331631));
#4294=CARTESIAN_POINT('Ctrl Pts',(35.1973964325413,194.130400210376,93.4249645331631));
#4295=CARTESIAN_POINT('Ctrl Pts',(35.1973274949702,194.152940897452,93.4237635585388));
#4296=CARTESIAN_POINT('Ctrl Pts',(35.2078535658988,194.76614722112,93.3910882323835));
#4297=CARTESIAN_POINT('Ctrl Pts',(35.9017075397221,195.944610313049,93.3269385546971));
#4298=CARTESIAN_POINT('Ctrl Pts',(37.9121343151355,196.044958983377,93.2325155001042));
#4299=CARTESIAN_POINT('Ctrl Pts',(39.1010858273068,194.420680689212,93.1380924455113));
#4300=CARTESIAN_POINT('Ctrl Pts',(38.3977830908147,192.534613104041,93.0436693909183));
#4301=CARTESIAN_POINT('Ctrl Pts',(36.4356260239121,192.085363374123,92.9492463363255));
#4302=CARTESIAN_POINT('Ctrl Pts',(35.3131245084983,193.160218989601,92.8763447170737));
#4303=CARTESIAN_POINT('Ctrl Pts',(35.2000788965086,193.940689060149,92.8349174493529));
#4304=CARTESIAN_POINT('Ctrl Pts',(35.2014863369246,194.128593784963,92.8249645331632));
#4305=CARTESIAN_POINT('Ctrl Pts',(35.2023885356415,194.129024414754,93.4746831914694));
#4306=CARTESIAN_POINT('Ctrl Pts',(35.2042140371709,194.492871139715,93.4554353662678));
#4307=CARTESIAN_POINT('Ctrl Pts',(35.4871994409571,195.454297004145,93.4047131895353));
#4308=CARTESIAN_POINT('Ctrl Pts',(37.0481190233584,196.250551950454,93.3225166612717));
#4309=CARTESIAN_POINT('Ctrl Pts',(38.7978850918293,195.255462221077,93.2280936066788));
#4310=CARTESIAN_POINT('Ctrl Pts',(38.9284618534232,193.24677245631,93.1336705520858));
#4311=CARTESIAN_POINT('Ctrl Pts',(37.3222508609475,192.033524291341,93.039247497493));
#4312=CARTESIAN_POINT('Ctrl Pts',(35.5883802417891,192.650530036882,92.9529183772874));
#4313=CARTESIAN_POINT('Ctrl Pts',(35.2043729521406,193.690746489903,92.898063608613));
#4314=CARTESIAN_POINT('Ctrl Pts',(35.2005397041973,194.131563629757,92.8746831914694));
#4315=CARTESIAN_POINT('Origin',(37.,194.13,96.7249645331631));
#4316=CARTESIAN_POINT('',(35.1973740164975,194.129641620514,94.0746831914694));
#4317=CARTESIAN_POINT('',(35.2024281488546,194.130944988948,94.0249645331631));
#4318=CARTESIAN_POINT('',(35.20025,194.13,96.7249645331631));
#4319=CARTESIAN_POINT('Ctrl Pts',(35.2024281488546,194.130944988948,94.0249645331631));
#4320=CARTESIAN_POINT('Ctrl Pts',(35.2012947061626,194.364505290164,94.0126096677247));
#4321=CARTESIAN_POINT('Ctrl Pts',(35.3514860689842,195.191666021932,93.9687804507552));
#4322=CARTESIAN_POINT('Ctrl Pts',(36.5913728707378,196.21136511981,93.8934768822547));
#4323=CARTESIAN_POINT('Ctrl Pts',(38.5140782165306,195.615470994649,93.7990538276618));
#4324=CARTESIAN_POINT('Ctrl Pts',(39.0731929397707,193.681750121004,93.7046307730688));
#4325=CARTESIAN_POINT('Ctrl Pts',(37.7651739644635,192.151726581492,93.610207718476));
#4326=CARTESIAN_POINT('Ctrl Pts',(35.7934351583307,192.400151039532,93.5169856385073));
#4327=CARTESIAN_POINT('Ctrl Pts',(35.1991341654042,193.562209424553,93.4552379100698));
#4328=CARTESIAN_POINT('Ctrl Pts',(35.1973964325413,194.130400210376,93.4249645331631));
#4329=CARTESIAN_POINT('Ctrl Pts',(35.1973740164975,194.129641620514,94.0746831914694));
#4330=CARTESIAN_POINT('Ctrl Pts',(35.1989513629613,194.700221948898,94.0442814754536));
#4331=CARTESIAN_POINT('Ctrl Pts',(35.7977038191582,195.86436835983,93.982405407907));
#4332=CARTESIAN_POINT('Ctrl Pts',(37.7731438102073,196.105172066615,93.8890549888293));
#4333=CARTESIAN_POINT('Ctrl Pts',(39.0749831801455,194.569887315509,93.7946319342364));
#4334=CARTESIAN_POINT('Ctrl Pts',(38.508076512625,192.638436651602,93.7002088796435));
#4335=CARTESIAN_POINT('Ctrl Pts',(36.5829844175094,192.050299535221,93.6057858250506));
#4336=CARTESIAN_POINT('Ctrl Pts',(35.3493252275045,193.073242965255,93.5306105956592));
#4337=CARTESIAN_POINT('Ctrl Pts',(35.2012289478814,193.897903157364,93.4869097177988));
#4338=CARTESIAN_POINT('Ctrl Pts',(35.2023885356415,194.129024414754,93.4746831914694));
#4339=CARTESIAN_POINT('Origin',(37.,194.13,96.7249645331631));
#4340=CARTESIAN_POINT('',(35.2015478448413,194.131387073131,94.6746831914694));
#4341=CARTESIAN_POINT('',(35.200470152653,194.128432216715,94.6249645331631));
#4342=CARTESIAN_POINT('',(35.20025,194.13,96.7249645331631));
#4343=CARTESIAN_POINT('Ctrl Pts',(35.200470152653,194.128432216715,94.6249645331631));
#4344=CARTESIAN_POINT('Ctrl Pts',(35.2043460514852,194.57162539235,94.6014557769105));
#4345=CARTESIAN_POINT('Ctrl Pts',(35.5917750068534,195.614243654272,94.5464726691269));
#4346=CARTESIAN_POINT('Ctrl Pts',(37.3307011871983,196.225159096759,94.4600152098123));
#4347=CARTESIAN_POINT('Ctrl Pts',(38.9320073604282,195.005445360683,94.3655921552194));
#4348=CARTESIAN_POINT('Ctrl Pts',(38.7933329662579,192.99729784285,94.2711691006264));
#4349=CARTESIAN_POINT('Ctrl Pts',(37.0395688053304,192.009271115088,94.1767460460336));
#4350=CARTESIAN_POINT('Ctrl Pts',(35.4843043205382,192.810559980636,94.0946778568791));
#4351=CARTESIAN_POINT('Ctrl Pts',(35.2041821818624,193.769504149864,94.0440840192556));
#4352=CARTESIAN_POINT('Ctrl Pts',(35.2024281488546,194.130944988948,94.0249645331631));
#4353=CARTESIAN_POINT('Ctrl Pts',(35.2015478448413,194.131387073131,94.6746831914694));
#4354=CARTESIAN_POINT('Ctrl Pts',(35.2001423038258,194.321731824351,94.6646019361705));
#4355=CARTESIAN_POINT('Ctrl Pts',(35.3150588817573,195.104694475688,94.6230463293406));
#4356=CARTESIAN_POINT('Ctrl Pts',(36.4438785083881,196.176892190885,94.5500163709799));
#4357=CARTESIAN_POINT('Ctrl Pts',(38.4042020687237,195.719739529816,94.4555933163869));
#4358=CARTESIAN_POINT('Ctrl Pts',(39.099897455577,193.830849691397,94.361170261794));
#4359=CARTESIAN_POINT('Ctrl Pts',(37.904405497783,192.211379478078,94.266747207201));
#4360=CARTESIAN_POINT('Ctrl Pts',(35.8944004845728,192.319832651472,94.1723241526082));
#4361=CARTESIAN_POINT('Ctrl Pts',(35.206682064072,193.498720499587,94.1083028140309));
#4362=CARTESIAN_POINT('Ctrl Pts',(35.197318364447,194.109510364627,94.0757558269846));
#4363=CARTESIAN_POINT('Ctrl Pts',(35.1973740164975,194.129641620514,94.0746831914694));
#4364=CARTESIAN_POINT('Origin',(37.,194.13,96.7249645331631));
#4365=CARTESIAN_POINT('',(35.2022047604673,194.128621658503,95.2746831914694));
#4366=CARTESIAN_POINT('',(35.198006934376,194.130954884576,95.2249645331631));
#4367=CARTESIAN_POINT('',(35.20025,194.13,96.7249645331631));
#4368=CARTESIAN_POINT('',(36.5367518048285,192.390890695738,95.3998238623163));
#4369=CARTESIAN_POINT('Ctrl Pts',(36.5367518048285,192.390890695738,95.3998238623163));
#4370=CARTESIAN_POINT('Ctrl Pts',(35.963543745963,192.543576670148,95.3683495107853));
#4371=CARTESIAN_POINT('Ctrl Pts',(35.3181008570818,193.149822727718,95.3266359538364));
#4372=CARTESIAN_POINT('Ctrl Pts',(35.2008737309373,193.93532007453,95.2849223968874));
#4373=CARTESIAN_POINT('Ctrl Pts',(35.2022047604673,194.128621658503,95.2746831914694));
#4374=CARTESIAN_POINT('',(37.4644514395287,192.388001215881,95.3998238623163));
#4375=CARTESIAN_POINT('Origin',(37.,194.13,95.3998238623163));
#4376=CARTESIAN_POINT('Ctrl Pts',(37.4644568684568,192.387988178813,95.3998238623163));
#4377=CARTESIAN_POINT('Ctrl Pts',(36.919891012544,192.244878994816,95.3698234752604));
#4378=CARTESIAN_POINT('Ctrl Pts',(35.7163119174321,192.499122730774,95.3115370322093));
#4379=CARTESIAN_POINT('Ctrl Pts',(35.2015090945363,193.599667730372,95.2532505891583));
#4380=CARTESIAN_POINT('Ctrl Pts',(35.198006934376,194.130954884576,95.2249645331631));
#4381=CARTESIAN_POINT('Origin',(37.,194.13,96.7249645331631));
#4382=CARTESIAN_POINT('Ctrl Pts',(35.198006934376,194.130954884576,95.2249645331631));
#4383=CARTESIAN_POINT('Ctrl Pts',(35.1976121843407,194.190839530999,95.2217762376273));
#4384=CARTESIAN_POINT('Ctrl Pts',(35.2273449019918,194.84150913754,95.1871135905606));
#4385=CARTESIAN_POINT('Ctrl Pts',(36.0170320895294,196.009700482292,95.1209765919628));
#4386=CARTESIAN_POINT('Ctrl Pts',(38.0298531132758,195.984270176697,95.0265535373699));
#4387=CARTESIAN_POINT('Ctrl Pts',(39.1151211173695,194.289043423476,94.9321304827769));
#4388=CARTESIAN_POINT('Ctrl Pts',(38.2955223253296,192.450499242998,94.8377074281841));
#4389=CARTESIAN_POINT('Ctrl Pts',(36.3091529972456,192.124564862646,94.7432843735911));
#4390=CARTESIAN_POINT('Ctrl Pts',(35.2846157171217,193.236204107206,94.6723700752508));
#4391=CARTESIAN_POINT('Ctrl Pts',(35.1991568615071,193.978262746697,94.6329301284415));
#4392=CARTESIAN_POINT('Ctrl Pts',(35.200470152653,194.128432216715,94.6249645331631));
#4393=CARTESIAN_POINT('Ctrl Pts',(35.2022047604673,194.128621658503,95.2746831914694));
#4394=CARTESIAN_POINT('Ctrl Pts',(35.2049651901488,194.5295109084,95.2534480453564));
#4395=CARTESIAN_POINT('Ctrl Pts',(35.5332325962412,195.529819274278,95.2007385477124));
#4396=CARTESIAN_POINT('Ctrl Pts',(37.1807176470717,196.24313926134,95.1165546985375));
#4397=CARTESIAN_POINT('Ctrl Pts',(38.8644236881463,195.141231243044,95.0221316439445));
#4398=CARTESIAN_POINT('Ctrl Pts',(38.8696818542468,193.128107380398,94.9277085893517));
#4399=CARTESIAN_POINT('Ctrl Pts',(37.1907779974531,192.017532704514,94.8332855347586));
#4400=CARTESIAN_POINT('Ctrl Pts',(35.5377846517921,192.72481201785,94.7489437354646));
#4401=CARTESIAN_POINT('Ctrl Pts',(35.2045304966351,193.727462813761,94.6960762877015));
#4402=CARTESIAN_POINT('Ctrl Pts',(35.2015478448413,194.131387073131,94.6746831914694));
#4403=CARTESIAN_POINT('Ctrl Pts',(38.1077203444755,195.088739087779,95.3998238623163));
#4404=CARTESIAN_POINT('Ctrl Pts',(38.4237194424721,194.723635970415,95.3683495107853));
#4405=CARTESIAN_POINT('Ctrl Pts',(38.6607379389094,193.662021742215,95.3054008077233));
#4406=CARTESIAN_POINT('Ctrl Pts',(37.521397508983,192.483134002079,95.2109777531304));
#4407=CARTESIAN_POINT('Ctrl Pts',(35.9113060116158,192.790175922831,95.1165546985375));
#4408=CARTESIAN_POINT('Ctrl Pts',(35.282133964884,194.302476218601,95.0221316439445));
#4409=CARTESIAN_POINT('Ctrl Pts',(36.199862209285,195.660079848066,94.9277085893516));
#4410=CARTESIAN_POINT('Ctrl Pts',(37.8383024369768,195.639379529858,94.8332855347587));
#4411=CARTESIAN_POINT('Ctrl Pts',(38.7217127028456,194.259461656003,94.7388624801657));
#4412=CARTESIAN_POINT('Ctrl Pts',(38.0545576922394,192.762883117651,94.6444394255728));
#4413=CARTESIAN_POINT('Ctrl Pts',(36.4376491962577,192.497571898195,94.5500163709799));
#4414=CARTESIAN_POINT('Ctrl Pts',(35.32720319658,193.702423469879,94.4555933163869));
#4415=CARTESIAN_POINT('Ctrl Pts',(35.7232886753389,195.292360678414,94.3611702617941));
#4416=CARTESIAN_POINT('Ctrl Pts',(37.2691914094989,195.835463579248,94.266747207201));
#4417=CARTESIAN_POINT('Ctrl Pts',(38.5726577485914,194.842614226087,94.1723241526082));
#4418=CARTESIAN_POINT('Ctrl Pts',(38.4597765220546,193.207978241297,94.0779010980152));
#4419=CARTESIAN_POINT('Ctrl Pts',(37.032209084489,192.403722563469,93.9834780434224));
#4420=CARTESIAN_POINT('Ctrl Pts',(35.5756339482689,193.154165623091,93.8890549888293));
#4421=CARTESIAN_POINT('Ctrl Pts',(35.401853938825,194.783452791302,93.7946319342365));
#4422=CARTESIAN_POINT('Ctrl Pts',(36.6673767221174,195.824235255186,93.7002088796435));
#4423=CARTESIAN_POINT('Ctrl Pts',(38.2324626127058,195.339176278461,93.6057858250506));
#4424=CARTESIAN_POINT('Ctrl Pts',(38.6875830847418,193.76512372678,93.5113627704576));
#4425=CARTESIAN_POINT('Ctrl Pts',(37.6228530951182,192.519681590157,93.4169397158648));
#4426=CARTESIAN_POINT('Ctrl Pts',(35.997176760992,192.724504744725,93.3225166612717));
#4427=CARTESIAN_POINT('Ctrl Pts',(35.2746508405362,194.195127865838,93.2280936066789));
#4428=CARTESIAN_POINT('Ctrl Pts',(36.1059878014685,195.607096323721,93.1336705520859));
#4429=CARTESIAN_POINT('Ctrl Pts',(37.7424791063612,195.688780336518,93.039247497493));
#4430=CARTESIAN_POINT('Ctrl Pts',(38.7102879494399,194.366614646309,92.9448244429));
#4431=CARTESIAN_POINT('Ctrl Pts',(38.1377981542123,192.831351964117,92.8504013883071));
#4432=CARTESIAN_POINT('Ctrl Pts',(36.5405984859182,192.465661810301,92.7559783337142));
#4433=CARTESIAN_POINT('Ctrl Pts',(35.3571393966893,193.598887583522,92.6615552791213));
#4434=CARTESIAN_POINT('Ctrl Pts',(35.6532533530452,195.210437332663,92.5671322245283));
#4435=CARTESIAN_POINT('Ctrl Pts',(37.1622578212753,195.84893681097,92.4727091699354));
#4436=CARTESIAN_POINT('Ctrl Pts',(38.5251316328035,194.939348419158,92.3782861153424));
#4437=CARTESIAN_POINT('Ctrl Pts',(38.5144600259048,193.300854541571,92.2838630607495));
#4438=CARTESIAN_POINT('Ctrl Pts',(37.1398539326582,192.409095517847,92.1894400061566));
#4439=CARTESIAN_POINT('Ctrl Pts',(35.6392942994059,193.067196462635,92.0950169515637));
#4440=CARTESIAN_POINT('Ctrl Pts',(35.3641968099039,194.682466548655,92.0005938969708));
#4441=CARTESIAN_POINT('Ctrl Pts',(36.562316405709,195.800180953129,91.9061708423777));
#4442=CARTESIAN_POINT('Ctrl Pts',(38.1546172508861,195.413717409427,91.8117477877849));
#4443=CARTESIAN_POINT('Ctrl Pts',(38.7070608180998,193.87112793934,91.7173247331919));
#4444=CARTESIAN_POINT('Ctrl Pts',(37.7221121170946,192.561680739344,91.622901678599));
#4445=CARTESIAN_POINT('Ctrl Pts',(36.0868236435797,192.664673906621,91.5284786240061));
#4446=CARTESIAN_POINT('Ctrl Pts',(35.2739488606439,194.087351509362,91.4340555694132));
#4447=CARTESIAN_POINT('Ctrl Pts',(36.0155692594809,195.548437926809,91.3396325148203));
#4448=CARTESIAN_POINT('Ctrl Pts',(37.6437754491822,195.732069700192,91.2452094602273));
#4449=CARTESIAN_POINT('Ctrl Pts',(38.6921928757984,194.472861642269,91.1507864056344));
#4450=CARTESIAN_POINT('Ctrl Pts',(38.2166073407797,192.904876939898,91.0563633510414));
#4451=CARTESIAN_POINT('Ctrl Pts',(36.6453376565444,192.440232229447,90.9619402964485));
#4452=CARTESIAN_POINT('Ctrl Pts',(35.3934756197591,193.497438250282,90.8675172418556));
#4453=CARTESIAN_POINT('Ctrl Pts',(35.5884705393449,195.124264614022,90.7730941872627));
#4454=CARTESIAN_POINT('Ctrl Pts',(37.0546818094181,195.855796837785,90.6786711326697));
#4455=CARTESIAN_POINT('Ctrl Pts',(38.4716861398621,195.032746734321,90.5842480780768));
#4456=CARTESIAN_POINT('Ctrl Pts',(38.5632024135206,193.397346348901,90.4898250234838));
#4457=CARTESIAN_POINT('Ctrl Pts',(37.2471045189852,192.420332683187,90.3954019688909));
#4458=CARTESIAN_POINT('Ctrl Pts',(35.7083253432563,192.986046009396,90.300978914298));
#4459=CARTESIAN_POINT('Ctrl Pts',(35.4598179404776,194.04502977128,90.238030211236));
#4460=CARTESIAN_POINT('Ctrl Pts',(35.5854787554796,194.511254047586,90.206555859705));
#4461=CARTESIAN_POINT('Ctrl Pts',(38.1920910806105,195.16176250294,95.4642465298533));
#4462=CARTESIAN_POINT('Ctrl Pts',(38.5321585968219,194.768850905818,95.4327721783223));
#4463=CARTESIAN_POINT('Ctrl Pts',(38.7872298672484,193.626377664446,95.3698234752603));
#4464=CARTESIAN_POINT('Ctrl Pts',(37.561110322665,192.357698645355,95.2754004206675));
#4465=CARTESIAN_POINT('Ctrl Pts',(35.8283844387804,192.688126751083,95.1809773660745));
#4466=CARTESIAN_POINT('Ctrl Pts',(35.1512908123799,194.315613059142,95.0865543114816));
#4467=CARTESIAN_POINT('Ctrl Pts',(36.1389188360331,195.776620059475,94.9921312568887));
#4468=CARTESIAN_POINT('Ctrl Pts',(37.9021526624098,195.754343078804,94.8977082022957));
#4469=CARTESIAN_POINT('Ctrl Pts',(38.8528488410202,194.269322245161,94.8032851477028));
#4470=CARTESIAN_POINT('Ctrl Pts',(38.1348792366027,192.658755159434,94.7088620931099));
#4471=CARTESIAN_POINT('Ctrl Pts',(36.3948171299203,192.373236219679,94.6144390385169));
#4472=CARTESIAN_POINT('Ctrl Pts',(35.1997927915869,193.669856634052,94.520015983924));
#4473=CARTESIAN_POINT('Ctrl Pts',(35.6260465556733,195.38089315557,94.4255929293311));
#4474=CARTESIAN_POINT('Ctrl Pts',(37.289694668732,195.965362085085,94.3311698747381));
#4475=CARTESIAN_POINT('Ctrl Pts',(38.692440952537,194.896891270952,94.2367468201452));
#4476=CARTESIAN_POINT('Ctrl Pts',(38.5709620034557,193.137751441815,94.1423237655522));
#4477=CARTESIAN_POINT('Ctrl Pts',(37.0346623247695,192.272238747342,94.0479007109594));
#4478=CARTESIAN_POINT('Ctrl Pts',(35.467145544215,193.079840126465,93.9534776563664));
#4479=CARTESIAN_POINT('Ctrl Pts',(35.2801293895694,194.833223740537,93.8590546017736));
#4480=CARTESIAN_POINT('Ctrl Pts',(36.6420421049909,195.953278543394,93.7646315471805));
#4481=CARTESIAN_POINT('Ctrl Pts',(38.3263344806474,195.431274517191,93.6702084925877));
#4482=CARTESIAN_POINT('Ctrl Pts',(38.8161197030848,193.737332524854,93.5757854379946));
#4483=CARTESIAN_POINT('Ctrl Pts',(37.6702933849,192.397029920603,93.4813623834019));
#4484=CARTESIAN_POINT('Ctrl Pts',(35.920795628055,192.6174536556,93.3869393288088));
#4485=CARTESIAN_POINT('Ctrl Pts',(35.1432377276509,194.200088401239,93.292516274216));
#4486=CARTESIAN_POINT('Ctrl Pts',(36.0378943808863,195.71960098683,93.1980932196229));
#4487=CARTESIAN_POINT('Ctrl Pts',(37.7990308426193,195.807506552137,93.1036701650302));
#4488=CARTESIAN_POINT('Ctrl Pts',(38.8405539087289,194.38463666061,93.0092471104371));
#4489=CARTESIAN_POINT('Ctrl Pts',(38.2244597997464,192.732439010759,92.9148240558442));
#4490=CARTESIAN_POINT('Ctrl Pts',(36.5056076652495,192.338895664908,92.8204010012512));
#4491=CARTESIAN_POINT('Ctrl Pts',(35.2320091152425,193.558434823246,92.7259779466584));
#4492=CARTESIAN_POINT('Ctrl Pts',(35.5506769161697,195.292730028251,92.6315548920654));
#4493=CARTESIAN_POINT('Ctrl Pts',(37.1746163663656,195.979861520292,92.5371318374725));
#4494=CARTESIAN_POINT('Ctrl Pts',(38.6412949579641,195.000993330037,92.4427087828795));
#4495=CARTESIAN_POINT('Ctrl Pts',(38.6298105364103,193.237701767462,92.3482857282866));
#4496=CARTESIAN_POINT('Ctrl Pts',(37.1505060609761,192.278020938688,92.2538626736937));
#4497=CARTESIAN_POINT('Ctrl Pts',(35.5356546558851,192.986246864425,92.1594396191008));
#4498=CARTESIAN_POINT('Ctrl Pts',(35.2396040640826,194.724545769852,92.0650165645078));
#4499=CARTESIAN_POINT('Ctrl Pts',(36.528979754244,195.927392119013,91.9705935099149));
#4500=CARTESIAN_POINT('Ctrl Pts',(38.242559941383,195.51149315523,91.876170455322));
#4501=CARTESIAN_POINT('Ctrl Pts',(38.8370809793874,193.85141066464,91.781747400729));
#4502=CARTESIAN_POINT('Ctrl Pts',(37.7771125792555,192.442227981095,91.6873243461361));
#4503=CARTESIAN_POINT('Ctrl Pts',(36.0172705638728,192.553065736027,91.5929012915432));
#4504=CARTESIAN_POINT('Ctrl Pts',(35.1424822806895,194.084103140252,91.4984782369502));
#4505=CARTESIAN_POINT('Ctrl Pts',(35.9405890113834,195.65647480872,91.4040551823573));
#4506=CARTESIAN_POINT('Ctrl Pts',(37.6928093130307,195.85409309772,91.3096321277644));
#4507=CARTESIAN_POINT('Ctrl Pts',(38.821080603938,194.49897607566,91.2152090731714));
#4508=CARTESIAN_POINT('Ctrl Pts',(38.3092715745285,192.811564097039,91.1207860185785));
#4509=CARTESIAN_POINT('Ctrl Pts',(36.6183244097932,192.311529212111,91.0263629639856));
#4510=CARTESIAN_POINT('Ctrl Pts',(35.2711129266338,193.449258490164,90.9319399093926));
#4511=CARTESIAN_POINT('Ctrl Pts',(35.4809598483427,195.199993869891,90.8375168547997));
#4512=CARTESIAN_POINT('Ctrl Pts',(37.0588467094642,195.987244048581,90.7430938002068));
#4513=CARTESIAN_POINT('Ctrl Pts',(38.5837787303783,195.10150543041,90.6486707456138));
#4514=CARTESIAN_POINT('Ctrl Pts',(38.6822654414902,193.34154297923,90.5542476910209));
#4515=CARTESIAN_POINT('Ctrl Pts',(37.2659255059545,192.290113995063,90.459824636428));
#4516=CARTESIAN_POINT('Ctrl Pts',(35.6099435249753,192.898915497825,90.3654015818351));
#4517=CARTESIAN_POINT('Ctrl Pts',(35.342508283043,194.038557920526,90.3024528787731));
#4518=CARTESIAN_POINT('Ctrl Pts',(35.4777401919749,194.540292680675,90.2709785272421));
#4519=CARTESIAN_POINT('Ctrl Pts',(38.2764618167454,195.234785918102,95.5286691973904));
#4520=CARTESIAN_POINT('Ctrl Pts',(38.6405977511718,194.814065841221,95.4971948458594));
#4521=CARTESIAN_POINT('Ctrl Pts',(38.9137217955874,193.590733586678,95.4342461427974));
#4522=CARTESIAN_POINT('Ctrl Pts',(37.6008231363469,192.23226328863,95.3398230882046));
#4523=CARTESIAN_POINT('Ctrl Pts',(35.745462865945,192.586077579335,95.2454000336116));
#4524=CARTESIAN_POINT('Ctrl Pts',(35.0204476598759,194.328749899682,95.1509769790186));
#4525=CARTESIAN_POINT('Ctrl Pts',(36.0779754627813,195.893160270884,95.0565539244257));
#4526=CARTESIAN_POINT('Ctrl Pts',(37.9660028878428,195.869306627751,94.9621308698329));
#4527=CARTESIAN_POINT('Ctrl Pts',(38.9839849791949,194.279182834318,94.8677078152399));
#4528=CARTESIAN_POINT('Ctrl Pts',(38.2152007809662,192.554627201216,94.773284760647));
#4529=CARTESIAN_POINT('Ctrl Pts',(36.3519850635829,192.248900541162,94.678861706054));
#4530=CARTESIAN_POINT('Ctrl Pts',(35.0723823865937,193.637289798226,94.5844386514611));
#4531=CARTESIAN_POINT('Ctrl Pts',(35.5288044360077,195.469425632725,94.4900155968681));
#4532=CARTESIAN_POINT('Ctrl Pts',(37.3101979279652,196.095260590922,94.3955925422753));
#4533=CARTESIAN_POINT('Ctrl Pts',(38.8122241564826,194.951168315818,94.3011694876823));
#4534=CARTESIAN_POINT('Ctrl Pts',(38.6821474848568,193.067524642332,94.2067464330893));
#4535=CARTESIAN_POINT('Ctrl Pts',(37.03711556505,192.140754931215,94.1123233784965));
#4536=CARTESIAN_POINT('Ctrl Pts',(35.3586571401611,193.005514629839,94.0179003239035));
#4537=CARTESIAN_POINT('Ctrl Pts',(35.1584048403138,194.882994689772,93.9234772693106));
#4538=CARTESIAN_POINT('Ctrl Pts',(36.6167074878644,196.082321831602,93.8290542147176));
#4539=CARTESIAN_POINT('Ctrl Pts',(38.420206348589,195.52337275592,93.7346311601247));
#4540=CARTESIAN_POINT('Ctrl Pts',(38.9446563214277,193.709541322929,93.6402081055317));
#4541=CARTESIAN_POINT('Ctrl Pts',(37.7177336746817,192.274378251047,93.5457850509389));
#4542=CARTESIAN_POINT('Ctrl Pts',(35.8444144951181,192.510402566475,93.4513619963459));
#4543=CARTESIAN_POINT('Ctrl Pts',(35.0118246147657,194.205048936641,93.356938941753));
#4544=CARTESIAN_POINT('Ctrl Pts',(35.9698009603042,195.832105649939,93.26251588716));
#4545=CARTESIAN_POINT('Ctrl Pts',(37.8555825788774,195.926232767757,93.1680928325672));
#4546=CARTESIAN_POINT('Ctrl Pts',(38.9708198680179,194.402658674911,93.0736697779741));
#4547=CARTESIAN_POINT('Ctrl Pts',(38.3111214452805,192.6335260574,92.9792467233813));
#4548=CARTESIAN_POINT('Ctrl Pts',(36.4706168445808,192.212129519516,92.8848236687883));
#4549=CARTESIAN_POINT('Ctrl Pts',(35.1068788337958,193.517982062969,92.7904006141954));
#4550=CARTESIAN_POINT('Ctrl Pts',(35.4481004792941,195.375022723839,92.6959775596025));
#4551=CARTESIAN_POINT('Ctrl Pts',(37.1869749114559,196.110786229615,92.6015545050095));
#4552=CARTESIAN_POINT('Ctrl Pts',(38.7574582831248,195.062638240916,92.5071314504167));
#4553=CARTESIAN_POINT('Ctrl Pts',(38.7451610469157,193.174548993353,92.4127083958237));
#4554=CARTESIAN_POINT('Ctrl Pts',(37.161158189294,192.14694635953,92.3182853412308));
#4555=CARTESIAN_POINT('Ctrl Pts',(35.4320150123643,192.905297266215,92.2238622866378));
#4556=CARTESIAN_POINT('Ctrl Pts',(35.1150113182613,194.76662499105,92.1294392320449));
#4557=CARTESIAN_POINT('Ctrl Pts',(36.4956431027789,196.054603284897,92.035016177452));
#4558=CARTESIAN_POINT('Ctrl Pts',(38.33050263188,195.609268901034,91.940593122859));
#4559=CARTESIAN_POINT('Ctrl Pts',(38.967101140675,193.83169338994,91.8461700682661));
#4560=CARTESIAN_POINT('Ctrl Pts',(37.8321130414165,192.322775222846,91.7517470136732));
#4561=CARTESIAN_POINT('Ctrl Pts',(35.947717484166,192.441457565434,91.6573239590803));
#4562=CARTESIAN_POINT('Ctrl Pts',(35.0110157007352,194.080854771141,91.5629009044873));
#4563=CARTESIAN_POINT('Ctrl Pts',(35.8656087632858,195.764511690631,91.4684778498944));
#4564=CARTESIAN_POINT('Ctrl Pts',(37.7418431768791,195.976116495249,91.3740547953015));
#4565=CARTESIAN_POINT('Ctrl Pts',(38.9499683320776,194.52509050905,91.2796317407085));
#4566=CARTESIAN_POINT('Ctrl Pts',(38.4019358082773,192.718251254179,91.1852086861156));
#4567=CARTESIAN_POINT('Ctrl Pts',(36.5913111630419,192.182826194775,91.0907856315226));
#4568=CARTESIAN_POINT('Ctrl Pts',(35.1487502335085,193.401078730046,90.9963625769298));
#4569=CARTESIAN_POINT('Ctrl Pts',(35.3734491573406,195.27572312576,90.9019395223368));
#4570=CARTESIAN_POINT('Ctrl Pts',(37.0630116095103,196.118691259377,90.8075164677439));
#4571=CARTESIAN_POINT('Ctrl Pts',(38.6958713208945,195.1702641265,90.7130934131509));
#4572=CARTESIAN_POINT('Ctrl Pts',(38.8013284694597,193.285739609559,90.618670358558));
#4573=CARTESIAN_POINT('Ctrl Pts',(37.2847464929239,192.15989530694,90.524247303965));
#4574=CARTESIAN_POINT('Ctrl Pts',(35.5115617066943,192.811784986254,90.4298242493722));
#4575=CARTESIAN_POINT('Ctrl Pts',(35.2251986256083,194.032086069772,90.3668755463102));
#4576=CARTESIAN_POINT('Ctrl Pts',(35.3700016284702,194.569331313765,90.3354011947792));
#4577=CARTESIAN_POINT('Ctrl Pts',(38.3608325528804,195.307809333263,95.5930918649275));
#4578=CARTESIAN_POINT('Ctrl Pts',(38.7490369055216,194.859280776624,95.5616175133965));
#4579=CARTESIAN_POINT('Ctrl Pts',(39.0402137239264,193.555089508909,95.4986688103345));
#4580=CARTESIAN_POINT('Ctrl Pts',(37.6405359500288,192.106827931906,95.4042457557417));
#4581=CARTESIAN_POINT('Ctrl Pts',(35.6625412931096,192.484028407587,95.3098227011486));
#4582=CARTESIAN_POINT('Ctrl Pts',(34.8896045073719,194.341886740223,95.2153996465557));
#4583=CARTESIAN_POINT('Ctrl Pts',(36.0170320895294,196.009700482292,95.1209765919628));
#4584=CARTESIAN_POINT('Ctrl Pts',(38.0298531132758,195.984270176697,95.0265535373699));
#4585=CARTESIAN_POINT('Ctrl Pts',(39.1151211173695,194.289043423476,94.9321304827769));
#4586=CARTESIAN_POINT('Ctrl Pts',(38.2955223253296,192.450499242998,94.8377074281841));
#4587=CARTESIAN_POINT('Ctrl Pts',(36.3091529972456,192.124564862646,94.7432843735911));
#4588=CARTESIAN_POINT('Ctrl Pts',(34.9449719816006,193.604722962399,94.6488613189982));
#4589=CARTESIAN_POINT('Ctrl Pts',(35.4315623163422,195.557958109881,94.5544382644053));
#4590=CARTESIAN_POINT('Ctrl Pts',(37.3307011871983,196.225159096759,94.4600152098123));
#4591=CARTESIAN_POINT('Ctrl Pts',(38.9320073604282,195.005445360683,94.3655921552194));
#4592=CARTESIAN_POINT('Ctrl Pts',(38.7933329662579,192.99729784285,94.2711691006264));
#4593=CARTESIAN_POINT('Ctrl Pts',(37.0395688053304,192.009271115088,94.1767460460336));
#4594=CARTESIAN_POINT('Ctrl Pts',(35.2501687361072,192.931189133213,94.0823229914406));
#4595=CARTESIAN_POINT('Ctrl Pts',(35.0366802910582,194.932765639007,93.9878999368477));
#4596=CARTESIAN_POINT('Ctrl Pts',(36.5913728707378,196.21136511981,93.8934768822547));
#4597=CARTESIAN_POINT('Ctrl Pts',(38.5140782165306,195.615470994649,93.7990538276618));
#4598=CARTESIAN_POINT('Ctrl Pts',(39.0731929397707,193.681750121004,93.7046307730688));
#4599=CARTESIAN_POINT('Ctrl Pts',(37.7651739644635,192.151726581492,93.610207718476));
#4600=CARTESIAN_POINT('Ctrl Pts',(35.7680333621811,192.40335147735,93.5157846638829));
#4601=CARTESIAN_POINT('Ctrl Pts',(34.8804115018805,194.210009472042,93.4213616092901));
#4602=CARTESIAN_POINT('Ctrl Pts',(35.9017075397221,195.944610313049,93.3269385546971));
#4603=CARTESIAN_POINT('Ctrl Pts',(37.9121343151355,196.044958983377,93.2325155001042));
#4604=CARTESIAN_POINT('Ctrl Pts',(39.1010858273068,194.420680689212,93.1380924455113));
#4605=CARTESIAN_POINT('Ctrl Pts',(38.3977830908147,192.534613104041,93.0436693909183));
#4606=CARTESIAN_POINT('Ctrl Pts',(36.4356260239121,192.085363374123,92.9492463363255));
#4607=CARTESIAN_POINT('Ctrl Pts',(34.9817485523491,193.477529302692,92.8548232817325));
#4608=CARTESIAN_POINT('Ctrl Pts',(35.3455240424185,195.457315419427,92.7604002271396));
#4609=CARTESIAN_POINT('Ctrl Pts',(37.1993334565462,196.241710938937,92.6659771725466));
#4610=CARTESIAN_POINT('Ctrl Pts',(38.8736216082854,195.124283151795,92.5715541179537));
#4611=CARTESIAN_POINT('Ctrl Pts',(38.8605115574212,193.111396219244,92.4771310633608));
#4612=CARTESIAN_POINT('Ctrl Pts',(37.171810317612,192.015871780372,92.3827080087678));
#4613=CARTESIAN_POINT('Ctrl Pts',(35.3283753688435,192.824347668005,92.288284954175));
#4614=CARTESIAN_POINT('Ctrl Pts',(34.99041857244,194.808704212247,92.1938618995819));
#4615=CARTESIAN_POINT('Ctrl Pts',(36.4623064513139,196.181814450781,92.0994388449891));
#4616=CARTESIAN_POINT('Ctrl Pts',(38.4184453223769,195.707044646837,92.0050157903961));
#4617=CARTESIAN_POINT('Ctrl Pts',(39.0971213019626,193.81197611524,91.9105927358031));
#4618=CARTESIAN_POINT('Ctrl Pts',(37.8871135035774,192.203322464597,91.8161696812102));
#4619=CARTESIAN_POINT('Ctrl Pts',(35.8781644044591,192.32984939484,91.7217466266173));
#4620=CARTESIAN_POINT('Ctrl Pts',(34.8795491207808,194.07760640203,91.6273235720244));
#4621=CARTESIAN_POINT('Ctrl Pts',(35.7906285151883,195.872548572542,91.5329005174314));
#4622=CARTESIAN_POINT('Ctrl Pts',(37.7908770407275,196.098139892778,91.4384774628386));
#4623=CARTESIAN_POINT('Ctrl Pts',(39.0788560602172,194.55120494244,91.3440544082456));
#4624=CARTESIAN_POINT('Ctrl Pts',(38.4946000420261,192.624938411319,91.2496313536527));
#4625=CARTESIAN_POINT('Ctrl Pts',(36.5642979162906,192.054123177439,91.1552082990597));
#4626=CARTESIAN_POINT('Ctrl Pts',(35.0263875403832,193.352898969928,91.0607852444668));
#4627=CARTESIAN_POINT('Ctrl Pts',(35.2659384663385,195.351452381629,90.9663621898739));
#4628=CARTESIAN_POINT('Ctrl Pts',(37.0671765095564,196.250138470173,90.8719391352809));
#4629=CARTESIAN_POINT('Ctrl Pts',(38.8079639114107,195.239022822589,90.777516080688));
#4630=CARTESIAN_POINT('Ctrl Pts',(38.9203914974292,193.229936239888,90.683093026095));
#4631=CARTESIAN_POINT('Ctrl Pts',(37.3035674798932,192.029676618816,90.5886699715022));
#4632=CARTESIAN_POINT('Ctrl Pts',(35.4131798884133,192.724654474683,90.4942469169092));
#4633=CARTESIAN_POINT('Ctrl Pts',(35.1078889681737,194.025614219018,90.4312982138473));
#4634=CARTESIAN_POINT('Ctrl Pts',(35.2622630649655,194.598369946855,90.3998238623163));
#4635=CARTESIAN_POINT('Ctrl Pts',(35.2622630649655,194.598369946855,90.3998238623163));
#4636=CARTESIAN_POINT('Ctrl Pts',(35.2507271013577,194.531816678273,90.3998238623163));
#4637=CARTESIAN_POINT('Ctrl Pts',(35.2432764589108,194.464713565925,90.3998238623163));
#4638=CARTESIAN_POINT('Ctrl Pts',(35.2397771902801,194.397383421538,90.3998238623163));
#4639=CARTESIAN_POINT('Ctrl Pts',(35.2365209046091,194.334728562042,90.3998238623163));
#4640=CARTESIAN_POINT('Ctrl Pts',(35.2366871031932,194.27187643643,90.3998238623163));
#4641=CARTESIAN_POINT('Ctrl Pts',(35.240205999504,194.20909528523,90.3998238623163));
#4642=CARTESIAN_POINT('Ctrl Pts',(35.2410651747841,194.193766611577,90.3998238623163));
#4643=CARTESIAN_POINT('Ctrl Pts',(35.2421245523651,194.178440154801,90.3998238623163));
#4644=CARTESIAN_POINT('Ctrl Pts',(35.2433828650794,194.163126569159,90.3998238623163));
#4645=CARTESIAN_POINT('Ctrl Pts',(35.2489108768642,194.095851017592,90.3998238623163));
#4646=CARTESIAN_POINT('Ctrl Pts',(35.2582610762481,194.028970941293,90.3998238623163));
#4647=CARTESIAN_POINT('Ctrl Pts',(35.2713237790084,193.96281746963,90.3998238623163));
#4648=CARTESIAN_POINT('Ctrl Pts',(35.2799750509951,193.919004815639,90.3998238623163));
#4649=CARTESIAN_POINT('Ctrl Pts',(35.29025579591,193.87551109188,90.3998238623163));
#4650=CARTESIAN_POINT('Ctrl Pts',(35.30214540868,193.832438133286,90.3998238623163));
#4651=CARTESIAN_POINT('Ctrl Pts',(35.3090958193212,193.807258612679,90.3998238623163));
#4652=CARTESIAN_POINT('Ctrl Pts',(35.3165961924312,193.782222980766,90.3998238623163));
#4653=CARTESIAN_POINT('Ctrl Pts',(35.3246436882518,193.757352607611,90.3998238623163));
#4654=CARTESIAN_POINT('Ctrl Pts',(35.32862376925,193.745052371386,90.3998238623163));
#4655=CARTESIAN_POINT('Ctrl Pts',(35.3327354282355,193.732799718536,90.3998238623163));
#4656=CARTESIAN_POINT('Ctrl Pts',(35.3369757057514,193.720603160654,90.3998238623163));
#4657=CARTESIAN_POINT('Ctrl Pts',(35.3594382507176,193.655992830594,90.3998238623163));
#4658=CARTESIAN_POINT('Ctrl Pts',(35.3855236939194,193.592899012498,90.3998238623163));
#4659=CARTESIAN_POINT('Ctrl Pts',(35.4151250154787,193.531670998622,90.3998238623163));
#4660=CARTESIAN_POINT('Ctrl Pts',(35.4429043047804,193.474211715684,90.3998238623163));
#4661=CARTESIAN_POINT('Ctrl Pts',(35.4737808551553,193.418395035372,90.3998238623163));
#4662=CARTESIAN_POINT('Ctrl Pts',(35.507705161473,193.364541035048,90.3998238623163));
#4663=CARTESIAN_POINT('Ctrl Pts',(35.5408431152951,193.311935349933,90.3998238623163));
#4664=CARTESIAN_POINT('Ctrl Pts',(35.5768896540255,193.261201811304,90.3998238623163));
#4665=CARTESIAN_POINT('Ctrl Pts',(35.6158276787871,193.212678359954,90.3998238623163));
#4666=CARTESIAN_POINT('Ctrl Pts',(35.6228314691285,193.203950437005,90.3998238623163));
#4667=CARTESIAN_POINT('Ctrl Pts',(35.6299288752487,193.195294136624,90.3998238623163));
#4668=CARTESIAN_POINT('Ctrl Pts',(35.6371198823401,193.186711588317,90.3998238623163));
#4669=CARTESIAN_POINT('Ctrl Pts',(35.6443073795469,193.178133229097,90.3998238623163));
#4670=CARTESIAN_POINT('Ctrl Pts',(35.651582971385,193.16963505825,90.3998238623163));
#4671=CARTESIAN_POINT('Ctrl Pts',(35.658943581128,193.161221825904,90.3998238623163));
#4672=CARTESIAN_POINT('Ctrl Pts',(35.6953508340753,193.119608061716,90.3998238623163));
#4673=CARTESIAN_POINT('Ctrl Pts',(35.7338571444795,193.080045480561,90.3998238623163));
#4674=CARTESIAN_POINT('Ctrl Pts',(35.7744233088127,193.042740894754,90.3998238623163));
#4675=CARTESIAN_POINT('Ctrl Pts',(35.8215675703008,192.999387100355,90.3998238623163));
#4676=CARTESIAN_POINT('Ctrl Pts',(35.8714941814989,192.959081639211,90.3998238623163));
#4677=CARTESIAN_POINT('Ctrl Pts',(35.9238412018647,192.921919786319,90.3998238623163));
#4678=CARTESIAN_POINT('Ctrl Pts',(35.9696448446848,192.889403165039,90.3998238623163));
#4679=CARTESIAN_POINT('Ctrl Pts',(36.0173026291998,192.85929402232,90.3998238623163));
#4680=CARTESIAN_POINT('Ctrl Pts',(36.0665807208569,192.831689559875,90.3998238623163));
#4681=CARTESIAN_POINT('Ctrl Pts',(36.0839003103829,192.821987521046,90.3998238623163));
#4682=CARTESIAN_POINT('Ctrl Pts',(36.101420076534,192.812595171662,90.3998238623163));
#4683=CARTESIAN_POINT('Ctrl Pts',(36.1191298594659,192.803517688665,90.3998238623163));
#4684=CARTESIAN_POINT('Ctrl Pts',(36.1286000573061,192.798663560288,90.3998238623163));
#4685=CARTESIAN_POINT('Ctrl Pts',(36.138123570719,192.793900092393,90.3998238623163));
#4686=CARTESIAN_POINT('Ctrl Pts',(36.1476873186904,192.7892334021,90.3998238623163));
#4687=CARTESIAN_POINT('Ctrl Pts',(36.2034495993075,192.762023850527,90.3998238623163));
#4688=CARTESIAN_POINT('Ctrl Pts',(36.2606817919417,192.73804662147,90.3998238623163));
#4689=CARTESIAN_POINT('Ctrl Pts',(36.3190532420267,192.717378671541,90.3998238623163));
#4690=CARTESIAN_POINT('Ctrl Pts',(36.3770880113514,192.696829932307,90.3998238623163));
#4691=CARTESIAN_POINT('Ctrl Pts',(36.4362500830035,192.679552302691,90.3998238623163));
#4692=CARTESIAN_POINT('Ctrl Pts',(36.4962202018137,192.665672069131,90.3998238623163));
#4693=CARTESIAN_POINT('Ctrl Pts',(36.5550513530681,192.652055452453,90.3998238623163));
#4694=CARTESIAN_POINT('Ctrl Pts',(36.6146611440573,192.641708426284,90.3998238623163));
#4695=CARTESIAN_POINT('Ctrl Pts',(36.6747379154287,192.634799572556,90.3998238623163));
#4696=CARTESIAN_POINT('Ctrl Pts',(36.6858377885007,192.63352308253,90.3998238623163));
#4697=CARTESIAN_POINT('Ctrl Pts',(36.6969551128423,192.632363953749,90.3998238623163));
#4698=CARTESIAN_POINT('Ctrl Pts',(36.7080829640019,192.631323889792,90.3998238623163));
#4699=CARTESIAN_POINT('Ctrl Pts',(36.7672439135341,192.625794415104,90.3998238623163));
#4700=CARTESIAN_POINT('Ctrl Pts',(36.8264571481697,192.623648152655,90.3998238623163));
#4701=CARTESIAN_POINT('Ctrl Pts',(36.8854312726787,192.62498446956,90.3998238623163));
#4702=CARTESIAN_POINT('Ctrl Pts',(36.9424525358637,192.626276535844,90.3998238623163));
#4703=CARTESIAN_POINT('Ctrl Pts',(36.9992511007155,192.630824538352,90.3998238623163));
#4704=CARTESIAN_POINT('Ctrl Pts',(37.0555517839882,192.638764261832,90.3998238623163));
#4705=CARTESIAN_POINT('Ctrl Pts',(37.1079076079948,192.646147667167,90.3998238623163));
#4706=CARTESIAN_POINT('Ctrl Pts',(37.159833288914,192.656464538788,90.3998238623163));
#4707=CARTESIAN_POINT('Ctrl Pts',(37.2110887940394,192.669860012504,90.3998238623163));
#4708=CARTESIAN_POINT('Ctrl Pts',(37.2330461969523,192.675598514405,90.3998238623163));
#4709=CARTESIAN_POINT('Ctrl Pts',(37.2548803247071,192.681902478359,90.3998238623163));
#4710=CARTESIAN_POINT('Ctrl Pts',(37.2765743873208,192.688761127982,90.3998238623163));
#4711=CARTESIAN_POINT('Ctrl Pts',(38.1077203444755,195.088739087779,95.3998238623163));
#4712=CARTESIAN_POINT('Ctrl Pts',(38.149103479414,195.050575657936,95.3998238623163));
#4713=CARTESIAN_POINT('Ctrl Pts',(38.187941597148,195.009986362984,95.3998238623163));
#4714=CARTESIAN_POINT('Ctrl Pts',(38.2242326919686,194.967304603083,95.3998238623163));
#4715=CARTESIAN_POINT('Ctrl Pts',(38.2621229197552,194.92274211157,95.3998238623163));
#4716=CARTESIAN_POINT('Ctrl Pts',(38.2972373153873,194.875898272732,95.3998238623163));
#4717=CARTESIAN_POINT('Ctrl Pts',(38.3295466342307,194.827102044403,95.3998238623163));
#4718=CARTESIAN_POINT('Ctrl Pts',(38.3569433543432,194.785725232451,95.3998238623163));
#4719=CARTESIAN_POINT('Ctrl Pts',(38.3823228505241,194.742943462704,95.3998238623162));
#4720=CARTESIAN_POINT('Ctrl Pts',(38.4056482586139,194.698934859083,95.3998238623162));
#4721=CARTESIAN_POINT('Ctrl Pts',(38.4182035620148,194.675246468784,95.3998238623162));
#4722=CARTESIAN_POINT('Ctrl Pts',(38.4301634114315,194.651202310721,95.3998238623162));
#4723=CARTESIAN_POINT('Ctrl Pts',(38.4415196343729,194.626828310895,95.3998238623162));
#4724=CARTESIAN_POINT('Ctrl Pts',(38.4456630735378,194.617935196873,95.3998238623162));
#4725=CARTESIAN_POINT('Ctrl Pts',(38.4497247075681,194.609001107985,95.3998238623162));
#4726=CARTESIAN_POINT('Ctrl Pts',(38.4537008896315,194.600035304751,95.3998238623162));
#4727=CARTESIAN_POINT('Ctrl Pts',(38.4783550312359,194.544443237029,95.3998238623162));
#4728=CARTESIAN_POINT('Ctrl Pts',(38.4997675634898,194.487548001507,95.3998238623162));
#4729=CARTESIAN_POINT('Ctrl Pts',(38.5179108230774,194.429694971178,95.3998238623162));
#4730=CARTESIAN_POINT('Ctrl Pts',(38.5363893426415,194.370772904412,95.3998238623162));
#4731=CARTESIAN_POINT('Ctrl Pts',(38.5514772352512,194.310856442196,95.3998238623162));
#4732=CARTESIAN_POINT('Ctrl Pts',(38.5631054009613,194.250274648471,95.3998238623162));
#4733=CARTESIAN_POINT('Ctrl Pts',(38.5720297856814,194.203779332897,95.3998238623162));
#4734=CARTESIAN_POINT('Ctrl Pts',(38.5789155562746,194.156891255461,95.3998238623162));
#4735=CARTESIAN_POINT('Ctrl Pts',(38.5837127153143,194.109750411083,95.3998238623162));
#4736=CARTESIAN_POINT('Ctrl Pts',(38.5852650010551,194.094496370112,95.3998238623162));
#4737=CARTESIAN_POINT('Ctrl Pts',(38.5865984578216,194.07921582374,95.3998238623162));
#4738=CARTESIAN_POINT('Ctrl Pts',(38.5877109863813,194.063913428111,95.3998238623162));
#4739=CARTESIAN_POINT('Ctrl Pts',(38.5888739960575,194.047916684449,95.3998238623162));
#4740=CARTESIAN_POINT('Ctrl Pts',(38.5897956957407,194.031889382367,95.3998238623162));
#4741=CARTESIAN_POINT('Ctrl Pts',(38.5904724078965,194.015872808935,95.3998238623162));
#4742=CARTESIAN_POINT('Ctrl Pts',(38.5931584032534,193.952300074941,95.3998238623162));
#4743=CARTESIAN_POINT('Ctrl Pts',(38.5919974044078,193.888817440848,95.3998238623162));
#4744=CARTESIAN_POINT('Ctrl Pts',(38.586930975592,193.825772876946,95.3998238623162));
#4745=CARTESIAN_POINT('Ctrl Pts',(38.5831744698953,193.779028459518,95.3998238623162));
#4746=CARTESIAN_POINT('Ctrl Pts',(38.5772701179132,193.732524104609,95.3998238623162));
#4747=CARTESIAN_POINT('Ctrl Pts',(38.5691766985833,193.686395324809,95.3998238623162));
#4748=CARTESIAN_POINT('Ctrl Pts',(38.5585486562304,193.625820355761,95.3998238623162));
#4749=CARTESIAN_POINT('Ctrl Pts',(38.5441478775824,193.565892434082,95.3998238623162));
#4750=CARTESIAN_POINT('Ctrl Pts',(38.5262085358164,193.506822672475,95.3998238623162));
#4751=CARTESIAN_POINT('Ctrl Pts',(38.5177135617835,193.478850849566,95.3998238623162));
#4752=CARTESIAN_POINT('Ctrl Pts',(38.5084243376547,193.451071499328,95.3998238623162));
#4753=CARTESIAN_POINT('Ctrl Pts',(38.4983618041991,193.423507636659,95.3998238623162));
#4754=CARTESIAN_POINT('Ctrl Pts',(38.4947373992773,193.413579461019,95.3998238623162));
#4755=CARTESIAN_POINT('Ctrl Pts',(38.4910160399509,193.403688547203,95.3998238623162));
#4756=CARTESIAN_POINT('Ctrl Pts',(38.4871992842832,193.393836063628,95.3998238623162));
#4757=CARTESIAN_POINT('Ctrl Pts',(38.4642406630134,193.334571217079,95.3998238623162));
#4758=CARTESIAN_POINT('Ctrl Pts',(38.4378341658403,193.276695248393,95.3998238623162));
#4759=CARTESIAN_POINT('Ctrl Pts',(38.4082736059066,193.220426575705,95.3998238623162));
#4760=CARTESIAN_POINT('Ctrl Pts',(38.3780409844965,193.162878630658,95.3998238623162));
#4761=CARTESIAN_POINT('Ctrl Pts',(38.3445089338141,193.107011025799,95.3998238623163));
#4762=CARTESIAN_POINT('Ctrl Pts',(38.3079362348122,193.053062248845,95.3998238623163));
#4763=CARTESIAN_POINT('Ctrl Pts',(38.2843884875189,193.018326716572,95.3998238623163));
#4764=CARTESIAN_POINT('Ctrl Pts',(38.2595791014702,192.984386779179,95.3998238623162));
#4765=CARTESIAN_POINT('Ctrl Pts',(38.2335664260779,192.951309765688,95.3998238623162));
#4766=CARTESIAN_POINT('Ctrl Pts',(38.2129545373102,192.925100246191,95.3998238623162));
#4767=CARTESIAN_POINT('Ctrl Pts',(38.1915869747686,192.89943256754,95.3998238623162));
#4768=CARTESIAN_POINT('Ctrl Pts',(38.1694894754213,192.874342257767,95.3998238623162));
#4769=CARTESIAN_POINT('Ctrl Pts',(38.1614889018317,192.865258113603,95.3998238623162));
#4770=CARTESIAN_POINT('Ctrl Pts',(38.1533929230107,192.856250157665,95.3998238623163));
#4771=CARTESIAN_POINT('Ctrl Pts',(38.1452120216081,192.847329887477,95.3998238623163));
#4772=CARTESIAN_POINT('Ctrl Pts',(38.0994578972546,192.79744062328,95.3998238623163));
#4773=CARTESIAN_POINT('Ctrl Pts',(38.050980207218,192.750210718205,95.3998238623163));
#4774=CARTESIAN_POINT('Ctrl Pts',(38.0000459817688,192.705901060031,95.3998238623163));
#4775=CARTESIAN_POINT('Ctrl Pts',(37.9657917023189,192.676101933805,95.3998238623163));
#4776=CARTESIAN_POINT('Ctrl Pts',(37.9304252835299,192.647623881943,95.3998238623163));
#4777=CARTESIAN_POINT('Ctrl Pts',(37.8940165820806,192.620553090645,95.3998238623163));
#4778=CARTESIAN_POINT('Ctrl Pts',(37.8801731572219,192.610260153784,95.3998238623163));
#4779=CARTESIAN_POINT('Ctrl Pts',(37.8661789646856,192.600170734118,95.3998238623163));
#4780=CARTESIAN_POINT('Ctrl Pts',(37.852037545554,192.590289851739,95.3998238623163));
#4781=CARTESIAN_POINT('Ctrl Pts',(37.8410757737937,192.582630650324,95.3998238623163));
#4782=CARTESIAN_POINT('Ctrl Pts',(37.8300281492337,192.575098662314,95.3998238623163));
#4783=CARTESIAN_POINT('Ctrl Pts',(37.8189037307212,192.567700758701,95.3998238623163));
#4784=CARTESIAN_POINT('Ctrl Pts',(37.7621014466428,192.529926395738,95.3998238623163));
#4785=CARTESIAN_POINT('Ctrl Pts',(37.7032463788696,192.495607505621,95.3998238623163));
#4786=CARTESIAN_POINT('Ctrl Pts',(37.6425847550784,192.465019448298,95.3998238623163));
#4787=CARTESIAN_POINT('Ctrl Pts',(37.6095266663446,192.448350215759,95.3998238623163));
#4788=CARTESIAN_POINT('Ctrl Pts',(37.57593134849,192.432789495107,95.3998238623163));
#4789=CARTESIAN_POINT('Ctrl Pts',(37.5418341407331,192.418386610234,95.3998238623163));
#4790=CARTESIAN_POINT('Ctrl Pts',(37.5163152884963,192.407607279167,95.3998238623163));
#4791=CARTESIAN_POINT('Ctrl Pts',(37.4905152499664,192.397476547209,95.3998238623163));
#4792=CARTESIAN_POINT('Ctrl Pts',(37.4644568684567,192.387988178813,95.3998238623163));
#4793=CARTESIAN_POINT('Ctrl Pts',(35.5351792046877,194.128723821357,94.4316965305519));
#4794=CARTESIAN_POINT('Ctrl Pts',(35.534110183141,194.006485580726,94.4396621258302));
#4795=CARTESIAN_POINT('Ctrl Pts',(35.5481597983984,193.884489582672,94.4476277211086));
#4796=CARTESIAN_POINT('Ctrl Pts',(35.5782917763194,193.766604409354,94.4555933163869));
#4797=CARTESIAN_POINT('Ctrl Pts',(35.6973518631392,193.300806279318,94.4870676679179));
#4798=CARTESIAN_POINT('Ctrl Pts',(36.0675005296985,192.899189088756,94.5185420194489));
#4799=CARTESIAN_POINT('Ctrl Pts',(36.5220596123084,192.742599030052,94.5500163709799));
#4800=CARTESIAN_POINT('Ctrl Pts',(36.9766186949183,192.586008971347,94.5814907225108));
#4801=CARTESIAN_POINT('Ctrl Pts',(37.5155881935788,192.674446044499,94.6129650740418));
#4802=CARTESIAN_POINT('Ctrl Pts',(37.8962654446768,192.968094337467,94.6444394255728));
#4803=CARTESIAN_POINT('Ctrl Pts',(38.2769426957748,193.261742630435,94.6759137771038));
#4804=CARTESIAN_POINT('Ctrl Pts',(38.4993276993102,193.760602143219,94.7073881286347));
#4805=CARTESIAN_POINT('Ctrl Pts',(38.4632851567664,194.24001821192,94.7388624801657));
#4806=CARTESIAN_POINT('Ctrl Pts',(38.4272426142227,194.719434280621,94.7703368316967));
#4807=CARTESIAN_POINT('Ctrl Pts',(38.1327725255997,195.17940690524,94.8018111832277));
#4808=CARTESIAN_POINT('Ctrl Pts',(37.7124641100063,195.412843270583,94.8332855347587));
#4809=CARTESIAN_POINT('Ctrl Pts',(37.2921556944129,195.646279635927,94.8647598862897));
#4810=CARTESIAN_POINT('Ctrl Pts',(36.7460089518489,195.653179741997,94.8962342378206));
#4811=CARTESIAN_POINT('Ctrl Pts',(36.3199808731668,195.430362523454,94.9277085893516));
#4812=CARTESIAN_POINT('Ctrl Pts',(35.8939527944846,195.207545304911,94.9591829408826));
#4813=CARTESIAN_POINT('Ctrl Pts',(35.5880433796843,194.755010761756,94.9906572924135));
#4814=CARTESIAN_POINT('Ctrl Pts',(35.5399506800728,194.276693440884,95.0221316439445));
#4815=CARTESIAN_POINT('Ctrl Pts',(35.5350789755891,194.228240751483,95.0253199394803));
#4816=CARTESIAN_POINT('Ctrl Pts',(35.5328528129235,194.179523496549,95.0285082350161));
#4817=CARTESIAN_POINT('Ctrl Pts',(35.53317414022,194.130777277902,95.0316965305519));
#4818=CARTESIAN_POINT('Ctrl Pts',(36.5367518048285,192.390890695738,95.3998238623163));
#4819=CARTESIAN_POINT('Ctrl Pts',(35.963543745963,192.543576670148,95.3683495107853));
#4820=CARTESIAN_POINT('Ctrl Pts',(34.9895248483332,193.458444781423,95.3054008077233));
#4821=CARTESIAN_POINT('Ctrl Pts',(35.3328504799111,195.443058809559,95.2109777531304));
#4822=CARTESIAN_POINT('Ctrl Pts',(37.1807176470717,196.24313926134,95.1165546985375));
#4823=CARTESIAN_POINT('Ctrl Pts',(38.8644236881463,195.141231243044,95.0221316439445));
#4824=CARTESIAN_POINT('Ctrl Pts',(38.8696818542468,193.128107380398,94.9277085893517));
#4825=CARTESIAN_POINT('Ctrl Pts',(37.1907779974531,192.017532704514,94.8332855347586));
#4826=CARTESIAN_POINT('Ctrl Pts',(35.3402047084613,192.809352108114,94.7388624801658));
#4827=CARTESIAN_POINT('Ctrl Pts',(34.9843870938605,194.790609278107,94.6444394255727));
#4828=CARTESIAN_POINT('Ctrl Pts',(36.4438785083881,196.176892190885,94.5500163709799));
#4829=CARTESIAN_POINT('Ctrl Pts',(38.4042020687237,195.719739529816,94.4555933163869));
#4830=CARTESIAN_POINT('Ctrl Pts',(39.099897455577,193.830849691397,94.361170261794));
#4831=CARTESIAN_POINT('Ctrl Pts',(37.904405497783,192.211379478078,94.266747207201));
#4832=CARTESIAN_POINT('Ctrl Pts',(35.8944004845728,192.319832651472,94.1723241526082));
#4833=CARTESIAN_POINT('Ctrl Pts',(34.8801062600748,194.058537185231,94.0779010980151));
#4834=CARTESIAN_POINT('Ctrl Pts',(35.7750051841266,195.86160142412,93.9834780434223));
#4835=CARTESIAN_POINT('Ctrl Pts',(37.7731438102073,196.105172066615,93.8890549888293));
#4836=CARTESIAN_POINT('Ctrl Pts',(39.0749831801455,194.569887315509,93.7946319342364));
#4837=CARTESIAN_POINT('Ctrl Pts',(38.508076512625,192.638436651602,93.7002088796435));
#4838=CARTESIAN_POINT('Ctrl Pts',(36.5829844175094,192.050299535221,93.6057858250506));
#4839=CARTESIAN_POINT('Ctrl Pts',(35.0334597936406,193.335156849546,93.5113627704577));
#4840=CARTESIAN_POINT('Ctrl Pts',(35.2550165887673,195.335856088554,93.4169397158647));
#4841=CARTESIAN_POINT('Ctrl Pts',(37.0481190233584,196.250551950454,93.3225166612717));
#4842=CARTESIAN_POINT('Ctrl Pts',(38.7978850918293,195.255462221077,93.2280936066788));
#4843=CARTESIAN_POINT('Ctrl Pts',(38.9284618534232,193.24677245631,93.1336705520858));
#4844=CARTESIAN_POINT('Ctrl Pts',(37.3222508609475,192.033524291341,93.039247497493));
#4845=CARTESIAN_POINT('Ctrl Pts',(35.4258182349673,192.708378466348,92.9448244429));
#4846=CARTESIAN_POINT('Ctrl Pts',(34.9471059583374,194.663556058897,92.8504013883072));
#4847=CARTESIAN_POINT('Ctrl Pts',(36.3172460331201,196.138208912188,92.7559783337141));
#4848=CARTESIAN_POINT('Ctrl Pts',(38.3022796442853,195.804253189451,92.6615552791213));
#4849=CARTESIAN_POINT('Ctrl Pts',(39.1144700723024,193.962452013687,92.5671322245283));
#4850=CARTESIAN_POINT('Ctrl Pts',(38.0223522963917,192.271545858488,92.4727091699353));
#4851=CARTESIAN_POINT('Ctrl Pts',(36.0094960856171,192.254377967157,92.3782861153425));
#4852=CARTESIAN_POINT('Ctrl Pts',(34.8886954088263,193.926409876778,92.2838630607495));
#4853=CARTESIAN_POINT('Ctrl Pts',(35.669352079633,195.781796635123,92.1894400061567));
#4854=CARTESIAN_POINT('Ctrl Pts',(37.6484006223975,196.149562489731,92.0950169515636));
#4855=CARTESIAN_POINT('Ctrl Pts',(39.0434945212625,194.698494644487,92.0005938969708));
#4856=CARTESIAN_POINT('Ctrl Pts',(38.5982013433748,192.735436105353,91.9061708423777));
#4857=CARTESIAN_POINT('Ctrl Pts',(36.7135556109358,192.028332647585,91.8117477877849));
#4858=CARTESIAN_POINT('Ctrl Pts',(35.0868838949401,193.214007198413,91.7173247331919));
#4859=CARTESIAN_POINT('Ctrl Pts',(35.1831794960612,195.22463192325,91.6229016785991));
#4860=CARTESIAN_POINT('Ctrl Pts',(36.9157176484715,196.249422772287,91.528478624006));
#4861=CARTESIAN_POINT('Ctrl Pts',(38.7241614294576,195.36544465006,91.4340555694132));
#4862=CARTESIAN_POINT('Ctrl Pts',(38.9798113973992,193.368816157365,91.3396325148202));
#4863=CARTESIAN_POINT('Ctrl Pts',(37.4524291122827,192.057714274181,91.2452094602273));
#4864=CARTESIAN_POINT('Ctrl Pts',(35.5175828793112,192.612932202321,91.1507864056343));
#4865=CARTESIAN_POINT('Ctrl Pts',(34.9178189360325,194.534426472172,91.0563633510414));
#4866=CARTESIAN_POINT('Ctrl Pts',(36.1932709160782,196.09170542918,90.9619402964485));
#4867=CARTESIAN_POINT('Ctrl Pts',(38.1952960963045,195.882226727999,90.8675172418555));
#4868=CARTESIAN_POINT('Ctrl Pts',(39.1207713985324,194.094743880302,90.7730941872627));
#4869=CARTESIAN_POINT('Ctrl Pts',(38.1363843495454,192.33887474826,90.6786711326696));
#4870=CARTESIAN_POINT('Ctrl Pts',(36.1283015603897,192.196400727604,90.5842480780768));
#4871=CARTESIAN_POINT('Ctrl Pts',(34.9058178716375,193.794712632168,90.4898250234838));
#4872=CARTESIAN_POINT('Ctrl Pts',(35.5681496087018,195.696306297195,90.3954019688909));
#4873=CARTESIAN_POINT('Ctrl Pts',(37.522221208759,196.184332435656,90.300978914298));
#4874=CARTESIAN_POINT('Ctrl Pts',(38.5060941318088,195.280070004026,90.238030211236));
#4875=CARTESIAN_POINT('Ctrl Pts',(38.7004290798602,194.71961089446,90.206555859705));
#4876=CARTESIAN_POINT('Ctrl Pts',(36.565472892634,192.498714345245,95.4642465298533));
#4877=CARTESIAN_POINT('Ctrl Pts',(36.0278033618428,192.641933888219,95.4327721783223));
#4878=CARTESIAN_POINT('Ctrl Pts',(35.1141730044698,193.500080769647,95.3698234752604));
#4879=CARTESIAN_POINT('Ctrl Pts',(35.4362126694466,195.361650014541,95.2754004206674));
#4880=CARTESIAN_POINT('Ctrl Pts',(37.1695132701013,196.112125996955,95.1809773660745));
#4881=CARTESIAN_POINT('Ctrl Pts',(38.7488306280718,195.078535561494,95.0865543114816));
#4882=CARTESIAN_POINT('Ctrl Pts',(38.7537627912826,193.190224073348,94.9921312568887));
#4883=CARTESIAN_POINT('Ctrl Pts',(37.1789498852806,192.148504307452,94.8977082022957));
#4884=CARTESIAN_POINT('Ctrl Pts',(35.443110940594,192.891231421317,94.8032851477028));
#4885=CARTESIAN_POINT('Ctrl Pts',(35.1093537874439,194.749651931097,94.7088620931099));
#4886=CARTESIAN_POINT('Ctrl Pts',(36.4783576803689,196.049986201924,94.6144390385169));
#4887=CARTESIAN_POINT('Ctrl Pts',(38.3171424507202,195.621176709497,94.5200159839241));
#4888=CARTESIAN_POINT('Ctrl Pts',(38.969705174565,193.849396816609,94.425592929331));
#4889=CARTESIAN_POINT('Ctrl Pts',(37.8483329431907,192.330332706714,94.3311698747382));
#4890=CARTESIAN_POINT('Ctrl Pts',(35.9629469378374,192.432061853661,94.2367468201452));
#4891=CARTESIAN_POINT('Ctrl Pts',(35.0115382977541,194.062967833422,94.1423237655522));
#4892=CARTESIAN_POINT('Ctrl Pts',(35.8509540686223,195.754243258314,94.0479007109594));
#4893=CARTESIAN_POINT('Ctrl Pts',(37.7252093951558,195.982712678867,93.9534776563664));
#4894=CARTESIAN_POINT('Ctrl Pts',(38.9463355680598,194.542614587099,93.8590546017734));
#4895=CARTESIAN_POINT('Ctrl Pts',(38.4145767464351,192.730912612314,93.7646315471806));
#4896=CARTESIAN_POINT('Ctrl Pts',(36.6088391132984,192.179239615896,93.6702084925876));
#4897=CARTESIAN_POINT('Ctrl Pts',(35.1553840116485,193.384436609626,93.5757854379947));
#4898=CARTESIAN_POINT('Ctrl Pts',(35.3632044290988,195.261093792745,93.4813623834018));
#4899=CARTESIAN_POINT('Ctrl Pts',(37.0451356751027,196.119079104149,93.3869393288088));
#4900=CARTESIAN_POINT('Ctrl Pts',(38.6864173815937,195.185684292937,93.2925162742159));
#4901=CARTESIAN_POINT('Ctrl Pts',(38.8088984686136,193.301531991477,93.198093219623));
#4902=CARTESIAN_POINT('Ctrl Pts',(37.3022715164641,192.163504426262,93.1036701650301));
#4903=CARTESIAN_POINT('Ctrl Pts',(35.5234164839546,192.796518079885,93.0092471104371));
#4904=CARTESIAN_POINT('Ctrl Pts',(35.0743840581562,194.630475929117,92.9148240558442));
#4905=CARTESIAN_POINT('Ctrl Pts',(36.3595763364795,196.01370126143,92.8204010012513));
#4906=CARTESIAN_POINT('Ctrl Pts',(38.221539150527,195.700450577019,92.7259779466583));
#4907=CARTESIAN_POINT('Ctrl Pts',(38.9833742984999,193.972839880228,92.6315548920654));
#4908=CARTESIAN_POINT('Ctrl Pts',(37.9589671167432,192.386768810541,92.5371318374724));
#4909=CARTESIAN_POINT('Ctrl Pts',(36.0709066862264,192.370665317344,92.4427087828795));
#4910=CARTESIAN_POINT('Ctrl Pts',(35.0195949248508,193.939032332443,92.3482857282866));
#4911=CARTESIAN_POINT('Ctrl Pts',(35.751851388119,195.679386314503,92.2538626736937));
#4912=CARTESIAN_POINT('Ctrl Pts',(37.6082002041269,196.024350924525,92.1594396191007));
#4913=CARTESIAN_POINT('Ctrl Pts',(38.9167991856154,194.663248345049,92.0650165645078));
#4914=CARTESIAN_POINT('Ctrl Pts',(38.4991138961007,192.821898162812,91.9705935099149));
#4915=CARTESIAN_POINT('Ctrl Pts',(36.7313149773736,192.158634661054,91.8761704553219));
#4916=CARTESIAN_POINT('Ctrl Pts',(35.2054958532989,193.27079815833,91.781747400729));
#4917=CARTESIAN_POINT('Ctrl Pts',(35.295821189573,195.156765453591,91.6873243461361));
#4918=CARTESIAN_POINT('Ctrl Pts',(36.9209430996313,196.118019934296,91.5929012915431));
#4919=CARTESIAN_POINT('Ctrl Pts',(38.6172645384985,195.288847882618,91.4984782369502));
#4920=CARTESIAN_POINT('Ctrl Pts',(38.8570643741498,193.416009062179,91.4040551823573));
#4921=CARTESIAN_POINT('Ctrl Pts',(37.424378800603,192.186194645847,91.3096321277643));
#4922=CARTESIAN_POINT('Ctrl Pts',(35.6094917798346,192.706989422356,91.2152090731714));
#4923=CARTESIAN_POINT('Ctrl Pts',(35.0469128122492,194.509352293062,91.1207860185785));
#4924=CARTESIAN_POINT('Ctrl Pts',(36.2432875963287,195.970080964223,91.0263629639856));
#4925=CARTESIAN_POINT('Ctrl Pts',(38.1211885131702,195.773589806724,90.9319399093926));
#4926=CARTESIAN_POINT('Ctrl Pts',(38.9892849465884,194.096929736869,90.8375168547997));
#4927=CARTESIAN_POINT('Ctrl Pts',(38.0659292565213,192.449923352792,90.7430938002067));
#4928=CARTESIAN_POINT('Ctrl Pts',(36.1823462985774,192.31628262906,90.6486707456139));
#4929=CARTESIAN_POINT('Ctrl Pts',(35.0356558060672,193.815500231628,90.5542476910209));
#4930=CARTESIAN_POINT('Ctrl Pts',(35.6569234047822,195.599196322108,90.459824636428));
#4931=CARTESIAN_POINT('Ctrl Pts',(37.4898438323397,196.056965156342,90.365401581835));
#4932=CARTESIAN_POINT('Ctrl Pts',(38.4127172719444,195.208766409296,90.3024528787731));
#4933=CARTESIAN_POINT('Ctrl Pts',(38.5950035791919,194.683055401212,90.2709785272421));
#4934=CARTESIAN_POINT('Ctrl Pts',(36.5941939804394,192.606537994753,95.5286691973904));
#4935=CARTESIAN_POINT('Ctrl Pts',(36.0920629777226,192.74029110629,95.4971948458594));
#4936=CARTESIAN_POINT('Ctrl Pts',(35.2388211606064,193.541716757871,95.4342461427975));
#4937=CARTESIAN_POINT('Ctrl Pts',(35.5395748589822,195.280241219524,95.3398230882046));
#4938=CARTESIAN_POINT('Ctrl Pts',(37.158308893131,195.981112732569,95.2454000336116));
#4939=CARTESIAN_POINT('Ctrl Pts',(38.6332375679974,195.015839879944,95.1509769790188));
#4940=CARTESIAN_POINT('Ctrl Pts',(38.6378437283185,193.252340766299,95.0565539244257));
#4941=CARTESIAN_POINT('Ctrl Pts',(37.1671217731081,192.27947591039,94.9621308698328));
#4942=CARTESIAN_POINT('Ctrl Pts',(35.5460171727267,192.973110734519,94.8677078152398));
#4943=CARTESIAN_POINT('Ctrl Pts',(35.2343204810273,194.708694584086,94.773284760647));
#4944=CARTESIAN_POINT('Ctrl Pts',(36.5128368523496,195.923080212963,94.678861706054));
#4945=CARTESIAN_POINT('Ctrl Pts',(38.2300828327168,195.522613889179,94.5844386514611));
#4946=CARTESIAN_POINT('Ctrl Pts',(38.8395128935529,193.867943941822,94.4900155968681));
#4947=CARTESIAN_POINT('Ctrl Pts',(37.7922603885983,192.44928593535,94.3955925422752));
#4948=CARTESIAN_POINT('Ctrl Pts',(36.0314933911021,192.54429105585,94.3011694876823));
#4949=CARTESIAN_POINT('Ctrl Pts',(35.1429703354334,194.067398481612,94.2067464330894));
#4950=CARTESIAN_POINT('Ctrl Pts',(35.9269029531181,195.646885092509,94.1123233784965));
#4951=CARTESIAN_POINT('Ctrl Pts',(37.6772749801042,195.860253291119,94.0179003239035));
#4952=CARTESIAN_POINT('Ctrl Pts',(38.8176879559741,194.51534185869,93.9234772693106));
#4953=CARTESIAN_POINT('Ctrl Pts',(38.3210769802451,192.823388573026,93.8290542147176));
#4954=CARTESIAN_POINT('Ctrl Pts',(36.6346938090874,192.308179696571,93.7346311601247));
#4955=CARTESIAN_POINT('Ctrl Pts',(35.2773082296563,193.433716369707,93.6402081055318));
#4956=CARTESIAN_POINT('Ctrl Pts',(35.4713922694304,195.186331496937,93.5457850509388));
#4957=CARTESIAN_POINT('Ctrl Pts',(37.0421523268471,195.987606257843,93.451361996346));
#4958=CARTESIAN_POINT('Ctrl Pts',(38.574949671358,195.115906364798,93.356938941753));
#4959=CARTESIAN_POINT('Ctrl Pts',(38.6893350838039,193.356291526644,93.26251588716));
#4960=CARTESIAN_POINT('Ctrl Pts',(37.2822921719807,192.293484561183,93.1680928325671));
#4961=CARTESIAN_POINT('Ctrl Pts',(35.6210147329419,192.884657693422,93.0736697779742));
#4962=CARTESIAN_POINT('Ctrl Pts',(35.2016621579749,194.597395799337,92.9792467233813));
#4963=CARTESIAN_POINT('Ctrl Pts',(36.4019066398389,195.889193610672,92.8848236687884));
#4964=CARTESIAN_POINT('Ctrl Pts',(38.1407986567687,195.596647964588,92.7904006141954));
#4965=CARTESIAN_POINT('Ctrl Pts',(38.8522785246974,193.983227746768,92.6959775596025));
#4966=CARTESIAN_POINT('Ctrl Pts',(37.8955819370947,192.501991762593,92.6015545050095));
#4967=CARTESIAN_POINT('Ctrl Pts',(36.1323172868357,192.48695266753,92.5071314504166));
#4968=CARTESIAN_POINT('Ctrl Pts',(35.1504944408753,193.951654788108,92.4127083958237));
#4969=CARTESIAN_POINT('Ctrl Pts',(35.834350696605,195.576975993883,92.3182853412307));
#4970=CARTESIAN_POINT('Ctrl Pts',(37.5679997858563,195.899139359319,92.2238622866378));
#4971=CARTESIAN_POINT('Ctrl Pts',(38.7901038499683,194.628002045611,92.1294392320449));
#4972=CARTESIAN_POINT('Ctrl Pts',(38.4000264488266,192.90836022027,92.035016177452));
#4973=CARTESIAN_POINT('Ctrl Pts',(36.7490743438114,192.288936674523,91.940593122859));
#4974=CARTESIAN_POINT('Ctrl Pts',(35.3241078116577,193.327589118247,91.8461700682661));
#4975=CARTESIAN_POINT('Ctrl Pts',(35.4084628830848,195.088898983931,91.7517470136731));
#4976=CARTESIAN_POINT('Ctrl Pts',(36.926168550791,195.986617096305,91.6573239590803));
#4977=CARTESIAN_POINT('Ctrl Pts',(38.5103676475394,195.212251115177,91.5629009044872));
#4978=CARTESIAN_POINT('Ctrl Pts',(38.7343173509004,193.463201966995,91.4684778498944));
#4979=CARTESIAN_POINT('Ctrl Pts',(37.3963284889233,192.314675017513,91.3740547953014));
#4980=CARTESIAN_POINT('Ctrl Pts',(35.7014006803579,192.80104664239,91.2796317407086));
#4981=CARTESIAN_POINT('Ctrl Pts',(35.1760066884659,194.484278113952,91.1852086861155));
#4982=CARTESIAN_POINT('Ctrl Pts',(36.2933042765793,195.848456499266,91.0907856315227));
#4983=CARTESIAN_POINT('Ctrl Pts',(38.0470809300359,195.664952885448,90.9963625769297));
#4984=CARTESIAN_POINT('Ctrl Pts',(38.8577984946444,194.099115593436,90.9019395223368));
#4985=CARTESIAN_POINT('Ctrl Pts',(37.9954741634972,192.560971957324,90.8075164677438));
#4986=CARTESIAN_POINT('Ctrl Pts',(36.236391036765,192.436164530515,90.7130934131509));
#4987=CARTESIAN_POINT('Ctrl Pts',(35.1654937404968,193.836287831087,90.618670358558));
#4988=CARTESIAN_POINT('Ctrl Pts',(35.7456972008626,195.502086347022,90.524247303965));
#4989=CARTESIAN_POINT('Ctrl Pts',(37.4574664559203,195.929597877028,90.4298242493721));
#4990=CARTESIAN_POINT('Ctrl Pts',(38.31934041208,195.137462814566,90.3668755463102));
#4991=CARTESIAN_POINT('Ctrl Pts',(38.4895780785236,194.646499907964,90.3354011947792));
#4992=CARTESIAN_POINT('Ctrl Pts',(36.6229150682449,192.71436164426,95.5930918649275));
#4993=CARTESIAN_POINT('Ctrl Pts',(36.1563225936023,192.83864832436,95.5616175133965));
#4994=CARTESIAN_POINT('Ctrl Pts',(35.363469316743,193.583352746096,95.4986688103345));
#4995=CARTESIAN_POINT('Ctrl Pts',(35.6429370485177,195.198832424506,95.4042457557416));
#4996=CARTESIAN_POINT('Ctrl Pts',(37.1471045161606,195.850099468184,95.3098227011487));
#4997=CARTESIAN_POINT('Ctrl Pts',(38.5176445079229,194.953144198394,95.2153996465558));
#4998=CARTESIAN_POINT('Ctrl Pts',(38.5219246653544,193.314457459249,95.1209765919629));
#4999=CARTESIAN_POINT('Ctrl Pts',(37.1552936609356,192.410447513329,95.0265535373698));
#5000=CARTESIAN_POINT('Ctrl Pts',(35.6489234048595,193.054990047722,94.932130482777));
#5001=CARTESIAN_POINT('Ctrl Pts',(35.3592871746107,194.667737237076,94.837707428184));
#5002=CARTESIAN_POINT('Ctrl Pts',(36.5473160243304,195.796174224001,94.7432843735911));
#5003=CARTESIAN_POINT('Ctrl Pts',(38.1430232147133,195.42405106886,94.6488613189982));
#5004=CARTESIAN_POINT('Ctrl Pts',(38.7093206125408,193.886491067035,94.5544382644053));
#5005=CARTESIAN_POINT('Ctrl Pts',(37.7361878340059,192.568239163986,94.4600152098123));
#5006=CARTESIAN_POINT('Ctrl Pts',(36.1000398443668,192.656520258039,94.3655921552194));
#5007=CARTESIAN_POINT('Ctrl Pts',(35.2744023731127,194.071829129803,94.2711691006264));
#5008=CARTESIAN_POINT('Ctrl Pts',(36.0028518376138,195.539526926704,94.1767460460336));
#5009=CARTESIAN_POINT('Ctrl Pts',(37.6293405650527,195.737793903371,94.0823229914405));
#5010=CARTESIAN_POINT('Ctrl Pts',(38.6890403438884,194.48806913028,93.9878999368477));
#5011=CARTESIAN_POINT('Ctrl Pts',(38.2275772140551,192.915864533739,93.8934768822547));
#5012=CARTESIAN_POINT('Ctrl Pts',(36.6605485048764,192.437119777246,93.7990538276618));
#5013=CARTESIAN_POINT('Ctrl Pts',(35.3992324476641,193.482996129787,93.7046307730689));
#5014=CARTESIAN_POINT('Ctrl Pts',(35.579580109762,195.111569201129,93.6102077184759));
#5015=CARTESIAN_POINT('Ctrl Pts',(37.0391689785915,195.856133411538,93.515784663883));
#5016=CARTESIAN_POINT('Ctrl Pts',(38.4634819611223,195.046128436659,93.42136160929));
#5017=CARTESIAN_POINT('Ctrl Pts',(38.5697716989943,193.411051061811,93.3269385546971));
#5018=CARTESIAN_POINT('Ctrl Pts',(37.2623128274972,192.423464696105,93.2325155001042));
#5019=CARTESIAN_POINT('Ctrl Pts',(35.7186129819292,192.972797306959,93.1380924455112));
#5020=CARTESIAN_POINT('Ctrl Pts',(35.3289402577937,194.564315669557,93.0436693909183));
#5021=CARTESIAN_POINT('Ctrl Pts',(36.4442369431982,195.764685959914,92.9492463363255));
#5022=CARTESIAN_POINT('Ctrl Pts',(38.0600581630104,195.492845352157,92.8548232817325));
#5023=CARTESIAN_POINT('Ctrl Pts',(38.7211827508949,193.993615613308,92.7604002271396));
#5024=CARTESIAN_POINT('Ctrl Pts',(37.8321967574462,192.617214714646,92.6659771725466));
#5025=CARTESIAN_POINT('Ctrl Pts',(36.1937278874449,192.603240017717,92.5715541179537));
#5026=CARTESIAN_POINT('Ctrl Pts',(35.2813939568999,193.964277243773,92.4771310633608));
#5027=CARTESIAN_POINT('Ctrl Pts',(35.9168500050909,195.474565673263,92.3827080087678));
#5028=CARTESIAN_POINT('Ctrl Pts',(37.5277993675857,195.773927794113,92.2882849541749));
#5029=CARTESIAN_POINT('Ctrl Pts',(38.6634085143212,194.592755746173,92.1938618995819));
#5030=CARTESIAN_POINT('Ctrl Pts',(38.3009390015524,192.994822277729,92.099438844989));
#5031=CARTESIAN_POINT('Ctrl Pts',(36.7668337102492,192.419238687991,92.0050157903961));
#5032=CARTESIAN_POINT('Ctrl Pts',(35.4427197700166,193.384380078164,91.9105927358031));
#5033=CARTESIAN_POINT('Ctrl Pts',(35.5211045765966,195.021032514272,91.8161696812103));
#5034=CARTESIAN_POINT('Ctrl Pts',(36.9313940019507,195.855214258314,91.7217466266173));
#5035=CARTESIAN_POINT('Ctrl Pts',(38.4034707565803,195.135654347736,91.6273235720244));
#5036=CARTESIAN_POINT('Ctrl Pts',(38.611570327651,193.51039487181,91.5329005174315));
#5037=CARTESIAN_POINT('Ctrl Pts',(37.3682781772436,192.443155389179,91.4384774628384));
#5038=CARTESIAN_POINT('Ctrl Pts',(35.7933095808812,192.895103862425,91.3440544082457));
#5039=CARTESIAN_POINT('Ctrl Pts',(35.3051005646827,194.459203934842,91.2496313536526));
#5040=CARTESIAN_POINT('Ctrl Pts',(36.3433209568299,195.726832034309,91.1552082990598));
#5041=CARTESIAN_POINT('Ctrl Pts',(37.9729733469016,195.556315964172,91.0607852444667));
#5042=CARTESIAN_POINT('Ctrl Pts',(38.7263120427004,194.101301450002,90.966362189874));
#5043=CARTESIAN_POINT('Ctrl Pts',(37.9250190704731,192.672020561856,90.8719391352808));
#5044=CARTESIAN_POINT('Ctrl Pts',(36.2904357749526,192.556046431971,90.777516080688));
#5045=CARTESIAN_POINT('Ctrl Pts',(35.2953316749265,193.857075430547,90.683093026095));
#5046=CARTESIAN_POINT('Ctrl Pts',(35.834470996943,195.404976371935,90.5886699715022));
#5047=CARTESIAN_POINT('Ctrl Pts',(37.425089079501,195.802230597714,90.4942469169092));
#5048=CARTESIAN_POINT('Ctrl Pts',(38.2259635522155,195.066159219835,90.4312982138473));
#5049=CARTESIAN_POINT('Ctrl Pts',(38.3841525778554,194.609944414715,90.3998238623163));
#5050=CARTESIAN_POINT('Ctrl Pts',(38.3841525778554,194.609944414715,90.3998238623163));
#5051=CARTESIAN_POINT('Ctrl Pts',(38.3716919619812,194.665316836869,90.3998238623163));
#5052=CARTESIAN_POINT('Ctrl Pts',(38.3557907271737,194.719733026768,90.3998238623163));
#5053=CARTESIAN_POINT('Ctrl Pts',(38.3367242785267,194.7730176378,90.3998238623163));
#5054=CARTESIAN_POINT('Ctrl Pts',(38.325640067433,194.803994454073,90.3998238623163));
#5055=CARTESIAN_POINT('Ctrl Pts',(38.3134851248279,194.834588939622,90.3998238623163));
#5056=CARTESIAN_POINT('Ctrl Pts',(38.3003057692332,194.864766545252,90.3998238623163));
#5057=CARTESIAN_POINT('Ctrl Pts',(38.2898595096305,194.888686007803,90.3998238623163));
#5058=CARTESIAN_POINT('Ctrl Pts',(38.2787695465348,194.912343569178,90.3998238623163));
#5059=CARTESIAN_POINT('Ctrl Pts',(38.2670566030006,194.935721640986,90.3998238623163));
#5060=CARTESIAN_POINT('Ctrl Pts',(38.2611516264987,194.947507488351,90.3998238623163));
#5061=CARTESIAN_POINT('Ctrl Pts',(38.2550885192066,194.959221562941,90.3998238623163));
#5062=CARTESIAN_POINT('Ctrl Pts',(38.2488764098801,194.970849955296,90.3998238623163));
#5063=CARTESIAN_POINT('Ctrl Pts',(38.2206345997911,195.023715549136,90.3998238623163));
#5064=CARTESIAN_POINT('Ctrl Pts',(38.1892858844406,195.074874885368,90.3998238623163));
#5065=CARTESIAN_POINT('Ctrl Pts',(38.155106349848,195.124127016157,90.3998238623163));
#5066=CARTESIAN_POINT('Ctrl Pts',(38.1319798454051,195.157451917596,90.3998238623163));
#5067=CARTESIAN_POINT('Ctrl Pts',(38.1075561745983,195.189903631235,90.3998238623163));
#5068=CARTESIAN_POINT('Ctrl Pts',(38.0819078975694,195.221416487806,90.3998238623163));
#5069=CARTESIAN_POINT('Ctrl Pts',(38.0743565334865,195.230694501023,90.3998238623163));
#5070=CARTESIAN_POINT('Ctrl Pts',(38.0666989531403,195.239891104717,90.3998238623163));
#5071=CARTESIAN_POINT('Ctrl Pts',(38.0589368538312,195.249004549423,90.3998238623163));
#5072=CARTESIAN_POINT('Ctrl Pts',(38.050718245685,195.258653979032,90.3998238623163));
#5073=CARTESIAN_POINT('Ctrl Pts',(38.042387274139,195.268204452461,90.3998238623163));
#5074=CARTESIAN_POINT('Ctrl Pts',(38.0339508490273,195.277649303249,90.3998238623163));
#5075=CARTESIAN_POINT('Ctrl Pts',(37.9928814918243,195.323627777021,90.3998238623163));
#5076=CARTESIAN_POINT('Ctrl Pts',(37.9492857394471,195.367141177811,90.3998238623163));
#5077=CARTESIAN_POINT('Ctrl Pts',(37.9034433078447,195.407985636353,90.3998238623163));
#5078=CARTESIAN_POINT('Ctrl Pts',(37.8569873188063,195.449376759205,90.3998238623163));
#5079=CARTESIAN_POINT('Ctrl Pts',(37.8082235646475,195.488027982897,90.3998238623163));
#5080=CARTESIAN_POINT('Ctrl Pts',(37.7573953618852,195.523705284277,90.3998238623163));
#5081=CARTESIAN_POINT('Ctrl Pts',(37.7072075627257,195.558933073947,90.3998238623163));
#5082=CARTESIAN_POINT('Ctrl Pts',(37.6550062821091,195.591262260641,90.3998238623163));
#5083=CARTESIAN_POINT('Ctrl Pts',(37.600989279651,195.620432988835,90.3998238623163));
#5084=CARTESIAN_POINT('Ctrl Pts',(37.5880807959114,195.62740393971,90.3998238623163));
#5085=CARTESIAN_POINT('Ctrl Pts',(37.57506412054,195.634196362442,90.3998238623163));
#5086=CARTESIAN_POINT('Ctrl Pts',(37.5619687075599,195.640793228561,90.3998238623163));
#5087=CARTESIAN_POINT('Ctrl Pts',(37.509387089014,195.667281427018,90.3998238623163));
#5088=CARTESIAN_POINT('Ctrl Pts',(37.4554666871934,195.690659714065,90.3998238623163));
#5089=CARTESIAN_POINT('Ctrl Pts',(37.4004161960057,195.710749345944,90.3998238623163));
#5090=CARTESIAN_POINT('Ctrl Pts',(37.3430467334416,195.731685242412,90.3998238623163));
#5091=CARTESIAN_POINT('Ctrl Pts',(37.2844497859881,195.749051148122,90.3998238623163));
#5092=CARTESIAN_POINT('Ctrl Pts',(37.2249330224827,195.762970538032,90.3998238623163));
#5093=CARTESIAN_POINT('Ctrl Pts',(37.1639037335899,195.777243667449,90.3998238623163));
#5094=CARTESIAN_POINT('Ctrl Pts',(37.1019064679141,195.787893084921,90.3998238623163));
#5095=CARTESIAN_POINT('Ctrl Pts',(37.0392489652165,195.795003454709,90.3998238623163));
#5096=CARTESIAN_POINT('Ctrl Pts',(37.0217133087677,195.79699339999,90.3998238623163));
#5097=CARTESIAN_POINT('Ctrl Pts',(37.0041258407334,195.798705855427,90.3998238623163));
#5098=CARTESIAN_POINT('Ctrl Pts',(36.9864931231731,195.800141987255,90.3998238623163));
#5099=CARTESIAN_POINT('Ctrl Pts',(36.9756944825282,195.801021504066,90.3998238623163));
#5100=CARTESIAN_POINT('Ctrl Pts',(36.9648796080549,195.801797232639,90.3998238623163));
#5101=CARTESIAN_POINT('Ctrl Pts',(36.954063172573,195.802468863463,90.3998238623163));
#5102=CARTESIAN_POINT('Ctrl Pts',(36.8896839875406,195.806466395291,90.3998238623163));
#5103=CARTESIAN_POINT('Ctrl Pts',(36.8251309449007,195.806790501305,90.3998238623163));
#5104=CARTESIAN_POINT('Ctrl Pts',(36.7607424970239,195.803582275952,90.3998238623163));
#5105=CARTESIAN_POINT('Ctrl Pts',(36.694986937142,195.800305932737,90.3998238623163));
#5106=CARTESIAN_POINT('Ctrl Pts',(36.6294020653198,195.7933458041,90.3998238623163));
#5107=CARTESIAN_POINT('Ctrl Pts',(36.5643287951863,195.782800989028,90.3998238623163));
#5108=CARTESIAN_POINT('Ctrl Pts',(36.4989487512468,195.772206462715,90.3998238623163));
#5109=CARTESIAN_POINT('Ctrl Pts',(36.4340840297537,195.757993377426,90.3998238623163));
#5110=CARTESIAN_POINT('Ctrl Pts',(36.3700767434272,195.740210249742,90.3998238623163));
#5111=CARTESIAN_POINT('Ctrl Pts',(36.3571289345422,195.736612963373,90.3998238623163));
#5112=CARTESIAN_POINT('Ctrl Pts',(36.3442162319466,195.732869422022,90.3998238623163));
#5113=CARTESIAN_POINT('Ctrl Pts',(36.3313415139032,195.728979769797,90.3998238623163));
#5114=CARTESIAN_POINT('Ctrl Pts',(36.3208070857681,195.725797155491,90.3998238623163));
#5115=CARTESIAN_POINT('Ctrl Pts',(36.3102991396834,195.722516955887,90.3998238623163));
#5116=CARTESIAN_POINT('Ctrl Pts',(36.2998312135648,195.719143363933,90.3998238623163));
#5117=CARTESIAN_POINT('Ctrl Pts',(36.2349206690581,195.698224063566,90.3998238623163));
#5118=CARTESIAN_POINT('Ctrl Pts',(36.1714261576931,195.673681288775,90.3998238623163));
#5119=CARTESIAN_POINT('Ctrl Pts',(36.1097044042329,195.645630135742,90.3998238623163));
#5120=CARTESIAN_POINT('Ctrl Pts',(36.0484597633368,195.617795819672,90.3998238623163));
#5121=CARTESIAN_POINT('Ctrl Pts',(35.9889594527374,195.586507011927,90.3998238623163));
#5122=CARTESIAN_POINT('Ctrl Pts',(35.9315537706958,195.55182586086,90.3998238623163));
#5123=CARTESIAN_POINT('Ctrl Pts',(35.882288448558,195.522062638499,90.3998238623163));
#5124=CARTESIAN_POINT('Ctrl Pts',(35.8345654356236,195.489800120517,90.3998238623163));
#5125=CARTESIAN_POINT('Ctrl Pts',(35.7886167316819,195.455048785935,90.3998238623163));
#5126=CARTESIAN_POINT('Ctrl Pts',(35.7665328456978,195.438346584461,90.3998238623163));
#5127=CARTESIAN_POINT('Ctrl Pts',(35.7448590275015,195.421069076055,90.3998238623163));
#5128=CARTESIAN_POINT('Ctrl Pts',(35.7236022616742,195.403237313439,90.3998238623163));
#5129=CARTESIAN_POINT('Ctrl Pts',(35.5360564482247,194.131129080226,94.8679511940807));
#5130=CARTESIAN_POINT('Ctrl Pts',(35.5349123351048,194.286070077885,94.8578699387818));
#5131=CARTESIAN_POINT('Ctrl Pts',(35.5576053977286,194.440685023777,94.8477886834829));
#5132=CARTESIAN_POINT('Ctrl Pts',(35.6055646879388,194.587018870004,94.837707428184));
#5133=CARTESIAN_POINT('Ctrl Pts',(35.7552967911839,195.043882899384,94.806233076653));
#5134=CARTESIAN_POINT('Ctrl Pts',(36.1513064077572,195.420028561693,94.7747587251221));
#5135=CARTESIAN_POINT('Ctrl Pts',(36.6152624144409,195.54608086699,94.7432843735911));
#5136=CARTESIAN_POINT('Ctrl Pts',(37.0792184211247,195.672133172287,94.7118100220601));
#5137=CARTESIAN_POINT('Ctrl Pts',(37.611120817919,195.548092120574,94.6803356705291));
#5138=CARTESIAN_POINT('Ctrl Pts',(37.9714549159541,195.229811594412,94.6488613189982));
#5139=CARTESIAN_POINT('Ctrl Pts',(38.3317890139891,194.911531068251,94.6173869674672));
#5140=CARTESIAN_POINT('Ctrl Pts',(38.520554813265,194.399011067643,94.5859126159362));
#5141=CARTESIAN_POINT('Ctrl Pts',(38.4527489164804,193.923042416831,94.5544382644052));
#5142=CARTESIAN_POINT('Ctrl Pts',(38.3849430196958,193.447073766019,94.5229639128743));
#5143=CARTESIAN_POINT('Ctrl Pts',(38.0605654268509,193.007656465002,94.4914895613432));
#5144=CARTESIAN_POINT('Ctrl Pts',(37.6256852988219,192.80266133017,94.4600152098123));
#5145=CARTESIAN_POINT('Ctrl Pts',(37.1908051707929,192.597666195337,94.4285408582813));
#5146=CARTESIAN_POINT('Ctrl Pts',(36.6454225075798,192.627093226688,94.3970665067503));
#5147=CARTESIAN_POINT('Ctrl Pts',(36.2351249307643,192.877691554324,94.3655921552194));
#5148=CARTESIAN_POINT('Ctrl Pts',(35.8248273539488,193.128289881961,94.3341178036884));
#5149=CARTESIAN_POINT('Ctrl Pts',(35.5496148635307,193.600059505882,94.3026434521574));
#5150=CARTESIAN_POINT('Ctrl Pts',(35.5334168624052,194.080560617326,94.2711691006264));
#5151=CARTESIAN_POINT('Ctrl Pts',(35.5328648398714,194.096935936664,94.2700964651111));
#5152=CARTESIAN_POINT('Ctrl Pts',(35.5326136429587,194.11332139696,94.2690238295959));
#5153=CARTESIAN_POINT('Ctrl Pts',(35.532658943836,194.129708278402,94.2679511940806));
#5154=CARTESIAN_POINT('Ctrl Pts',(36.5367518048285,192.390890695738,95.3998238623163));
#5155=CARTESIAN_POINT('Ctrl Pts',(36.4745199188916,192.413746124178,95.3998238623163));
#5156=CARTESIAN_POINT('Ctrl Pts',(36.4138704863814,192.440247466457,95.3998238623163));
#5157=CARTESIAN_POINT('Ctrl Pts',(36.3549878283931,192.470110892314,95.3998238623163));
#5158=CARTESIAN_POINT('Ctrl Pts',(36.294438574235,192.500819563153,95.3998238623163));
#5159=CARTESIAN_POINT('Ctrl Pts',(36.2357567237373,192.535084037811,95.3998238623162));
#5160=CARTESIAN_POINT('Ctrl Pts',(36.1791738354662,192.572640226778,95.3998238623162));
#5161=CARTESIAN_POINT('Ctrl Pts',(36.133855076535,192.602719989869,95.3998238623162));
#5162=CARTESIAN_POINT('Ctrl Pts',(36.0898832400906,192.634912378991,95.3998238623162));
#5163=CARTESIAN_POINT('Ctrl Pts',(36.0473962843134,192.669096568553,95.3998238623162));
#5164=CARTESIAN_POINT('Ctrl Pts',(36.028625359692,192.684199294408,95.3998238623162));
#5165=CARTESIAN_POINT('Ctrl Pts',(36.0101445149334,192.69969094349,95.3998238623162));
#5166=CARTESIAN_POINT('Ctrl Pts',(35.9919668837819,192.715561664958,95.3998238623162));
#5167=CARTESIAN_POINT('Ctrl Pts',(35.981578322671,192.724631821485,95.3998238623162));
#5168=CARTESIAN_POINT('Ctrl Pts',(35.9712888102735,192.733825794231,95.3998238623162));
#5169=CARTESIAN_POINT('Ctrl Pts',(35.9611009195205,192.743141781857,95.3998238623162));
#5170=CARTESIAN_POINT('Ctrl Pts',(35.9537286132062,192.749883149238,95.3998238623162));
#5171=CARTESIAN_POINT('Ctrl Pts',(35.9464108875199,192.756687231032,95.3998238623162));
#5172=CARTESIAN_POINT('Ctrl Pts',(35.9391552898035,192.763546831554,95.3998238623162));
#5173=CARTESIAN_POINT('Ctrl Pts',(35.8909317956161,192.809138376017,95.3998238623162));
#5174=CARTESIAN_POINT('Ctrl Pts',(35.8453639620948,192.857257435988,95.3998238623163));
#5175=CARTESIAN_POINT('Ctrl Pts',(35.8026655256649,192.90765320255,95.3998238623163));
#5176=CARTESIAN_POINT('Ctrl Pts',(35.7595177570115,192.958579303328,95.3998238623163));
#5177=CARTESIAN_POINT('Ctrl Pts',(35.719299380601,193.011831167199,95.3998238623162));
#5178=CARTESIAN_POINT('Ctrl Pts',(35.682278812883,193.067175723529,95.3998238623162));
#5179=CARTESIAN_POINT('Ctrl Pts',(35.6545133870945,193.108684140777,95.3998238623162));
#5180=CARTESIAN_POINT('Ctrl Pts',(35.6285476577155,193.151370309799,95.3998238623162));
#5181=CARTESIAN_POINT('Ctrl Pts',(35.6045158691675,193.195140702288,95.3998238623162));
#5182=CARTESIAN_POINT('Ctrl Pts',(35.593276591507,193.215611404813,95.3998238623162));
#5183=CARTESIAN_POINT('Ctrl Pts',(35.5824605946224,193.236319291196,95.3998238623162));
#5184=CARTESIAN_POINT('Ctrl Pts',(35.5720831210458,193.257254873583,95.3998238623162));
#5185=CARTESIAN_POINT('Ctrl Pts',(35.5658146492642,193.269900929144,95.3998238623162));
#5186=CARTESIAN_POINT('Ctrl Pts',(35.5597047848935,193.282633429478,95.3998238623162));
#5187=CARTESIAN_POINT('Ctrl Pts',(35.553767754468,193.295426312407,95.3998238623162));
#5188=CARTESIAN_POINT('Ctrl Pts',(35.5274667542187,193.352098687819,95.3998238623162));
#5189=CARTESIAN_POINT('Ctrl Pts',(35.5045080539514,193.410042949966,95.3998238623162));
#5190=CARTESIAN_POINT('Ctrl Pts',(35.4851092684592,193.469059936952,95.3998238623162));
#5191=CARTESIAN_POINT('Ctrl Pts',(35.469634536033,193.516138764778,95.3998238623162));
#5192=CARTESIAN_POINT('Ctrl Pts',(35.4564259439846,193.563900719484,95.3998238623162));
#5193=CARTESIAN_POINT('Ctrl Pts',(35.4456175805433,193.612248228409,95.3998238623162));
#5194=CARTESIAN_POINT('Ctrl Pts',(35.4316679787846,193.674646990183,95.3998238623162));
#5195=CARTESIAN_POINT('Ctrl Pts',(35.4217153209879,193.738022312636,95.3998238623162));
#5196=CARTESIAN_POINT('Ctrl Pts',(35.4156967405738,193.802012150492,95.3998238623162));
#5197=CARTESIAN_POINT('Ctrl Pts',(35.4139780925613,193.820284899228,95.3998238623162));
#5198=CARTESIAN_POINT('Ctrl Pts',(35.4125805564212,193.838607658336,95.3998238623162));
#5199=CARTESIAN_POINT('Ctrl Pts',(35.4115034046391,193.856971698932,95.3998238623162));
#5200=CARTESIAN_POINT('Ctrl Pts',(35.4108750335589,193.867684610722,95.3998238623162));
#5201=CARTESIAN_POINT('Ctrl Pts',(35.4103556075835,193.878414107101,95.3998238623162));
#5202=CARTESIAN_POINT('Ctrl Pts',(35.4099453356127,193.88915003198,95.3998238623162));
#5203=CARTESIAN_POINT('Ctrl Pts',(35.4075694830395,193.951320924871,95.3998238623162));
#5204=CARTESIAN_POINT('Ctrl Pts',(35.4088538713631,194.013548060512,95.3998238623162));
#5205=CARTESIAN_POINT('Ctrl Pts',(35.4136840070369,194.07550521875,95.3998238623162));
#5206=CARTESIAN_POINT('Ctrl Pts',(35.4185204477089,194.137543252515,95.3998238623162));
#5207=CARTESIAN_POINT('Ctrl Pts',(35.426912332989,194.199311715032,95.3998238623163));
#5208=CARTESIAN_POINT('Ctrl Pts',(35.4387948721638,194.260469455211,95.3998238623163));
#5209=CARTESIAN_POINT('Ctrl Pts',(35.4504501305948,194.320457413707,95.3998238623163));
#5210=CARTESIAN_POINT('Ctrl Pts',(35.4654643173561,194.379858704859,95.3998238623162));
#5211=CARTESIAN_POINT('Ctrl Pts',(35.4838171318058,194.438323390974,95.3998238623162));
#5212=CARTESIAN_POINT('Ctrl Pts',(35.488004629062,194.451663073198,95.3998238623162));
#5213=CARTESIAN_POINT('Ctrl Pts',(35.4923660877118,194.464953847049,95.3998238623163));
#5214=CARTESIAN_POINT('Ctrl Pts',(35.496901529169,194.478191271351,95.3998238623163));
#5215=CARTESIAN_POINT('Ctrl Pts',(35.5007010937674,194.489280919235,95.3998238623163));
#5216=CARTESIAN_POINT('Ctrl Pts',(35.5046221306578,194.500331021444,95.3998238623163));
#5217=CARTESIAN_POINT('Ctrl Pts',(35.5086605320036,194.511328665279,95.3998238623163));
#5218=CARTESIAN_POINT('Ctrl Pts',(35.5293003151872,194.567536299157,95.3998238623163));
#5219=CARTESIAN_POINT('Ctrl Pts',(35.5530289848305,194.622454027227,95.3998238623162));
#5220=CARTESIAN_POINT('Ctrl Pts',(35.5798023877835,194.675758525257,95.3998238623162));
#5221=CARTESIAN_POINT('Ctrl Pts',(35.5967739565158,194.709548064586,95.3998238623162));
#5222=CARTESIAN_POINT('Ctrl Pts',(35.6149697871647,194.74268881574,95.3998238623162));
#5223=CARTESIAN_POINT('Ctrl Pts',(35.6343861596892,194.775090599702,95.3998238623162));
#5224=CARTESIAN_POINT('Ctrl Pts',(35.6418179655678,194.787492698406,95.3998238623162));
#5225=CARTESIAN_POINT('Ctrl Pts',(35.6494286434846,194.799786461535,95.3998238623162));
#5226=CARTESIAN_POINT('Ctrl Pts',(35.6572181878395,194.811966543331,95.3998238623162));
#5227=CARTESIAN_POINT('Ctrl Pts',(35.6642171257636,194.822910397364,95.3998238623162));
#5228=CARTESIAN_POINT('Ctrl Pts',(35.6713580662614,194.83375858867,95.3998238623163));
#5229=CARTESIAN_POINT('Ctrl Pts',(35.6786361290612,194.844500843725,95.3998238623163));
#5230=CARTESIAN_POINT('Ctrl Pts',(35.7107056345449,194.891834703963,95.3998238623163));
#5231=CARTESIAN_POINT('Ctrl Pts',(35.7454607372578,194.937155332699,95.3998238623163));
#5232=CARTESIAN_POINT('Ctrl Pts',(35.7828792849563,194.980151549545,95.3998238623163));
#5233=CARTESIAN_POINT('Ctrl Pts',(35.8015947917711,195.00165682003,95.3998238623163));
#5234=CARTESIAN_POINT('Ctrl Pts',(35.8209770935376,195.02257999064,95.3998238623162));
#5235=CARTESIAN_POINT('Ctrl Pts',(35.8410261275051,195.042877976961,95.3998238623162));
#5236=CARTESIAN_POINT('Ctrl Pts',(35.8569805590425,195.059030517458,95.3998238623162));
#5237=CARTESIAN_POINT('Ctrl Pts',(35.873357262331,195.074787086941,95.3998238623162));
#5238=CARTESIAN_POINT('Ctrl Pts',(35.8901377724638,195.090139625717,95.3998238623162));
#5239=CARTESIAN_POINT('Origin',(35.8,145.73,96.7249645331631));
#5240=CARTESIAN_POINT('Ctrl Pts',(33.9980239708179,145.730954303461,95.2249645331631));
#5241=CARTESIAN_POINT('Ctrl Pts',(33.9976289923395,145.790838080038,95.2217762376273));
#5242=CARTESIAN_POINT('Ctrl Pts',(34.0273591889194,146.441498754934,95.1871135905606));
#5243=CARTESIAN_POINT('Ctrl Pts',(34.8170426261286,147.60968811711,95.1209765919628));
#5244=CARTESIAN_POINT('Ctrl Pts',(36.8298432041908,147.584251059993,95.0265535373699));
#5245=CARTESIAN_POINT('Ctrl Pts',(37.9151022960665,145.88904326578,94.9321304827769));
#5246=CARTESIAN_POINT('Ctrl Pts',(37.0955105399409,144.050513728704,94.837707428184));
#5247=CARTESIAN_POINT('Ctrl Pts',(35.1091592661217,143.724583298096,94.7432843735911));
#5248=CARTESIAN_POINT('Ctrl Pts',(34.0846311912595,144.836212123098,94.6723700752508));
#5249=CARTESIAN_POINT('Ctrl Pts',(33.9991731031191,145.578264057054,94.6329301284414));
#5250=CARTESIAN_POINT('Ctrl Pts',(34.0004863821889,145.728432175282,94.6249645331631));
#5251=CARTESIAN_POINT('Ctrl Pts',(34.002200849203,145.728547299615,95.2746831914694));
#5252=CARTESIAN_POINT('Ctrl Pts',(34.0049647130971,146.129447777207,95.2534480453564));
#5253=CARTESIAN_POINT('Ctrl Pts',(34.3332447605039,147.129816194582,95.2007385477124));
#5254=CARTESIAN_POINT('Ctrl Pts',(35.9807159886788,147.843098978567,95.1165546985374));
#5255=CARTESIAN_POINT('Ctrl Pts',(37.664405170028,146.741230215991,95.0221316439446));
#5256=CARTESIAN_POINT('Ctrl Pts',(37.6696661784083,144.728111677618,94.9277085893516));
#5257=CARTESIAN_POINT('Ctrl Pts',(35.9907754413859,143.617554107714,94.8332855347587));
#5258=CARTESIAN_POINT('Ctrl Pts',(34.3377982151502,144.324823876346,94.7489437354646));
#5259=CARTESIAN_POINT('Ctrl Pts',(34.0045468133681,145.327466155391,94.6960762877015));
#5260=CARTESIAN_POINT('Ctrl Pts',(34.0015640981726,145.731386973881,94.6746831914694));
#5261=CARTESIAN_POINT('Ctrl Pts',(36.9077203444753,146.688739087779,95.3998238623163));
#5262=CARTESIAN_POINT('Ctrl Pts',(37.223719442472,146.323635970415,95.3683495107853));
#5263=CARTESIAN_POINT('Ctrl Pts',(37.4608105732911,145.262105167244,95.3054008077233));
#5264=CARTESIAN_POINT('Ctrl Pts',(36.3213875934784,144.083139417684,95.2109777531304));
#5265=CARTESIAN_POINT('Ctrl Pts',(34.7113255422158,144.390202247912,95.1165546985375));
#5266=CARTESIAN_POINT('Ctrl Pts',(34.0821469001083,145.902468457352,95.0221316439445));
#5267=CARTESIAN_POINT('Ctrl Pts',(34.9998707860972,147.260069782785,94.9277085893516));
#5268=CARTESIAN_POINT('Ctrl Pts',(36.6382943709624,147.239363968823,94.8332855347587));
#5269=CARTESIAN_POINT('Ctrl Pts',(37.5216973822683,145.859461527639,94.7388624801657));
#5270=CARTESIAN_POINT('Ctrl Pts',(36.8545480989101,144.362894909044,94.6444394255728));
#5271=CARTESIAN_POINT('Ctrl Pts',(35.237654299135,144.097586904687,94.5500163709799));
#5272=CARTESIAN_POINT('Ctrl Pts',(34.1272182765917,145.302427183121,94.4555933163869));
#5273=CARTESIAN_POINT('Ctrl Pts',(34.5233001954932,146.892350266197,94.3611702617941));
#5274=CARTESIAN_POINT('Ctrl Pts',(36.0691889805755,147.435448157149,94.266747207201));
#5275=CARTESIAN_POINT('Ctrl Pts',(37.372643561586,146.442607816392,94.1723241526082));
#5276=CARTESIAN_POINT('Ctrl Pts',(37.2597633537375,144.807986549388,94.0779010980151));
#5277=CARTESIAN_POINT('Ctrl Pts',(35.8322087937237,144.003738140846,93.9834780434223));
#5278=CARTESIAN_POINT('Ctrl Pts',(34.3756467975451,144.754174423694,93.8890549888293));
#5279=CARTESIAN_POINT('Ctrl Pts',(34.2018683555352,146.383446897705,93.7946319342365));
#5280=CARTESIAN_POINT('Ctrl Pts',(35.4673797227451,147.424219970995,93.7002088796434));
#5281=CARTESIAN_POINT('Ctrl Pts',(37.0324514946937,146.939165370829,93.6057858250506));
#5282=CARTESIAN_POINT('Ctrl Pts',(37.4875678611538,145.365127018169,93.5113627704575));
#5283=CARTESIAN_POINT('Ctrl Pts',(36.4228474763835,144.11969611683,93.4169397158648));
#5284=CARTESIAN_POINT('Ctrl Pts',(34.7971858074152,144.324517423593,93.3225166612718));
#5285=CARTESIAN_POINT('Ctrl Pts',(34.0746664048231,145.795127278339,93.2280936066789));
#5286=CARTESIAN_POINT('Ctrl Pts',(34.905995866309,147.2070829989,93.1336705520859));
#5287=CARTESIAN_POINT('Ctrl Pts',(36.5424724084932,147.288766274842,93.0392474974929));
#5288=CARTESIAN_POINT('Ctrl Pts',(37.5102725210173,145.966612511819,92.9448244429001));
#5289=CARTESIAN_POINT('Ctrl Pts',(36.9377878901918,144.431363679158,92.8504013883071));
#5290=CARTESIAN_POINT('Ctrl Pts',(35.3406026301565,144.065676824214,92.7559783337142));
#5291=CARTESIAN_POINT('Ctrl Pts',(34.1571542168539,145.198892374659,92.6615552791212));
#5292=CARTESIAN_POINT('Ctrl Pts',(34.4532655019785,146.810427586095,92.5671322245283));
#5293=CARTESIAN_POINT('Ctrl Pts',(35.9622563575577,147.448921304518,92.4727091699354));
#5294=CARTESIAN_POINT('Ctrl Pts',(37.3251178746613,146.539341118082,92.3782861153425));
#5295=CARTESIAN_POINT('Ctrl Pts',(37.3144463640472,144.900862021219,92.2838630607496));
#5296=CARTESIAN_POINT('Ctrl Pts',(35.9398526710202,144.009111042107,92.1894400061566));
#5297=CARTESIAN_POINT('Ctrl Pts',(34.4393065743125,144.667206049998,92.0950169515637));
#5298=CARTESIAN_POINT('Ctrl Pts',(34.1642115663037,146.282461565151,92.0005938969707));
#5299=CARTESIAN_POINT('Ctrl Pts',(35.3623203542378,147.400165885966,91.9061708423778));
#5300=CARTESIAN_POINT('Ctrl Pts',(36.95460683471,147.013705830165,91.8117477877849));
#5301=CARTESIAN_POINT('Ctrl Pts',(37.507045419685,145.471130272435,91.717324733192));
#5302=CARTESIAN_POINT('Ctrl Pts',(36.5221056010945,144.16169489141,91.6229016785991));
#5303=CARTESIAN_POINT('Ctrl Pts',(34.8868318851693,144.26468711666,91.5284786240061));
#5304=CARTESIAN_POINT('Ctrl Pts',(34.0739644232261,145.687351911045,91.4340555694132));
#5305=CARTESIAN_POINT('Ctrl Pts',(34.8155781566708,147.148425097903,91.3396325148202));
#5306=CARTESIAN_POINT('Ctrl Pts',(36.4437696070816,147.332055312763,91.2452094602273));
#5307=CARTESIAN_POINT('Ctrl Pts',(37.4921776824126,146.072858424204,91.1507864056344));
#5308=CARTESIAN_POINT('Ctrl Pts',(37.0165962168491,144.504888231148,91.0563633510415));
#5309=CARTESIAN_POINT('Ctrl Pts',(35.4453411636849,144.040247020284,90.9619402964485));
#5310=CARTESIAN_POINT('Ctrl Pts',(34.1934894699461,145.097444800769,90.8675172418556));
#5311=CARTESIAN_POINT('Ctrl Pts',(34.388484572508,146.72425411275,90.7730941872626));
#5312=CARTESIAN_POINT('Ctrl Pts',(35.8546784664889,147.455784043394,90.6786711326697));
#5313=CARTESIAN_POINT('Ctrl Pts',(37.2716778702107,146.632734118066,90.5842480780767));
#5314=CARTESIAN_POINT('Ctrl Pts',(37.363173374385,144.997361553598,90.4898250234839));
#5315=CARTESIAN_POINT('Ctrl Pts',(36.047111090345,144.020341873576,90.3954019688909));
#5316=CARTESIAN_POINT('Ctrl Pts',(34.5082236460694,144.586089519979,90.300978914298));
#5317=CARTESIAN_POINT('Ctrl Pts',(34.2598179404776,145.64502977128,90.238030211236));
#5318=CARTESIAN_POINT('Ctrl Pts',(34.3854787554796,146.111254047585,90.206555859705));
#5319=CARTESIAN_POINT('Ctrl Pts',(36.9920910806103,146.76176250294,95.4642465298533));
#5320=CARTESIAN_POINT('Ctrl Pts',(37.3321585968218,146.368850905818,95.4327721783223));
#5321=CARTESIAN_POINT('Ctrl Pts',(37.5873080339075,145.226467443634,95.3698234752604));
#5322=CARTESIAN_POINT('Ctrl Pts',(36.361099651935,143.957704473445,95.2754004206675));
#5323=CARTESIAN_POINT('Ctrl Pts',(34.62840545695,144.288155081243,95.1809773660746));
#5324=CARTESIAN_POINT('Ctrl Pts',(33.9513047328299,145.915604706749,95.0865543114816));
#5325=CARTESIAN_POINT('Ctrl Pts',(34.9389280661076,147.37660922756,94.9921312568887));
#5326=CARTESIAN_POINT('Ctrl Pts',(36.7021439820385,147.354326332547,94.8977082022957));
#5327=CARTESIAN_POINT('Ctrl Pts',(37.6528323535344,145.869322107019,94.8032851477028));
#5328=CARTESIAN_POINT('Ctrl Pts',(36.934868912587,144.25876784893,94.7088620931099));
#5329=CARTESIAN_POINT('Ctrl Pts',(35.1948226214639,143.973252369156,94.6144390385169));
#5330=CARTESIAN_POINT('Ctrl Pts',(33.9998090201842,145.269860630118,94.520015983924));
#5331=CARTESIAN_POINT('Ctrl Pts',(34.4260589532728,146.980881950294,94.4255929293311));
#5332=CARTESIAN_POINT('Ctrl Pts',(36.0896920548071,147.565345488345,94.3311698747382));
#5333=CARTESIAN_POINT('Ctrl Pts',(37.4924256849628,146.496884373056,94.2367468201452));
#5334=CARTESIAN_POINT('Ctrl Pts',(37.3709478321593,144.7377603827,94.1423237655522));
#5335=CARTESIAN_POINT('Ctrl Pts',(35.8346620118578,143.872255511187,94.0479007109594));
#5336=CARTESIAN_POINT('Ctrl Pts',(34.2671593721704,144.679849597375,93.9534776563664));
#5337=CARTESIAN_POINT('Ctrl Pts',(34.0801449043442,146.433217398047,93.8590546017736));
#5338=CARTESIAN_POINT('Ctrl Pts',(35.4420453341646,147.553262095066,93.7646315471805));
#5339=CARTESIAN_POINT('Ctrl Pts',(37.1263225158197,147.031262778766,93.6702084925877));
#5340=CARTESIAN_POINT('Ctrl Pts',(37.6161033199754,145.337336066936,93.5757854379946));
#5341=CARTESIAN_POINT('Ctrl Pts',(36.4702873382082,143.997045553715,93.4813623834018));
#5342=CARTESIAN_POINT('Ctrl Pts',(34.720805363509,144.217467300168,93.3869393288088));
#5343=CARTESIAN_POINT('Ctrl Pts',(33.9432544774089,145.800087768993,93.2925162742159));
#5344=CARTESIAN_POINT('Ctrl Pts',(34.8379030599943,147.319586647109,93.198093219623));
#5345=CARTESIAN_POINT('Ctrl Pts',(36.5990236346008,147.407491419438,93.1036701650301));
#5346=CARTESIAN_POINT('Ctrl Pts',(37.6405373051836,145.984634363544,93.0092471104371));
#5347=CARTESIAN_POINT('Ctrl Pts',(37.0244487539556,144.332451618088,92.9148240558443));
#5348=CARTESIAN_POINT('Ctrl Pts',(35.3056121251383,143.938911822372,92.8204010012511));
#5349=CARTESIAN_POINT('Ctrl Pts',(34.0320250642013,145.158439979305,92.7259779466584));
#5350=CARTESIAN_POINT('Ctrl Pts',(34.3506899904398,146.892719539325,92.6315548920653));
#5351=CARTESIAN_POINT('Ctrl Pts',(35.9746147911624,147.579844832775,92.5371318374725));
#5352=CARTESIAN_POINT('Ctrl Pts',(37.4412801519179,146.600985472867,92.4427087828795));
#5353=CARTESIAN_POINT('Ctrl Pts',(37.4297958339823,144.837709816805,92.3482857282866));
#5354=CARTESIAN_POINT('Ctrl Pts',(35.9505047032441,143.878037645371,92.2538626736937));
#5355=CARTESIAN_POINT('Ctrl Pts',(34.3356678657234,144.586257182021,92.1594396191007));
#5356=CARTESIAN_POINT('Ctrl Pts',(34.0396199444198,146.324540406775,92.0650165645079));
#5357=CARTESIAN_POINT('Ctrl Pts',(35.3289840035168,147.527375904243,91.9705935099148));
#5358=CARTESIAN_POINT('Ctrl Pts',(37.0425487318475,147.111480694022,91.876170455322));
#5359=CARTESIAN_POINT('Ctrl Pts',(37.6370644081354,145.451413175438,91.781747400729));
#5360=CARTESIAN_POINT('Ctrl Pts',(36.5771055669572,144.042243211068,91.6873243461361));
#5361=CARTESIAN_POINT('Ctrl Pts',(34.8172794331921,144.153079952224,91.5929012915431));
#5362=CARTESIAN_POINT('Ctrl Pts',(33.9424990286129,145.684103572529,91.4984782369503));
#5363=CARTESIAN_POINT('Ctrl Pts',(34.7405985862375,147.256461002687,91.4040551823573));
#5364=CARTESIAN_POINT('Ctrl Pts',(36.49280302596,147.454077614458,91.3096321277643));
#5365=CARTESIAN_POINT('Ctrl Pts',(37.6210642533312,146.098972612486,91.2152090731715));
#5366=CARTESIAN_POINT('Ctrl Pts',(37.1092596033315,144.411576248299,91.1207860185785));
#5367=CARTESIAN_POINT('Ctrl Pts',(35.4183281840588,143.911545129509,91.0263629639856));
#5368=CARTESIAN_POINT('Ctrl Pts',(34.0711278317356,145.049265539576,90.9319399093926));
#5369=CARTESIAN_POINT('Ctrl Pts',(34.2809749503572,146.799982568779,90.8375168547997));
#5370=CARTESIAN_POINT('Ctrl Pts',(35.8588431119171,147.587230279691,90.7430938002068));
#5371=CARTESIAN_POINT('Ctrl Pts',(37.3837698308598,146.701491853225,90.6486707456139));
#5372=CARTESIAN_POINT('Ctrl Pts',(37.4822341905569,144.941559342009,90.5542476910209));
#5373=CARTESIAN_POINT('Ctrl Pts',(36.0659325778292,143.890123885448,90.459824636428));
#5374=CARTESIAN_POINT('Ctrl Pts',(34.4098340819105,144.49896232244,90.365401581835));
#5375=CARTESIAN_POINT('Ctrl Pts',(34.142508283043,145.638557920526,90.3024528787731));
#5376=CARTESIAN_POINT('Ctrl Pts',(34.2777401919748,146.140292680675,90.2709785272421));
#5377=CARTESIAN_POINT('Ctrl Pts',(37.0764618167453,146.834785918102,95.5286691973904));
#5378=CARTESIAN_POINT('Ctrl Pts',(37.4405977511716,146.414065841221,95.4971948458594));
#5379=CARTESIAN_POINT('Ctrl Pts',(37.713805494524,145.190829720024,95.4342461427975));
#5380=CARTESIAN_POINT('Ctrl Pts',(36.4008117103916,143.832269529206,95.3398230882045));
#5381=CARTESIAN_POINT('Ctrl Pts',(34.5454853716842,144.186107914573,95.2454000336117));
#5382=CARTESIAN_POINT('Ctrl Pts',(33.8204625655515,145.928740956146,95.1509769790187));
#5383=CARTESIAN_POINT('Ctrl Pts',(34.8779853461181,147.493148672335,95.0565539244258));
#5384=CARTESIAN_POINT('Ctrl Pts',(36.7659935931146,147.46928869627,94.9621308698329));
#5385=CARTESIAN_POINT('Ctrl Pts',(37.7839673248004,145.879182686399,94.8677078152399));
#5386=CARTESIAN_POINT('Ctrl Pts',(37.0151897262639,144.154640788817,94.7732847606469));
#5387=CARTESIAN_POINT('Ctrl Pts',(35.1519909437928,143.848917833626,94.6788617060541));
#5388=CARTESIAN_POINT('Ctrl Pts',(33.8723997637767,145.237294077114,94.584438651461));
#5389=CARTESIAN_POINT('Ctrl Pts',(34.3288177110524,147.069413634392,94.4900155968682));
#5390=CARTESIAN_POINT('Ctrl Pts',(36.1101951290386,147.695242819541,94.3955925422752));
#5391=CARTESIAN_POINT('Ctrl Pts',(37.6122078083396,146.55116092972,94.3011694876823));
#5392=CARTESIAN_POINT('Ctrl Pts',(37.4821323105811,144.667534216012,94.2067464330893));
#5393=CARTESIAN_POINT('Ctrl Pts',(35.8371152299918,143.740772881528,94.1123233784965));
#5394=CARTESIAN_POINT('Ctrl Pts',(34.1586719467957,144.605524771057,94.0179003239035));
#5395=CARTESIAN_POINT('Ctrl Pts',(33.9584214531531,146.48298789839,93.9234772693106));
#5396=CARTESIAN_POINT('Ctrl Pts',(35.4167109455841,147.682304219136,93.8290542147176));
#5397=CARTESIAN_POINT('Ctrl Pts',(37.2201935369456,147.123360186704,93.7346311601247));
#5398=CARTESIAN_POINT('Ctrl Pts',(37.7446387787971,145.309545115704,93.6402081055318));
#5399=CARTESIAN_POINT('Ctrl Pts',(36.5177272000328,143.874394990599,93.5457850509389));
#5400=CARTESIAN_POINT('Ctrl Pts',(34.6444249196028,144.110417176743,93.4513619963459));
#5401=CARTESIAN_POINT('Ctrl Pts',(33.8118425499946,145.805048259647,93.3569389417531));
#5402=CARTESIAN_POINT('Ctrl Pts',(34.7698102536797,147.432090295319,93.26251588716));
#5403=CARTESIAN_POINT('Ctrl Pts',(36.6555748607085,147.526216564035,93.1680928325672));
#5404=CARTESIAN_POINT('Ctrl Pts',(37.7708020893498,146.002656215269,93.0736697779742));
#5405=CARTESIAN_POINT('Ctrl Pts',(37.1111096177193,144.233539557018,92.9792467233813));
#5406=CARTESIAN_POINT('Ctrl Pts',(35.2706216201201,143.81214682053,92.8848236687883));
#5407=CARTESIAN_POINT('Ctrl Pts',(33.9068959115487,145.11798758395,92.7904006141954));
#5408=CARTESIAN_POINT('Ctrl Pts',(34.2481144789011,146.975011492555,92.6959775596025));
#5409=CARTESIAN_POINT('Ctrl Pts',(35.986973224767,147.710768361032,92.6015545050095));
#5410=CARTESIAN_POINT('Ctrl Pts',(37.5574424291746,146.662629827651,92.5071314504166));
#5411=CARTESIAN_POINT('Ctrl Pts',(37.5451453039174,144.774557612392,92.4127083958238));
#5412=CARTESIAN_POINT('Ctrl Pts',(35.9611567354679,143.746964248635,92.3182853412307));
#5413=CARTESIAN_POINT('Ctrl Pts',(34.2320291571343,144.505308314043,92.2238622866378));
#5414=CARTESIAN_POINT('Ctrl Pts',(33.9150283225359,146.366619248398,92.1294392320449));
#5415=CARTESIAN_POINT('Ctrl Pts',(35.2956476527958,147.65458592252,92.035016177452));
#5416=CARTESIAN_POINT('Ctrl Pts',(37.130490628985,147.209255557878,91.9405931228591));
#5417=CARTESIAN_POINT('Ctrl Pts',(37.7670833965858,145.431696078441,91.8461700682661));
#5418=CARTESIAN_POINT('Ctrl Pts',(36.6321055328198,143.922791530727,91.7517470136732));
#5419=CARTESIAN_POINT('Ctrl Pts',(34.747726981215,144.041472787787,91.6573239590802));
#5420=CARTESIAN_POINT('Ctrl Pts',(33.8110336339997,145.680855234013,91.5629009044873));
#5421=CARTESIAN_POINT('Ctrl Pts',(34.6656190158042,147.36449690747,91.4684778498943));
#5422=CARTESIAN_POINT('Ctrl Pts',(36.5418364448384,147.576099916152,91.3740547953014));
#5423=CARTESIAN_POINT('Ctrl Pts',(37.7499508242499,146.125086800769,91.2796317407086));
#5424=CARTESIAN_POINT('Ctrl Pts',(37.2019229898139,144.318264265449,91.1852086861156));
#5425=CARTESIAN_POINT('Ctrl Pts',(35.3913152044328,143.782843238733,91.0907856315227));
#5426=CARTESIAN_POINT('Ctrl Pts',(33.948766193525,145.001086278384,90.9963625769297));
#5427=CARTESIAN_POINT('Ctrl Pts',(34.1734653282063,146.875711024807,90.9019395223368));
#5428=CARTESIAN_POINT('Ctrl Pts',(35.8630077573454,147.718676515989,90.8075164677439));
#5429=CARTESIAN_POINT('Ctrl Pts',(37.495861791509,146.770249588384,90.7130934131509));
#5430=CARTESIAN_POINT('Ctrl Pts',(37.6012950067288,144.88575713042,90.618670358558));
#5431=CARTESIAN_POINT('Ctrl Pts',(36.0847540653133,143.759905897321,90.524247303965));
#5432=CARTESIAN_POINT('Ctrl Pts',(34.3114445177517,144.4118351249,90.4298242493722));
#5433=CARTESIAN_POINT('Ctrl Pts',(34.0251986256084,145.632086069772,90.3668755463102));
#5434=CARTESIAN_POINT('Ctrl Pts',(34.1700016284701,146.169331313765,90.3354011947792));
#5435=CARTESIAN_POINT('Ctrl Pts',(37.1608325528802,146.907809333263,95.5930918649275));
#5436=CARTESIAN_POINT('Ctrl Pts',(37.5490369055215,146.459280776624,95.5616175133965));
#5437=CARTESIAN_POINT('Ctrl Pts',(37.8403029551404,145.155191996414,95.4986688103346));
#5438=CARTESIAN_POINT('Ctrl Pts',(36.4405237688483,143.706834584967,95.4042457557416));
#5439=CARTESIAN_POINT('Ctrl Pts',(34.4625652864184,144.084060747904,95.3098227011487));
#5440=CARTESIAN_POINT('Ctrl Pts',(33.689620398273,145.941877205543,95.2153996465558));
#5441=CARTESIAN_POINT('Ctrl Pts',(34.8170426261286,147.60968811711,95.1209765919628));
#5442=CARTESIAN_POINT('Ctrl Pts',(36.8298432041908,147.584251059993,95.0265535373699));
#5443=CARTESIAN_POINT('Ctrl Pts',(37.9151022960665,145.88904326578,94.9321304827769));
#5444=CARTESIAN_POINT('Ctrl Pts',(37.0955105399409,144.050513728704,94.837707428184));
#5445=CARTESIAN_POINT('Ctrl Pts',(35.1091592661217,143.724583298096,94.7432843735911));
#5446=CARTESIAN_POINT('Ctrl Pts',(33.7449905073693,145.204727524111,94.6488613189982));
#5447=CARTESIAN_POINT('Ctrl Pts',(34.231576468832,147.15794531849,94.5544382644052));
#5448=CARTESIAN_POINT('Ctrl Pts',(36.1306982032701,147.825140150736,94.4600152098123));
#5449=CARTESIAN_POINT('Ctrl Pts',(37.7319899317163,146.605437486383,94.3655921552194));
#5450=CARTESIAN_POINT('Ctrl Pts',(37.5933167890028,144.597308049324,94.2711691006264));
#5451=CARTESIAN_POINT('Ctrl Pts',(35.8395684481258,143.609290251869,94.1767460460335));
#5452=CARTESIAN_POINT('Ctrl Pts',(34.050184521421,144.531199944739,94.0823229914406));
#5453=CARTESIAN_POINT('Ctrl Pts',(33.8366980019621,146.532758398733,93.9878999368477));
#5454=CARTESIAN_POINT('Ctrl Pts',(35.3913765570037,147.811346343207,93.8934768822547));
#5455=CARTESIAN_POINT('Ctrl Pts',(37.3140645580716,147.215457594641,93.7990538276618));
#5456=CARTESIAN_POINT('Ctrl Pts',(37.8731742376188,145.281754164471,93.7046307730689));
#5457=CARTESIAN_POINT('Ctrl Pts',(36.5651670618575,143.751744427484,93.6102077184759));
#5458=CARTESIAN_POINT('Ctrl Pts',(34.5680444756966,144.003367053319,93.5157846638831));
#5459=CARTESIAN_POINT('Ctrl Pts',(33.6804306225804,145.810008750301,93.42136160929));
#5460=CARTESIAN_POINT('Ctrl Pts',(34.701717447365,147.544593943529,93.3269385546972));
#5461=CARTESIAN_POINT('Ctrl Pts',(36.7121260868161,147.644941708632,93.2325155001042));
#5462=CARTESIAN_POINT('Ctrl Pts',(37.901066873516,146.020678066994,93.1380924455113));
#5463=CARTESIAN_POINT('Ctrl Pts',(37.1977704814831,144.134627495948,93.0436693909184));
#5464=CARTESIAN_POINT('Ctrl Pts',(35.2356311151018,143.685381818689,92.9492463363254));
#5465=CARTESIAN_POINT('Ctrl Pts',(33.7817667588961,145.077535188596,92.8548232817325));
#5466=CARTESIAN_POINT('Ctrl Pts',(34.1455389673623,147.057303445785,92.7604002271396));
#5467=CARTESIAN_POINT('Ctrl Pts',(35.9993316583717,147.841691889288,92.6659771725466));
#5468=CARTESIAN_POINT('Ctrl Pts',(37.6736047064312,146.724274182436,92.5715541179537));
#5469=CARTESIAN_POINT('Ctrl Pts',(37.6604947738525,144.711405407979,92.4771310633608));
#5470=CARTESIAN_POINT('Ctrl Pts',(35.9718087676918,143.615890851899,92.3827080087678));
#5471=CARTESIAN_POINT('Ctrl Pts',(34.1283904485453,144.424359446065,92.2882849541749));
#5472=CARTESIAN_POINT('Ctrl Pts',(33.790436700652,146.408698090021,92.193861899582));
#5473=CARTESIAN_POINT('Ctrl Pts',(35.2623113020747,147.781795940797,92.0994388449891));
#5474=CARTESIAN_POINT('Ctrl Pts',(37.2184325261225,147.307030421734,92.0050157903961));
#5475=CARTESIAN_POINT('Ctrl Pts',(37.8971023850362,145.411978981444,91.9105927358032));
#5476=CARTESIAN_POINT('Ctrl Pts',(36.6871054986825,143.803339850385,91.8161696812103));
#5477=CARTESIAN_POINT('Ctrl Pts',(34.6781745292378,143.929865623351,91.7217466266173));
#5478=CARTESIAN_POINT('Ctrl Pts',(33.6795682393864,145.677606895497,91.6273235720244));
#5479=CARTESIAN_POINT('Ctrl Pts',(34.5906394453709,147.472532812254,91.5329005174314));
#5480=CARTESIAN_POINT('Ctrl Pts',(36.5908698637168,147.698122217847,91.4384774628386));
#5481=CARTESIAN_POINT('Ctrl Pts',(37.8788373951686,146.151200989052,91.3440544082456));
#5482=CARTESIAN_POINT('Ctrl Pts',(37.2945863762963,144.2249522826,91.2496313536527));
#5483=CARTESIAN_POINT('Ctrl Pts',(35.3643022248067,143.654141347957,91.1552082990598));
#5484=CARTESIAN_POINT('Ctrl Pts',(33.8264045553144,144.952907017191,91.0607852444668));
#5485=CARTESIAN_POINT('Ctrl Pts',(34.0659557060555,146.951439480835,90.9663621898739));
#5486=CARTESIAN_POINT('Ctrl Pts',(35.8671724027736,147.850122752286,90.871939135281));
#5487=CARTESIAN_POINT('Ctrl Pts',(37.6079537521581,146.839007323543,90.777516080688));
#5488=CARTESIAN_POINT('Ctrl Pts',(37.7203558229007,144.829954918832,90.6830930260951));
#5489=CARTESIAN_POINT('Ctrl Pts',(36.1035755527975,143.629687909193,90.5886699715021));
#5490=CARTESIAN_POINT('Ctrl Pts',(34.2130549535928,144.32470792736,90.4942469169092));
#5491=CARTESIAN_POINT('Ctrl Pts',(33.9078889681738,145.625614219018,90.4312982138473));
#5492=CARTESIAN_POINT('Ctrl Pts',(34.0622630649654,146.198369946855,90.3998238623163));
#5493=CARTESIAN_POINT('Ctrl Pts',(34.0622630649654,146.198369946855,90.3998238623163));
#5494=CARTESIAN_POINT('Ctrl Pts',(34.0507266926931,146.131814320606,90.3998238623163));
#5495=CARTESIAN_POINT('Ctrl Pts',(34.0432751282198,146.064709154952,90.3998238623163));
#5496=CARTESIAN_POINT('Ctrl Pts',(34.039774584204,145.997377225453,90.3998238623163));
#5497=CARTESIAN_POINT('Ctrl Pts',(34.0365172426014,145.93472322249,90.3998238623163));
#5498=CARTESIAN_POINT('Ctrl Pts',(34.0366818042296,145.871872201621,90.3998238623163));
#5499=CARTESIAN_POINT('Ctrl Pts',(34.0401986206884,145.809092344851,90.3998238623163));
#5500=CARTESIAN_POINT('Ctrl Pts',(34.0410572685328,145.793764337455,90.3998238623163));
#5501=CARTESIAN_POINT('Ctrl Pts',(34.0421160832055,145.778438556295,90.3998238623163));
#5502=CARTESIAN_POINT('Ctrl Pts',(34.0433737993037,145.763125660559,90.3998238623163));
#5503=CARTESIAN_POINT('Ctrl Pts',(34.0488993540493,145.695851143024,90.3998238623163));
#5504=CARTESIAN_POINT('Ctrl Pts',(34.0582466858021,145.628972299232,90.3998238623163));
#5505=CARTESIAN_POINT('Ctrl Pts',(34.0713062850663,145.56282019029,90.3998238623163));
#5506=CARTESIAN_POINT('Ctrl Pts',(34.0799554398558,145.519008751798,90.3998238623163));
#5507=CARTESIAN_POINT('Ctrl Pts',(34.0902339407444,145.475516296161,90.3998238623163));
#5508=CARTESIAN_POINT('Ctrl Pts',(34.1021212338802,145.432444636475,90.3998238623163));
#5509=CARTESIAN_POINT('Ctrl Pts',(34.1090705287668,145.407265004662,90.3998238623163));
#5510=CARTESIAN_POINT('Ctrl Pts',(34.1165697983093,145.382229282008,90.3998238623163));
#5511=CARTESIAN_POINT('Ctrl Pts',(34.1246162128058,145.357358836385,90.3998238623163));
#5512=CARTESIAN_POINT('Ctrl Pts',(34.1285950618157,145.345060719257,90.3998238623163));
#5513=CARTESIAN_POINT('Ctrl Pts',(34.1327054462416,145.332810179968,90.3998238623163));
#5514=CARTESIAN_POINT('Ctrl Pts',(34.1369444121478,145.320615717475,90.3998238623163));
#5515=CARTESIAN_POINT('Ctrl Pts',(34.1594032422203,145.256007186291,90.3998238623163));
#5516=CARTESIAN_POINT('Ctrl Pts',(34.1854849429758,145.19291518676,90.3998238623163));
#5517=CARTESIAN_POINT('Ctrl Pts',(34.2150826808466,145.131688934201,90.3998238623163));
#5518=CARTESIAN_POINT('Ctrl Pts',(34.2428582932806,145.074231953223,90.3998238623163));
#5519=CARTESIAN_POINT('Ctrl Pts',(34.2737312363334,145.018417487566,90.3998238623163));
#5520=CARTESIAN_POINT('Ctrl Pts',(34.3076521640794,144.964565538343,90.3998238623163));
#5521=CARTESIAN_POINT('Ctrl Pts',(34.3407869917959,144.911961580307,90.3998238623163));
#5522=CARTESIAN_POINT('Ctrl Pts',(34.376830652929,144.861229632494,90.3998238623163));
#5523=CARTESIAN_POINT('Ctrl Pts',(34.4157662038398,144.812707564617,90.3998238623163));
#5524=CARTESIAN_POINT('Ctrl Pts',(34.4227691384559,144.803980402401,90.3998238623163));
#5525=CARTESIAN_POINT('Ctrl Pts',(34.4298656909583,144.795324847629,90.3998238623163));
#5526=CARTESIAN_POINT('Ctrl Pts',(34.4370558474828,144.786743028995,90.3998238623163));
#5527=CARTESIAN_POINT('Ctrl Pts',(34.4442439957847,144.778163607278,90.3998238623163));
#5528=CARTESIAN_POINT('Ctrl Pts',(34.4515202833467,144.769664386129,90.3998238623163));
#5529=CARTESIAN_POINT('Ctrl Pts',(34.4588816281064,144.761250123297,90.3998238623163));
#5530=CARTESIAN_POINT('Ctrl Pts',(34.4952874031484,144.719637106952,90.3998238623163));
#5531=CARTESIAN_POINT('Ctrl Pts',(34.5337926517392,144.680075126569,90.3998238623163));
#5532=CARTESIAN_POINT('Ctrl Pts',(34.5743582759591,144.642770952784,90.3998238623163));
#5533=CARTESIAN_POINT('Ctrl Pts',(34.6215018153864,144.599417724,90.3998238623163));
#5534=CARTESIAN_POINT('Ctrl Pts',(34.6714283980277,144.559112561351,90.3998238623163));
#5535=CARTESIAN_POINT('Ctrl Pts',(34.7237759542606,144.521950784971,90.3998238623163));
#5536=CARTESIAN_POINT('Ctrl Pts',(34.7695800659644,144.489434230639,90.3998238623163));
#5537=CARTESIAN_POINT('Ctrl Pts',(34.8172387517817,144.459324984807,90.3998238623163));
#5538=CARTESIAN_POINT('Ctrl Pts',(34.8665180931291,144.431720278325,90.3998238623163));
#5539=CARTESIAN_POINT('Ctrl Pts',(34.8838380840117,144.422018174938,90.3998238623163));
#5540=CARTESIAN_POINT('Ctrl Pts',(34.9013582936866,144.412625742228,90.3998238623163));
#5541=CARTESIAN_POINT('Ctrl Pts',(34.9190685587275,144.403548158364,90.3998238623163));
#5542=CARTESIAN_POINT('Ctrl Pts',(34.9285389271853,144.398694020738,90.3998238623163));
#5543=CARTESIAN_POINT('Ctrl Pts',(34.9380626214068,144.393930536828,90.3998238623163));
#5544=CARTESIAN_POINT('Ctrl Pts',(34.9476265595674,144.389263824001,90.3998238623163));
#5545=CARTESIAN_POINT('Ctrl Pts',(35.0033907950774,144.362053728244,90.3998238623163));
#5546=CARTESIAN_POINT('Ctrl Pts',(35.0606253071126,144.338075831785,90.3998238623163));
#5547=CARTESIAN_POINT('Ctrl Pts',(35.1189993176593,144.317407133997,90.3998238623163));
#5548=CARTESIAN_POINT('Ctrl Pts',(35.1770363708827,144.296857743912,90.3998238623163));
#5549=CARTESIAN_POINT('Ctrl Pts',(35.2362009548827,144.279579354329,90.3998238623163));
#5550=CARTESIAN_POINT('Ctrl Pts',(35.2961736992697,144.265698291699,90.3998238623163));
#5551=CARTESIAN_POINT('Ctrl Pts',(35.3550074633934,144.252080853095,90.3998238623163));
#5552=CARTESIAN_POINT('Ctrl Pts',(35.4146199774742,144.241732942526,90.3998238623163));
#5553=CARTESIAN_POINT('Ctrl Pts',(35.4746994701373,144.234823180492,90.3998238623163));
#5554=CARTESIAN_POINT('Ctrl Pts',(35.4857997198024,144.233546537159,90.3998238623163));
#5555=CARTESIAN_POINT('Ctrl Pts',(35.4969174201668,144.232387251584,90.3998238623163));
#5556=CARTESIAN_POINT('Ctrl Pts',(35.508045646565,144.231347027562,90.3998238623163));
#5557=CARTESIAN_POINT('Ctrl Pts',(35.5672090289532,144.225816660966,90.3998238623163));
#5558=CARTESIAN_POINT('Ctrl Pts',(35.626424658757,144.223669468879,90.3998238623163));
#5559=CARTESIAN_POINT('Ctrl Pts',(35.6854010362759,144.225004854653,90.3998238623163));
#5560=CARTESIAN_POINT('Ctrl Pts',(35.7424234486162,144.226295997335,90.3998238623163));
#5561=CARTESIAN_POINT('Ctrl Pts',(35.7992230379211,144.230842957361,90.3998238623163));
#5562=CARTESIAN_POINT('Ctrl Pts',(35.8555245388042,144.238781544477,90.3998238623163));
#5563=CARTESIAN_POINT('Ctrl Pts',(35.9078838709873,144.246164280522,90.3998238623163));
#5564=CARTESIAN_POINT('Ctrl Pts',(35.95981283631,144.256480709198,90.3998238623163));
#5565=CARTESIAN_POINT('Ctrl Pts',(36.0110712945482,144.269876008501,90.3998238623163));
#5566=CARTESIAN_POINT('Ctrl Pts',(36.0330292958019,144.275614261445,90.3998238623163));
#5567=CARTESIAN_POINT('Ctrl Pts',(36.054863968459,144.281917991473,90.3998238623163));
#5568=CARTESIAN_POINT('Ctrl Pts',(36.0765585258089,144.288776420955,90.3998238623163));
#5569=CARTESIAN_POINT('Ctrl Pts',(36.9077203444753,146.688739087779,95.3998238623163));
#5570=CARTESIAN_POINT('Ctrl Pts',(36.9491062344337,146.650573117263,95.3998238623163));
#5571=CARTESIAN_POINT('Ctrl Pts',(36.9879472551705,146.609981518089,95.3998238623162));
#5572=CARTESIAN_POINT('Ctrl Pts',(37.0242412917781,146.567297635525,95.3998238623162));
#5573=CARTESIAN_POINT('Ctrl Pts',(37.0621338842469,146.522733758971,95.3998238623162));
#5574=CARTESIAN_POINT('Ctrl Pts',(37.0972507906316,146.475888817961,95.3998238623163));
#5575=CARTESIAN_POINT('Ctrl Pts',(37.1295626460795,146.427091688248,95.3998238623163));
#5576=CARTESIAN_POINT('Ctrl Pts',(37.1569597530973,146.385716775964,95.3998238623163));
#5577=CARTESIAN_POINT('Ctrl Pts',(37.1823399144928,146.342937231021,95.3998238623162));
#5578=CARTESIAN_POINT('Ctrl Pts',(37.2056662001225,146.29893109411,95.3998238623162));
#5579=CARTESIAN_POINT('Ctrl Pts',(37.2182244560465,146.275239352599,95.3998238623162));
#5580=CARTESIAN_POINT('Ctrl Pts',(37.2301870843818,146.251191772996,95.3998238623162));
#5581=CARTESIAN_POINT('Ctrl Pts',(37.2415458976469,146.226814284035,95.3998238623162));
#5582=CARTESIAN_POINT('Ctrl Pts',(37.2456926167123,146.217914886195,95.3998238623162));
#5583=CARTESIAN_POINT('Ctrl Pts',(37.2497573990853,146.208974489047,95.3998238623162));
#5584=CARTESIAN_POINT('Ctrl Pts',(37.2537366099398,146.200002328683,95.3998238623162));
#5585=CARTESIAN_POINT('Ctrl Pts',(37.27839244591,146.144409367586,95.3998238623162));
#5586=CARTESIAN_POINT('Ctrl Pts',(37.2998064737457,146.087513388449,95.3998238623162));
#5587=CARTESIAN_POINT('Ctrl Pts',(37.3179508977085,146.029659674929,95.3998238623162));
#5588=CARTESIAN_POINT('Ctrl Pts',(37.3364301218439,145.970738447041,95.3998238623162));
#5589=CARTESIAN_POINT('Ctrl Pts',(37.3515185523437,145.910822938111,95.3998238623162));
#5590=CARTESIAN_POINT('Ctrl Pts',(37.3631469495727,145.85024209581,95.3998238623162));
#5591=CARTESIAN_POINT('Ctrl Pts',(37.3720702220288,145.80375423073,95.3998238623162));
#5592=CARTESIAN_POINT('Ctrl Pts',(37.3789552888195,145.75687371628,95.3998238623162));
#5593=CARTESIAN_POINT('Ctrl Pts',(37.383752109629,145.709740436303,95.3998238623162));
#5594=CARTESIAN_POINT('Ctrl Pts',(37.3853058285746,145.694473685057,95.3998238623162));
#5595=CARTESIAN_POINT('Ctrl Pts',(37.3866403218007,145.679180375879,95.3998238623163));
#5596=CARTESIAN_POINT('Ctrl Pts',(37.3877534824049,145.663865175081,95.3998238623163));
#5597=CARTESIAN_POINT('Ctrl Pts',(37.388913347498,145.647907399776,95.3998238623163));
#5598=CARTESIAN_POINT('Ctrl Pts',(37.3898330389925,145.631919220558,95.3998238623163));
#5599=CARTESIAN_POINT('Ctrl Pts',(37.3905088992184,145.615941715392,95.3998238623163));
#5600=CARTESIAN_POINT('Ctrl Pts',(37.3931979595422,145.552371655237,95.3998238623163));
#5601=CARTESIAN_POINT('Ctrl Pts',(37.3920397619157,145.488891368041,95.3998238623162));
#5602=CARTESIAN_POINT('Ctrl Pts',(37.386975754227,145.425848690925,95.3998238623162));
#5603=CARTESIAN_POINT('Ctrl Pts',(37.3832203898735,145.379097533158,95.3998238623162));
#5604=CARTESIAN_POINT('Ctrl Pts',(37.3773162227289,145.332586268655,95.3998238623163));
#5605=CARTESIAN_POINT('Ctrl Pts',(37.3692219615572,145.286450425453,95.3998238623163));
#5606=CARTESIAN_POINT('Ctrl Pts',(37.358594933236,145.225878261802,95.3998238623163));
#5607=CARTESIAN_POINT('Ctrl Pts',(37.3441949035013,145.165952622446,95.3998238623162));
#5608=CARTESIAN_POINT('Ctrl Pts',(37.3262561088816,145.106884684612,95.3998238623162));
#5609=CARTESIAN_POINT('Ctrl Pts',(37.3177603494116,145.078910285948,95.3998238623162));
#5610=CARTESIAN_POINT('Ctrl Pts',(37.308470099288,145.051128304327,95.3998238623163));
#5611=CARTESIAN_POINT('Ctrl Pts',(37.2984063135712,145.0235617695,95.3998238623163));
#5612=CARTESIAN_POINT('Ctrl Pts',(37.2947821369536,145.013634492255,95.3998238623163));
#5613=CARTESIAN_POINT('Ctrl Pts',(37.2910610152689,145.003744463646,95.3998238623162));
#5614=CARTESIAN_POINT('Ctrl Pts',(37.2872445042586,144.993892845827,95.3998238623162));
#5615=CARTESIAN_POINT('Ctrl Pts',(37.264285906734,144.934629469448,95.3998238623162));
#5616=CARTESIAN_POINT('Ctrl Pts',(37.237879279996,144.876754520121,95.3998238623162));
#5617=CARTESIAN_POINT('Ctrl Pts',(37.2083185028387,144.82048648773,95.3998238623162));
#5618=CARTESIAN_POINT('Ctrl Pts',(37.1780852317122,144.7629383837,95.3998238623162));
#5619=CARTESIAN_POINT('Ctrl Pts',(37.1445523463046,144.70707027081,95.3998238623162));
#5620=CARTESIAN_POINT('Ctrl Pts',(37.1079787079145,144.653120716095,95.3998238623162));
#5621=CARTESIAN_POINT('Ctrl Pts',(37.0844298680046,144.61838396353,95.3998238623162));
#5622=CARTESIAN_POINT('Ctrl Pts',(37.0596192936388,144.584442726822,95.3998238623163));
#5623=CARTESIAN_POINT('Ctrl Pts',(37.0336053588847,144.551364359148,95.3998238623163));
#5624=CARTESIAN_POINT('Ctrl Pts',(37.0129957541842,144.525157939845,95.3998238623163));
#5625=CARTESIAN_POINT('Ctrl Pts',(36.9916306716393,144.499493154459,95.3998238623162));
#5626=CARTESIAN_POINT('Ctrl Pts',(36.9695358481568,144.474405525759,95.3998238623162));
#5627=CARTESIAN_POINT('Ctrl Pts',(36.9615333050434,144.46531901595,95.3998238623162));
#5628=CARTESIAN_POINT('Ctrl Pts',(36.9534353042266,144.456308713438,95.3998238623162));
#5629=CARTESIAN_POINT('Ctrl Pts',(36.945252342358,144.447386131729,95.3998238623162));
#5630=CARTESIAN_POINT('Ctrl Pts',(36.8994966299466,144.397494773412,95.3998238623162));
#5631=CARTESIAN_POINT('Ctrl Pts',(36.85101728464,144.350262654855,95.3998238623162));
#5632=CARTESIAN_POINT('Ctrl Pts',(36.8000814324861,144.305950754829,95.3998238623162));
#5633=CARTESIAN_POINT('Ctrl Pts',(36.7658251032942,144.276149289452,95.3998238623162));
#5634=CARTESIAN_POINT('Ctrl Pts',(36.7304565855584,144.247668959164,95.3998238623162));
#5635=CARTESIAN_POINT('Ctrl Pts',(36.6940457702632,144.220595984253,95.3998238623162));
#5636=CARTESIAN_POINT('Ctrl Pts',(36.6802179396543,144.210314409723,95.3998238623162));
#5637=CARTESIAN_POINT('Ctrl Pts',(36.666239696124,144.200235884268,95.3998238623162));
#5638=CARTESIAN_POINT('Ctrl Pts',(36.6521145701233,144.19036541195,95.3998238623162));
#5639=CARTESIAN_POINT('Ctrl Pts',(36.6411653662806,144.182714236772,95.3998238623162));
#5640=CARTESIAN_POINT('Ctrl Pts',(36.6301304660855,144.175189951537,95.3998238623162));
#5641=CARTESIAN_POINT('Ctrl Pts',(36.6190189615695,144.167799449647,95.3998238623162));
#5642=CARTESIAN_POINT('Ctrl Pts',(36.5622167889701,144.130019096559,95.3998238623162));
#5643=CARTESIAN_POINT('Ctrl Pts',(36.5033618060857,144.095694224258,95.3998238623162));
#5644=CARTESIAN_POINT('Ctrl Pts',(36.4427003604884,144.065100271779,95.3998238623162));
#5645=CARTESIAN_POINT('Ctrl Pts',(36.4096083409409,144.048410665003,95.3998238623162));
#5646=CARTESIAN_POINT('Ctrl Pts',(36.3759780138336,144.032831878423,95.3998238623162));
#5647=CARTESIAN_POINT('Ctrl Pts',(36.3418448449527,144.018413402409,95.3998238623162));
#5648=CARTESIAN_POINT('Ctrl Pts',(36.3163255001742,144.007633563541,95.3998238623162));
#5649=CARTESIAN_POINT('Ctrl Pts',(36.2905250179719,143.997502366648,95.3998238623162));
#5650=CARTESIAN_POINT('Ctrl Pts',(36.2644662386151,143.98801357299,95.3998238623162));
#5651=CARTESIAN_POINT('Ctrl Pts',(34.3351924155615,145.728723787631,94.4316965305518));
#5652=CARTESIAN_POINT('Ctrl Pts',(34.3341234038447,145.606486647359,94.4396621258302));
#5653=CARTESIAN_POINT('Ctrl Pts',(34.3481728929277,145.484491751709,94.4476277211085));
#5654=CARTESIAN_POINT('Ctrl Pts',(34.3783046001659,145.366607650561,94.4555933163869));
#5655=CARTESIAN_POINT('Ctrl Pts',(34.4973636174395,144.900813756976,94.4870676679179));
#5656=CARTESIAN_POINT('Ctrl Pts',(34.8675089582873,144.499200330832,94.5185420194489));
#5657=CARTESIAN_POINT('Ctrl Pts',(35.3220639286736,144.342611618485,94.5500163709799));
#5658=CARTESIAN_POINT('Ctrl Pts',(35.77661889906,144.186022906139,94.5814907225108));
#5659=CARTESIAN_POINT('Ctrl Pts',(36.315583498985,144.274458907591,94.6129650740418));
#5660=CARTESIAN_POINT('Ctrl Pts',(36.6962573461739,144.568104678083,94.6444394255728));
#5661=CARTESIAN_POINT('Ctrl Pts',(37.0769311933628,144.861750448575,94.6759137771037));
#5662=CARTESIAN_POINT('Ctrl Pts',(37.2993142878156,145.360605988107,94.7073881286347));
#5663=CARTESIAN_POINT('Ctrl Pts',(37.2632719998243,145.84001749807,94.7388624801657));
#5664=CARTESIAN_POINT('Ctrl Pts',(37.227229711833,146.319429008033,94.7703368316967));
#5665=CARTESIAN_POINT('Ctrl Pts',(36.9327620413977,146.779396488428,94.8018111832277));
#5666=CARTESIAN_POINT('Ctrl Pts',(36.5124576087025,147.012831197619,94.8332855347587));
#5667=CARTESIAN_POINT('Ctrl Pts',(36.0921531760073,147.24626590681,94.8647598862897));
#5668=CARTESIAN_POINT('Ctrl Pts',(35.5460119810522,147.253167844798,94.8962342378206));
#5669=CARTESIAN_POINT('Ctrl Pts',(35.1199874025766,147.030351926219,94.9277085893516));
#5670=CARTESIAN_POINT('Ctrl Pts',(34.6939628241009,146.807536007641,94.9591829408826));
#5671=CARTESIAN_POINT('Ctrl Pts',(34.3880548621046,146.355002232497,94.9906572924135));
#5672=CARTESIAN_POINT('Ctrl Pts',(34.3399639881244,145.876690976684,95.0221316439445));
#5673=CARTESIAN_POINT('Ctrl Pts',(34.3350924685739,145.828238901663,95.0253199394803));
#5674=CARTESIAN_POINT('Ctrl Pts',(34.3328664946672,145.779522315464,95.0285082350161));
#5675=CARTESIAN_POINT('Ctrl Pts',(34.3331880079168,145.730776804873,95.0316965305518));
#5676=CARTESIAN_POINT('Ctrl Pts',(35.336751804829,143.990890695738,95.3998238623163));
#5677=CARTESIAN_POINT('Ctrl Pts',(34.7635437459634,144.143576670148,95.3683495107853));
#5678=CARTESIAN_POINT('Ctrl Pts',(33.7895086375665,145.058309648005,95.3054008077233));
#5679=CARTESIAN_POINT('Ctrl Pts',(34.1328643254106,147.043060254839,95.2109777531304));
#5680=CARTESIAN_POINT('Ctrl Pts',(35.9807159886788,147.843098978567,95.1165546985374));
#5681=CARTESIAN_POINT('Ctrl Pts',(37.664405170028,146.741230215991,95.0221316439446));
#5682=CARTESIAN_POINT('Ctrl Pts',(37.6696661784083,144.728111677618,94.9277085893516));
#5683=CARTESIAN_POINT('Ctrl Pts',(35.9907754413859,143.617554107714,94.8332855347587));
#5684=CARTESIAN_POINT('Ctrl Pts',(34.1402201985515,144.409362825745,94.7388624801657));
#5685=CARTESIAN_POINT('Ctrl Pts',(33.7844049981005,146.390603921298,94.6444394255729));
#5686=CARTESIAN_POINT('Ctrl Pts',(35.2438836929373,147.776873404444,94.5500163709798));
#5687=CARTESIAN_POINT('Ctrl Pts',(37.2041893019644,147.31972533105,94.455593316387));
#5688=CARTESIAN_POINT('Ctrl Pts',(37.8998785449836,145.430852315298,94.361170261794));
#5689=CARTESIAN_POINT('Ctrl Pts',(36.7043973073959,143.811396838154,94.266747207201));
#5690=CARTESIAN_POINT('Ctrl Pts',(34.694410479328,143.919848975053,94.1723241526082));
#5691=CARTESIAN_POINT('Ctrl Pts',(33.6801253921876,145.658537839846,94.0779010980152));
#5692=CARTESIAN_POINT('Ctrl Pts',(34.5750162471487,147.46158578615,93.9834780434223));
#5693=CARTESIAN_POINT('Ctrl Pts',(36.5731368283095,147.705154236595,93.8890549888294));
#5694=CARTESIAN_POINT('Ctrl Pts',(37.8749644476045,146.169883342971,93.7946319342364));
#5695=CARTESIAN_POINT('Ctrl Pts',(37.3080628969021,144.238450118344,93.7002088796435));
#5696=CARTESIAN_POINT('Ctrl Pts',(35.3829881826522,143.650318310976,93.6057858250506));
#5697=CARTESIAN_POINT('Ctrl Pts',(33.8334775479169,144.935164025711,93.5113627704577));
#5698=CARTESIAN_POINT('Ctrl Pts',(34.055032342946,146.935845201734,93.4169397158647));
#5699=CARTESIAN_POINT('Ctrl Pts',(35.8481185888998,147.850532805642,93.3225166612718));
#5700=CARTESIAN_POINT('Ctrl Pts',(37.5978688601116,146.855452060123,93.2280936066788));
#5701=CARTESIAN_POINT('Ctrl Pts',(37.7284444428074,144.846780430305,93.1336705520859));
#5702=CARTESIAN_POINT('Ctrl Pts',(36.1222479515944,143.633543218815,93.039247497493));
#5703=CARTESIAN_POINT('Ctrl Pts',(34.2258324470511,144.308391301084,92.9448244429001));
#5704=CARTESIAN_POINT('Ctrl Pts',(33.74712449235,146.263551241826,92.8504013883071));
#5705=CARTESIAN_POINT('Ctrl Pts',(35.1172521971842,147.738190781603,92.7559783337142));
#5706=CARTESIAN_POINT('Ctrl Pts',(37.1022678869948,147.404238073899,92.6615552791212));
#5707=CARTESIAN_POINT('Ctrl Pts',(37.914450982371,145.562453526348,92.5671322245284));
#5708=CARTESIAN_POINT('Ctrl Pts',(36.822343066346,143.871562637057,92.4727091699354));
#5709=CARTESIAN_POINT('Ctrl Pts',(34.8095050281374,143.854394900703,92.3782861153425));
#5710=CARTESIAN_POINT('Ctrl Pts',(33.6887144701491,145.526411714863,92.2838630607496));
#5711=CARTESIAN_POINT('Ctrl Pts',(34.4693640931057,147.38178172226,92.1894400061566));
#5712=CARTESIAN_POINT('Ctrl Pts',(36.4483947683414,147.749544256747,92.0950169515637));
#5713=CARTESIAN_POINT('Ctrl Pts',(37.8434760723998,146.298489511778,92.0005938969707));
#5714=CARTESIAN_POINT('Ctrl Pts',(37.3981869138479,144.335448696216,91.9061708423778));
#5715=CARTESIAN_POINT('Ctrl Pts',(35.5135581982188,143.628351621123,91.8117477877849));
#5716=CARTESIAN_POINT('Ctrl Pts',(33.8869011645809,144.81401546981,91.7173247331919));
#5717=CARTESIAN_POINT('Ctrl Pts',(33.9831959036512,146.824622037525,91.6229016785991));
#5718=CARTESIAN_POINT('Ctrl Pts',(35.7157183994865,147.849403643716,91.5284786240061));
#5719=CARTESIAN_POINT('Ctrl Pts',(37.5241458832705,146.965433484465,91.4340555694132));
#5720=CARTESIAN_POINT('Ctrl Pts',(37.7797934831322,144.968823051834,91.3396325148202));
#5721=CARTESIAN_POINT('Ctrl Pts',(36.2524251078432,143.65773294126,91.2452094602273));
#5722=CARTESIAN_POINT('Ctrl Pts',(34.3175961030079,144.212945976533,91.1507864056344));
#5723=CARTESIAN_POINT('Ctrl Pts',(33.7178380522592,146.134422680101,91.0563633510414));
#5724=CARTESIAN_POINT('Ctrl Pts',(34.9932775722145,147.691687966274,90.9619402964486));
#5725=CARTESIAN_POINT('Ctrl Pts',(36.9952865441889,147.482210493234,90.8675172418555));
#5726=CARTESIAN_POINT('Ctrl Pts',(37.920749865473,145.694744858966,90.7730941872627));
#5727=CARTESIAN_POINT('Ctrl Pts',(36.936378913657,143.938890066521,90.6786711326697));
#5728=CARTESIAN_POINT('Ctrl Pts',(34.9283012258617,143.796419271164,90.5842480780767));
#5729=CARTESIAN_POINT('Ctrl Pts',(33.7058579241289,145.394717241939,90.4898250234838));
#5730=CARTESIAN_POINT('Ctrl Pts',(34.368149183266,147.296292382968,90.3954019688909));
#5731=CARTESIAN_POINT('Ctrl Pts',(36.3223547883826,147.784358518476,90.300978914298));
#5732=CARTESIAN_POINT('Ctrl Pts',(37.3060941318085,146.880070004027,90.238030211236));
#5733=CARTESIAN_POINT('Ctrl Pts',(37.50042907986,146.31961089446,90.206555859705));
#5734=CARTESIAN_POINT('Ctrl Pts',(35.3654728926344,144.098714345245,95.4642465298533));
#5735=CARTESIAN_POINT('Ctrl Pts',(34.8278033618432,144.241933888219,95.4327721783223));
#5736=CARTESIAN_POINT('Ctrl Pts',(33.9141577987601,145.099954014414,95.3698234752604));
#5737=CARTESIAN_POINT('Ctrl Pts',(34.2362256565341,146.961651370214,95.2754004206675));
#5738=CARTESIAN_POINT('Ctrl Pts',(35.9695117145277,147.712088211688,95.1809773660745));
#5739=CARTESIAN_POINT('Ctrl Pts',(37.5488132580649,146.678534598117,95.0865543114817));
#5740=CARTESIAN_POINT('Ctrl Pts',(37.553748087336,144.790228104143,94.9921312568886));
#5741=CARTESIAN_POINT('Ctrl Pts',(35.9789474876879,143.748524383667,94.8977082022958));
#5742=CARTESIAN_POINT('Ctrl Pts',(34.2431254703087,144.491241474462,94.8032851477028));
#5743=CARTESIAN_POINT('Ctrl Pts',(33.9093705816326,146.349646906406,94.7088620931099));
#5744=CARTESIAN_POINT('Ctrl Pts',(35.2783625434793,147.64996858023,94.6144390385169));
#5745=CARTESIAN_POINT('Ctrl Pts',(37.1171304754917,147.221163391046,94.520015983924));
#5746=CARTESIAN_POINT('Ctrl Pts',(37.7696874364161,145.449399277831,94.4255929293311));
#5747=CARTESIAN_POINT('Ctrl Pts',(36.6483252606022,143.930348990476,94.3311698747381));
#5748=CARTESIAN_POINT('Ctrl Pts',(34.7629563129243,144.032077165191,94.2367468201452));
#5749=CARTESIAN_POINT('Ctrl Pts',(33.8115562436883,145.662968447451,94.1423237655523));
#5750=CARTESIAN_POINT('Ctrl Pts',(34.6509644457442,147.354228589889,94.0479007109593));
#5751=CARTESIAN_POINT('Ctrl Pts',(36.5252028461312,147.582695954297,93.9534776563665));
#5752=CARTESIAN_POINT('Ctrl Pts',(37.7463179969241,146.142610860856,93.8590546017735));
#5753=CARTESIAN_POINT('Ctrl Pts',(37.2145639748781,144.330925244127,93.7646315471805));
#5754=CARTESIAN_POINT('Ctrl Pts',(35.4088426450048,143.779257227566,93.6702084925877));
#5755=CARTESIAN_POINT('Ctrl Pts',(33.9554006651711,144.984443340873,93.5757854379947));
#5756=CARTESIAN_POINT('Ctrl Pts',(34.1632192065287,146.861083580902,93.4813623834018));
#5757=CARTESIAN_POINT('Ctrl Pts',(35.8451352675803,147.719061146303,93.3869393288088));
#5758=CARTESIAN_POINT('Ctrl Pts',(37.4864021562319,146.785674761956,93.2925162742159));
#5759=CARTESIAN_POINT('Ctrl Pts',(37.6088821374446,144.901539471089,93.1980932196229));
#5760=CARTESIAN_POINT('Ctrl Pts',(36.102268787489,143.763522180245,93.1036701650301));
#5761=CARTESIAN_POINT('Ctrl Pts',(34.3234298148984,144.396530118876,93.0092471104371));
#5762=CARTESIAN_POINT('Ctrl Pts',(33.874401443072,146.230471410701,92.9148240558442));
#5763=CARTESIAN_POINT('Ctrl Pts',(35.1595821183756,147.613684254929,92.8204010012512));
#5764=CARTESIAN_POINT('Ctrl Pts',(37.0215281221809,147.300436398622,92.7259779466584));
#5765=CARTESIAN_POINT('Ctrl Pts',(37.7833563921318,145.572841299104,92.6315548920654));
#5766=CARTESIAN_POINT('Ctrl Pts',(36.7589584589544,143.98678454885,92.5371318374724));
#5767=CARTESIAN_POINT('Ctrl Pts',(34.8709150743163,143.970681201021,92.4427087828795));
#5768=CARTESIAN_POINT('Ctrl Pts',(33.819612804384,145.539034056568,92.3482857282866));
#5769=CARTESIAN_POINT('Ctrl Pts',(34.5518626567642,147.279372326228,92.2538626736937));
#5770=CARTESIAN_POINT('Ctrl Pts',(36.4081947130185,147.624333821974,92.1594396191007));
#5771=CARTESIAN_POINT('Ctrl Pts',(37.7167818805702,146.263243530564,92.0650165645078));
#5772=CARTESIAN_POINT('Ctrl Pts',(37.2991003611951,144.42190997305,91.9705935099148));
#5773=CARTESIAN_POINT('Ctrl Pts',(35.5313174042467,143.758652458244,91.876170455322));
#5774=CARTESIAN_POINT('Ctrl Pts',(34.0055120522332,144.870805916906,91.781747400729));
#5775=CARTESIAN_POINT('Ctrl Pts',(34.0958365799031,146.756756180775,91.6873243461361));
#5776=CARTESIAN_POINT('Ctrl Pts',(35.7209438040838,147.718001991684,91.5929012915431));
#5777=CARTESIAN_POINT('Ctrl Pts',(37.4172499561649,146.888837409283,91.4984782369503));
#5778=CARTESIAN_POINT('Ctrl Pts',(37.6570475705557,145.016015529197,91.4040551823573));
#5779=CARTESIAN_POINT('Ctrl Pts',(36.2243750444362,143.78621215558,91.3096321277644));
#5780=CARTESIAN_POINT('Ctrl Pts',(34.4095041836706,144.307002342576,91.2152090731715));
#5781=CARTESIAN_POINT('Ctrl Pts',(33.8469307432823,146.109348736097,91.1207860185785));
#5782=CARTESIAN_POINT('Ctrl Pts',(35.043293839789,147.570064584006,91.0263629639856));
#5783=CARTESIAN_POINT('Ctrl Pts',(36.9211795532796,147.373574578504,90.9319399093926));
#5784=CARTESIAN_POINT('Ctrl Pts',(37.7892647485647,145.696930654856,90.8375168547998));
#5785=CARTESIAN_POINT('Ctrl Pts',(36.8659241576545,144.049937721331,90.7430938002067));
#5786=CARTESIAN_POINT('Ctrl Pts',(34.9823459847899,143.916300022931,90.6486707456139));
#5787=CARTESIAN_POINT('Ctrl Pts',(33.8356933753301,145.415504555596,90.5542476910209));
#5788=CARTESIAN_POINT('Ctrl Pts',(34.4569230057231,147.199183270554,90.459824636428));
#5789=CARTESIAN_POINT('Ctrl Pts',(36.2899691301131,147.656989622045,90.365401581835));
#5790=CARTESIAN_POINT('Ctrl Pts',(37.2127172719441,146.808766409296,90.3024528787731));
#5791=CARTESIAN_POINT('Ctrl Pts',(37.3950035791918,146.283055401212,90.2709785272421));
#5792=CARTESIAN_POINT('Ctrl Pts',(35.3941939804398,144.206537994752,95.5286691973904));
#5793=CARTESIAN_POINT('Ctrl Pts',(34.8920629777229,144.340291106289,95.4971948458594));
#5794=CARTESIAN_POINT('Ctrl Pts',(34.0388069599537,145.141598380822,95.4342461427975));
#5795=CARTESIAN_POINT('Ctrl Pts',(34.3395869876577,146.88024248559,95.3398230882046));
#5796=CARTESIAN_POINT('Ctrl Pts',(35.9583074403767,147.581077444808,95.2454000336116));
#5797=CARTESIAN_POINT('Ctrl Pts',(37.4332213461018,146.615838980244,95.1509769790187));
#5798=CARTESIAN_POINT('Ctrl Pts',(37.4378299962637,144.852344530668,95.0565539244258));
#5799=CARTESIAN_POINT('Ctrl Pts',(35.9671195339899,143.879494659621,94.9621308698328));
#5800=CARTESIAN_POINT('Ctrl Pts',(34.3460307420659,144.573120123178,94.8677078152399));
#5801=CARTESIAN_POINT('Ctrl Pts',(34.0343361651648,146.308689891514,94.773284760647));
#5802=CARTESIAN_POINT('Ctrl Pts',(35.3128413940214,147.523063756015,94.678861706054));
#5803=CARTESIAN_POINT('Ctrl Pts',(37.0300716490191,147.122601451042,94.5844386514611));
#5804=CARTESIAN_POINT('Ctrl Pts',(37.6394963278485,145.467946240363,94.4900155968682));
#5805=CARTESIAN_POINT('Ctrl Pts',(36.5922532138086,144.049301142799,94.3955925422752));
#5806=CARTESIAN_POINT('Ctrl Pts',(34.8315021465206,144.144305355328,94.3011694876824));
#5807=CARTESIAN_POINT('Ctrl Pts',(33.942987095189,145.667399055057,94.2067464330893));
#5808=CARTESIAN_POINT('Ctrl Pts',(34.7269126443397,147.246871393627,94.1123233784965));
#5809=CARTESIAN_POINT('Ctrl Pts',(36.4772688639528,147.460237671998,94.0179003239035));
#5810=CARTESIAN_POINT('Ctrl Pts',(37.6176715462438,146.115338378741,93.9234772693106));
#5811=CARTESIAN_POINT('Ctrl Pts',(37.1210650528541,144.42340036991,93.8290542147176));
#5812=CARTESIAN_POINT('Ctrl Pts',(35.4346971073573,143.908196144157,93.7346311601248));
#5813=CARTESIAN_POINT('Ctrl Pts',(34.0773237824253,145.033722656036,93.6402081055317));
#5814=CARTESIAN_POINT('Ctrl Pts',(34.2714060701114,146.786321960069,93.5457850509388));
#5815=CARTESIAN_POINT('Ctrl Pts',(35.8421519462609,147.587589486963,93.451361996346));
#5816=CARTESIAN_POINT('Ctrl Pts',(37.3749354523522,146.71589746379,93.356938941753));
#5817=CARTESIAN_POINT('Ctrl Pts',(37.4893198320819,144.956298511874,93.2625158871601));
#5818=CARTESIAN_POINT('Ctrl Pts',(36.0822896233836,143.893501141675,93.1680928325672));
#5819=CARTESIAN_POINT('Ctrl Pts',(34.4210271827458,144.484668936668,93.0736697779743));
#5820=CARTESIAN_POINT('Ctrl Pts',(34.001678393794,146.197391579576,92.9792467233812));
#5821=CARTESIAN_POINT('Ctrl Pts',(35.201912039567,147.489177728256,92.8848236687884));
#5822=CARTESIAN_POINT('Ctrl Pts',(36.940788357367,147.196634723346,92.7904006141955));
#5823=CARTESIAN_POINT('Ctrl Pts',(37.6522618018927,145.58322907186,92.6959775596025));
#5824=CARTESIAN_POINT('Ctrl Pts',(36.6955738515627,144.102006460642,92.6015545050095));
#5825=CARTESIAN_POINT('Ctrl Pts',(34.9323251204951,144.086967501338,92.5071314504166));
#5826=CARTESIAN_POINT('Ctrl Pts',(33.9505111386188,145.551656398273,92.4127083958237));
#5827=CARTESIAN_POINT('Ctrl Pts',(34.6343612204226,147.176962930196,92.3182853412308));
#5828=CARTESIAN_POINT('Ctrl Pts',(36.3679946576955,147.499123387202,92.2238622866379));
#5829=CARTESIAN_POINT('Ctrl Pts',(37.5900876887407,146.22799754935,92.1294392320448));
#5830=CARTESIAN_POINT('Ctrl Pts',(37.2000138085423,144.508371249883,92.035016177452));
#5831=CARTESIAN_POINT('Ctrl Pts',(35.5490766102746,143.888953295366,91.940593122859));
#5832=CARTESIAN_POINT('Ctrl Pts',(34.1241229398854,144.927596364002,91.8461700682661));
#5833=CARTESIAN_POINT('Ctrl Pts',(34.2084772561549,146.688890324024,91.7517470136732));
#5834=CARTESIAN_POINT('Ctrl Pts',(35.7261692086811,147.586600339652,91.6573239590802));
#5835=CARTESIAN_POINT('Ctrl Pts',(37.3103540290594,146.812241334102,91.5629009044873));
#5836=CARTESIAN_POINT('Ctrl Pts',(37.5343016579793,145.063208006559,91.4684778498944));
#5837=CARTESIAN_POINT('Ctrl Pts',(36.1963249810292,143.914691369899,91.3740547953015));
#5838=CARTESIAN_POINT('Ctrl Pts',(34.5014122643332,144.401058708618,91.2796317407085));
#5839=CARTESIAN_POINT('Ctrl Pts',(33.9760234343054,146.084274792093,91.1852086861156));
#5840=CARTESIAN_POINT('Ctrl Pts',(35.0933101073633,147.448441201738,91.0907856315226));
#5841=CARTESIAN_POINT('Ctrl Pts',(36.8470725623702,147.264938663773,90.9963625769298));
#5842=CARTESIAN_POINT('Ctrl Pts',(37.6577796316564,145.699116450747,90.9019395223368));
#5843=CARTESIAN_POINT('Ctrl Pts',(36.795469401652,144.160985376141,90.8075164677439));
#5844=CARTESIAN_POINT('Ctrl Pts',(35.036390743718,144.036180774698,90.713093413151));
#5845=CARTESIAN_POINT('Ctrl Pts',(33.9655288265312,145.436291869252,90.6186703585579));
#5846=CARTESIAN_POINT('Ctrl Pts',(34.5456968281803,147.102074158141,90.5242473039652));
#5847=CARTESIAN_POINT('Ctrl Pts',(36.2575834718437,147.529620725613,90.4298242493721));
#5848=CARTESIAN_POINT('Ctrl Pts',(37.1193404120797,146.737462814566,90.3668755463102));
#5849=CARTESIAN_POINT('Ctrl Pts',(37.2895780785235,146.246499907964,90.3354011947792));
#5850=CARTESIAN_POINT('Ctrl Pts',(35.4229150682453,144.31436164426,95.5930918649275));
#5851=CARTESIAN_POINT('Ctrl Pts',(34.9563225936027,144.43864832436,95.5616175133965));
#5852=CARTESIAN_POINT('Ctrl Pts',(34.1634561211473,145.18324274723,95.4986688103346));
#5853=CARTESIAN_POINT('Ctrl Pts',(34.4429483187812,146.798833600966,95.4042457557416));
#5854=CARTESIAN_POINT('Ctrl Pts',(35.9471031662256,147.450066677928,95.3098227011487));
#5855=CARTESIAN_POINT('Ctrl Pts',(37.3176294341386,146.553143362371,95.2153996465558));
#5856=CARTESIAN_POINT('Ctrl Pts',(37.3219119051914,144.914460957194,95.1209765919628));
#5857=CARTESIAN_POINT('Ctrl Pts',(35.9552915802919,144.010464935575,95.0265535373698));
#5858=CARTESIAN_POINT('Ctrl Pts',(34.448936013823,144.654998771894,94.932130482777));
#5859=CARTESIAN_POINT('Ctrl Pts',(34.1593017486969,146.267732876622,94.837707428184));
#5860=CARTESIAN_POINT('Ctrl Pts',(35.3473202445635,147.396158931802,94.7432843735911));
#5861=CARTESIAN_POINT('Ctrl Pts',(36.9430128225464,147.024039511037,94.6488613189981));
#5862=CARTESIAN_POINT('Ctrl Pts',(37.509305219281,145.486493202896,94.5544382644053));
#5863=CARTESIAN_POINT('Ctrl Pts',(36.5361811670149,144.168253295122,94.4600152098123));
#5864=CARTESIAN_POINT('Ctrl Pts',(34.900047980117,144.256533545466,94.3655921552194));
#5865=CARTESIAN_POINT('Ctrl Pts',(34.0744179466898,145.671829662661,94.2711691006265));
#5866=CARTESIAN_POINT('Ctrl Pts',(34.8028608429353,147.139514197366,94.1767460460336));
#5867=CARTESIAN_POINT('Ctrl Pts',(36.4293348817744,147.3377793897,94.0823229914406));
#5868=CARTESIAN_POINT('Ctrl Pts',(37.4890250955635,146.088065896626,93.9878999368477));
#5869=CARTESIAN_POINT('Ctrl Pts',(37.0275661308301,144.515875495694,93.8934768822546));
#5870=CARTESIAN_POINT('Ctrl Pts',(35.4605515697099,144.037135060747,93.7990538276619));
#5871=CARTESIAN_POINT('Ctrl Pts',(34.1992468996796,145.083001971199,93.7046307730688));
#5872=CARTESIAN_POINT('Ctrl Pts',(34.3795929336941,146.711560339236,93.6102077184759));
#5873=CARTESIAN_POINT('Ctrl Pts',(35.8391686249414,147.456117827624,93.515784663883));
#5874=CARTESIAN_POINT('Ctrl Pts',(37.2634687484725,146.646120165623,93.42136160929));
#5875=CARTESIAN_POINT('Ctrl Pts',(37.3697575267192,145.011057552658,93.3269385546972));
#5876=CARTESIAN_POINT('Ctrl Pts',(36.0623104592782,144.023480103106,93.2325155001041));
#5877=CARTESIAN_POINT('Ctrl Pts',(34.5186245505931,144.572807754459,93.1380924455113));
#5878=CARTESIAN_POINT('Ctrl Pts',(34.1289553445161,146.164311748451,93.0436693909183));
#5879=CARTESIAN_POINT('Ctrl Pts',(35.2442419607584,147.364671201582,92.9492463363255));
#5880=CARTESIAN_POINT('Ctrl Pts',(36.8600485925531,147.092833048069,92.8548232817324));
#5881=CARTESIAN_POINT('Ctrl Pts',(37.5211672116535,145.593616844617,92.7604002271397));
#5882=CARTESIAN_POINT('Ctrl Pts',(36.6321892441711,144.217228372435,92.6659771725465));
#5883=CARTESIAN_POINT('Ctrl Pts',(34.9937351666739,144.203253801656,92.5715541179537));
#5884=CARTESIAN_POINT('Ctrl Pts',(34.0814094728537,145.564278739978,92.4771310633608));
#5885=CARTESIAN_POINT('Ctrl Pts',(34.7168597840811,147.074553534164,92.3827080087678));
#5886=CARTESIAN_POINT('Ctrl Pts',(36.3277946023726,147.373912952429,92.2882849541749));
#5887=CARTESIAN_POINT('Ctrl Pts',(37.4633934969111,146.192751568137,92.1938618995819));
#5888=CARTESIAN_POINT('Ctrl Pts',(37.1009272558895,144.594832526716,92.0994388449891));
#5889=CARTESIAN_POINT('Ctrl Pts',(35.5668358163025,144.019254132488,92.0050157903961));
#5890=CARTESIAN_POINT('Ctrl Pts',(34.2427338275377,144.984386811097,91.9105927358031));
#5891=CARTESIAN_POINT('Ctrl Pts',(34.3211179324067,146.621024467273,91.8161696812103));
#5892=CARTESIAN_POINT('Ctrl Pts',(35.7313946132784,147.45519868762,91.7217466266173));
#5893=CARTESIAN_POINT('Ctrl Pts',(37.2034581019537,146.73564525892,91.6273235720244));
#5894=CARTESIAN_POINT('Ctrl Pts',(37.4115557454028,145.110400483921,91.5329005174314));
#5895=CARTESIAN_POINT('Ctrl Pts',(36.1682749176221,144.043170584218,91.4384774628385));
#5896=CARTESIAN_POINT('Ctrl Pts',(34.593320344996,144.495115074661,91.3440544082455));
#5897=CARTESIAN_POINT('Ctrl Pts',(34.1051161253284,146.059200848088,91.2496313536527));
#5898=CARTESIAN_POINT('Ctrl Pts',(35.1433263749378,147.32681781947,91.1552082990598));
#5899=CARTESIAN_POINT('Ctrl Pts',(36.7729655714609,147.156302749042,91.0607852444668));
#5900=CARTESIAN_POINT('Ctrl Pts',(37.5262945147481,145.701302246637,90.9663621898739));
#5901=CARTESIAN_POINT('Ctrl Pts',(36.7250146456494,144.272033030951,90.871939135281));
#5902=CARTESIAN_POINT('Ctrl Pts',(35.0904355026462,144.156061526465,90.777516080688));
#5903=CARTESIAN_POINT('Ctrl Pts',(34.0953642777324,145.457079182909,90.6830930260951));
#5904=CARTESIAN_POINT('Ctrl Pts',(34.6344706506374,147.004965045728,90.5886699715022));
#5905=CARTESIAN_POINT('Ctrl Pts',(36.2251978135744,147.402251829181,90.4942469169092));
#5906=CARTESIAN_POINT('Ctrl Pts',(37.0259635522153,146.666159219836,90.4312982138473));
#5907=CARTESIAN_POINT('Ctrl Pts',(37.1841525778552,146.209944414716,90.3998238623163));
#5908=CARTESIAN_POINT('Ctrl Pts',(37.1841525778552,146.209944414716,90.3998238623163));
#5909=CARTESIAN_POINT('Ctrl Pts',(37.1716911717561,146.265320348467,90.3998238623163));
#5910=CARTESIAN_POINT('Ctrl Pts',(37.1557894514851,146.319740073259,90.3998238623163));
#5911=CARTESIAN_POINT('Ctrl Pts',(37.1367227142572,146.373028175272,90.3998238623163));
#5912=CARTESIAN_POINT('Ctrl Pts',(37.1256376705842,146.404008879049,90.3998238623163));
#5913=CARTESIAN_POINT('Ctrl Pts',(37.1134818335782,146.434607191481,90.3998238623163));
#5914=CARTESIAN_POINT('Ctrl Pts',(37.1003015086709,146.464788544187,90.3998238623163));
#5915=CARTESIAN_POINT('Ctrl Pts',(37.0898483637282,146.48872498404,90.3998238623163));
#5916=CARTESIAN_POINT('Ctrl Pts',(37.0787507143049,146.512399165784,90.3998238623163));
#5917=CARTESIAN_POINT('Ctrl Pts',(37.0670293121049,146.535793460228,90.3998238623163));
#5918=CARTESIAN_POINT('Ctrl Pts',(37.061127491573,146.547572676137,90.3998238623163));
#5919=CARTESIAN_POINT('Ctrl Pts',(37.055067761105,146.559280159609,90.3998238623163));
#5920=CARTESIAN_POINT('Ctrl Pts',(37.0488592157113,146.570902059169,90.3998238623163));
#5921=CARTESIAN_POINT('Ctrl Pts',(37.0206167454072,146.623769700844,90.3998238623163));
#5922=CARTESIAN_POINT('Ctrl Pts',(36.9892675892475,146.674930930355,90.3998238623163));
#5923=CARTESIAN_POINT('Ctrl Pts',(36.9550876853453,146.724184730605,90.3998238623163));
#5924=CARTESIAN_POINT('Ctrl Pts',(36.9319636407952,146.757506856802,90.3998238623163));
#5925=CARTESIAN_POINT('Ctrl Pts',(36.9075427664749,146.789955897253,90.3998238623163));
#5926=CARTESIAN_POINT('Ctrl Pts',(36.8818975521141,146.821466183093,90.3998238623163));
#5927=CARTESIAN_POINT('Ctrl Pts',(36.8743289834685,146.830765686621,90.3998238623163));
#5928=CARTESIAN_POINT('Ctrl Pts',(36.866653711768,146.839983398655,90.3998238623163));
#5929=CARTESIAN_POINT('Ctrl Pts',(36.8588734447295,146.849117557083,90.3998238623163));
#5930=CARTESIAN_POINT('Ctrl Pts',(36.8506824250184,146.858733945745,90.3998238623163));
#5931=CARTESIAN_POINT('Ctrl Pts',(36.8423799003019,146.86825193283,90.3998238623163));
#5932=CARTESIAN_POINT('Ctrl Pts',(36.8339725983292,146.877665049911,90.3998238623163));
#5933=CARTESIAN_POINT('Ctrl Pts',(36.7929051214397,146.923645671209,90.3998238623163));
#5934=CARTESIAN_POINT('Ctrl Pts',(36.7493111415855,146.967161009668,90.3998238623163));
#5935=CARTESIAN_POINT('Ctrl Pts',(36.7034702303934,147.0080071335,90.3998238623163));
#5936=CARTESIAN_POINT('Ctrl Pts',(36.6570177409111,147.049398198564,90.3998238623163));
#5937=CARTESIAN_POINT('Ctrl Pts',(36.608257422056,147.088049315903,90.3998238623163));
#5938=CARTESIAN_POINT('Ctrl Pts',(36.5574324088673,147.123726423392,90.3998238623163));
#5939=CARTESIAN_POINT('Ctrl Pts',(36.5072487614745,147.158953317984,90.3998238623163));
#5940=CARTESIAN_POINT('Ctrl Pts',(36.4550514738412,147.191281639991,90.3998238623163));
#5941=CARTESIAN_POINT('Ctrl Pts',(36.401038119125,147.220451510647,90.3998238623163));
#5942=CARTESIAN_POINT('Ctrl Pts',(36.3881349520503,147.227419856098,90.3998238623163));
#5943=CARTESIAN_POINT('Ctrl Pts',(36.3751236519149,147.234209794897,90.3998238623163));
#5944=CARTESIAN_POINT('Ctrl Pts',(36.3620336463652,147.24080431216,90.3998238623163));
#5945=CARTESIAN_POINT('Ctrl Pts',(36.30945437213,147.267292836576,90.3998238623163));
#5946=CARTESIAN_POINT('Ctrl Pts',(36.2555358518959,147.290671329057,90.3998238623163));
#5947=CARTESIAN_POINT('Ctrl Pts',(36.2004866408733,147.310761015135,90.3998238623163));
#5948=CARTESIAN_POINT('Ctrl Pts',(36.1431205514343,147.331696223959,90.3998238623163));
#5949=CARTESIAN_POINT('Ctrl Pts',(36.0845264119416,147.349061531505,90.3998238623163));
#5950=CARTESIAN_POINT('Ctrl Pts',(36.0250119735149,147.362980430996,90.3998238623163));
#5951=CARTESIAN_POINT('Ctrl Pts',(35.9639827234891,147.377253606037,90.3998238623163));
#5952=CARTESIAN_POINT('Ctrl Pts',(35.9019849145549,147.387902904136,90.3998238623163));
#5953=CARTESIAN_POINT('Ctrl Pts',(35.8393264040901,147.395013022505,90.3998238623163));
#5954=CARTESIAN_POINT('Ctrl Pts',(35.8217915430019,147.397002775166,90.3998238623163));
#5955=CARTESIAN_POINT('Ctrl Pts',(35.8042048402684,147.398715061721,90.3998238623163));
#5956=CARTESIAN_POINT('Ctrl Pts',(35.7865728592202,147.400151048888,90.3998238623163));
#5957=CARTESIAN_POINT('Ctrl Pts',(35.7757731684517,147.401030599365,90.3998238623163));
#5958=CARTESIAN_POINT('Ctrl Pts',(35.7649572229583,147.401806342253,90.3998238623163));
#5959=CARTESIAN_POINT('Ctrl Pts',(35.7541397048762,147.402477967697,90.3998238623163));
#5960=CARTESIAN_POINT('Ctrl Pts',(35.6897610014636,147.406475037532,90.3998238623163));
#5961=CARTESIAN_POINT('Ctrl Pts',(35.6252080292629,147.40679877856,90.3998238623163));
#5962=CARTESIAN_POINT('Ctrl Pts',(35.560819339101,147.403590309252,90.3998238623163));
#5963=CARTESIAN_POINT('Ctrl Pts',(35.4950625597348,147.400313668466,90.3998238623163));
#5964=CARTESIAN_POINT('Ctrl Pts',(35.4294761472362,147.39335325962,90.3998238623163));
#5965=CARTESIAN_POINT('Ctrl Pts',(35.3644011281169,147.382808214624,90.3998238623163));
#5966=CARTESIAN_POINT('Ctrl Pts',(35.2990185717658,147.372213334931,90.3998238623163));
#5967=CARTESIAN_POINT('Ctrl Pts',(35.2341511392484,147.357999863454,90.3998238623163));
#5968=CARTESIAN_POINT('Ctrl Pts',(35.1701410645904,147.340216353005,90.3998238623163));
#5969=CARTESIAN_POINT('Ctrl Pts',(35.1572020453368,147.33662158788,90.3998238623163));
#5970=CARTESIAN_POINT('Ctrl Pts',(35.1442980785061,147.332880779128,90.3998238623163));
#5971=CARTESIAN_POINT('Ctrl Pts',(35.1314320371111,147.328994070878,90.3998238623163));
#5972=CARTESIAN_POINT('Ctrl Pts',(35.1208942014296,147.325810691342,90.3998238623163));
#5973=CARTESIAN_POINT('Ctrl Pts',(35.1103828325014,147.322529664674,90.3998238623163));
#5974=CARTESIAN_POINT('Ctrl Pts',(35.0999115077801,147.319155195164,90.3998238623163));
#5975=CARTESIAN_POINT('Ctrl Pts',(35.0349981755071,147.298236346175,90.3998238623163));
#5976=CARTESIAN_POINT('Ctrl Pts',(34.9715008049784,147.273694071755,90.3998238623163));
#5977=CARTESIAN_POINT('Ctrl Pts',(34.9097762439632,147.245643508941,90.3998238623163));
#5978=CARTESIAN_POINT('Ctrl Pts',(34.8485282641818,147.217809527202,90.3998238623163));
#5979=CARTESIAN_POINT('Ctrl Pts',(34.7890246967297,147.186521079864,90.3998238623163));
#5980=CARTESIAN_POINT('Ctrl Pts',(34.7316159640549,147.151840357303,90.3998238623163));
#5981=CARTESIAN_POINT('Ctrl Pts',(34.682338610354,147.122071815957,90.3998238623163));
#5982=CARTESIAN_POINT('Ctrl Pts',(34.6346043065446,147.089803074789,90.3998238623163));
#5983=CARTESIAN_POINT('Ctrl Pts',(34.5886452648004,147.055044642922,90.3998238623163));
#5984=CARTESIAN_POINT('Ctrl Pts',(34.5665606918421,147.038342268474,90.3998238623163));
#5985=CARTESIAN_POINT('Ctrl Pts',(34.5448862480019,147.021064607925,90.3998238623163));
#5986=CARTESIAN_POINT('Ctrl Pts',(34.5236289137273,147.003232713013,90.3998238623163));
#5987=CARTESIAN_POINT('Ctrl Pts',(34.336069678468,145.731128999436,94.8679511940806));
#5988=CARTESIAN_POINT('Ctrl Pts',(34.3349255410279,145.88606867721,94.8578699387817));
#5989=CARTESIAN_POINT('Ctrl Pts',(34.3576183664716,146.040682304213,94.8477886834829));
#5990=CARTESIAN_POINT('Ctrl Pts',(34.4055772088624,146.187014868364,94.837707428184));
#5991=CARTESIAN_POINT('Ctrl Pts',(34.5553079139858,146.643874895015,94.806233076653));
#5992=CARTESIAN_POINT('Ctrl Pts',(34.9513140792746,147.020016913408,94.774758725122));
#5993=CARTESIAN_POINT('Ctrl Pts',(35.4152659249162,147.146068019144,94.7432843735911));
#5994=CARTESIAN_POINT('Ctrl Pts',(35.8792177705578,147.27211912488,94.7118100220601));
#5995=CARTESIAN_POINT('Ctrl Pts',(36.4111152965521,147.148079317959,94.6803356705291));
#5996=CARTESIAN_POINT('Ctrl Pts',(36.7714461256717,146.829801696474,94.6488613189981));
#5997=CARTESIAN_POINT('Ctrl Pts',(37.1317769547913,146.51152407499,94.6173869674672));
#5998=CARTESIAN_POINT('Ctrl Pts',(37.3205410870361,145.999008638943,94.5859126159362));
#5999=CARTESIAN_POINT('Ctrl Pts',(37.2527358111142,145.523044269624,94.5544382644053));
#6000=CARTESIAN_POINT('Ctrl Pts',(37.1849305351923,145.047079900305,94.5229639128743));
#6001=CARTESIAN_POINT('Ctrl Pts',(36.8605558511036,144.607666597713,94.4914895613433));
#6002=CARTESIAN_POINT('Ctrl Pts',(36.4256796445762,144.402673321475,94.4600152098123));
#6003=CARTESIAN_POINT('Ctrl Pts',(35.9908034380489,144.197680045237,94.4285408582813));
#6004=CARTESIAN_POINT('Ctrl Pts',(35.4454257090829,144.227106795351,94.3970665067503));
#6005=CARTESIAN_POINT('Ctrl Pts',(35.0351318390287,144.477702856608,94.3655921552194));
#6006=CARTESIAN_POINT('Ctrl Pts',(34.6248379689746,144.728298917865,94.3341178036884));
#6007=CARTESIAN_POINT('Ctrl Pts',(34.3496279578322,145.200064290263,94.3026434521574));
#6008=CARTESIAN_POINT('Ctrl Pts',(34.3334301016352,145.68056106558,94.2711691006265));
#6009=CARTESIAN_POINT('Ctrl Pts',(34.3328780840405,145.696936237144,94.2700964651112));
#6010=CARTESIAN_POINT('Ctrl Pts',(34.3326268893557,145.713321549568,94.2690238295959));
#6011=CARTESIAN_POINT('Ctrl Pts',(34.3326721897887,145.729708283119,94.2679511940806));
#6012=CARTESIAN_POINT('Ctrl Pts',(35.336751804829,143.990890695738,95.3998238623163));
#6013=CARTESIAN_POINT('Ctrl Pts',(35.2745169549821,144.01374721271,95.3998238623163));
#6014=CARTESIAN_POINT('Ctrl Pts',(35.2138646088175,144.040249154453,95.3998238623163));
#6015=CARTESIAN_POINT('Ctrl Pts',(35.1549791390903,144.070112831324,95.3998238623163));
#6016=CARTESIAN_POINT('Ctrl Pts',(35.0944295111142,144.100820483534,95.3998238623163));
#6017=CARTESIAN_POINT('Ctrl Pts',(35.0357472392985,144.135083275486,95.3998238623163));
#6018=CARTESIAN_POINT('Ctrl Pts',(34.9791639141776,144.172637302228,95.3998238623163));
#6019=CARTESIAN_POINT('Ctrl Pts',(34.9338454498708,144.202714905777,95.3998238623163));
#6020=CARTESIAN_POINT('Ctrl Pts',(34.8898738598118,144.234904767455,95.3998238623162));
#6021=CARTESIAN_POINT('Ctrl Pts',(34.8473871132632,144.269086160767,95.3998238623162));
#6022=CARTESIAN_POINT('Ctrl Pts',(34.8286152186047,144.284188506008,95.3998238623162));
#6023=CARTESIAN_POINT('Ctrl Pts',(34.8101334293839,144.299679766026,95.3998238623162));
#6024=CARTESIAN_POINT('Ctrl Pts',(34.7919548825423,144.315550096909,95.3998238623162));
#6025=CARTESIAN_POINT('Ctrl Pts',(34.7815602599975,144.324624865131,95.3998238623162));
#6026=CARTESIAN_POINT('Ctrl Pts',(34.7712648011968,144.333823581115,95.3998238623162));
#6027=CARTESIAN_POINT('Ctrl Pts',(34.7610710838374,144.343144441962,95.3998238623162));
#6028=CARTESIAN_POINT('Ctrl Pts',(34.7536954448744,144.349888527756,95.3998238623162));
#6029=CARTESIAN_POINT('Ctrl Pts',(34.7463744591988,144.356695359846,95.3998238623163));
#6030=CARTESIAN_POINT('Ctrl Pts',(34.7391156549082,144.363557760418,95.3998238623163));
#6031=CARTESIAN_POINT('Ctrl Pts',(34.6908930243877,144.409146950319,95.3998238623163));
#6032=CARTESIAN_POINT('Ctrl Pts',(34.6453261017906,144.457263405263,95.3998238623163));
#6033=CARTESIAN_POINT('Ctrl Pts',(34.6026286601497,144.507656502405,95.3998238623163));
#6034=CARTESIAN_POINT('Ctrl Pts',(34.5594847164212,144.558576577798,95.3998238623163));
#6035=CARTESIAN_POINT('Ctrl Pts',(34.519269868217,144.611822046297,95.3998238623162));
#6036=CARTESIAN_POINT('Ctrl Pts',(34.4822525186145,144.667160072833,95.3998238623162));
#6037=CARTESIAN_POINT('Ctrl Pts',(34.4544895064126,144.708663592735,95.3998238623162));
#6038=CARTESIAN_POINT('Ctrl Pts',(34.4285260160156,144.751344788563,95.3998238623162));
#6039=CARTESIAN_POINT('Ctrl Pts',(34.4044962820392,144.795110232223,95.3998238623162));
#6040=CARTESIAN_POINT('Ctrl Pts',(34.3932577085982,144.815579087735,95.3998238623162));
#6041=CARTESIAN_POINT('Ctrl Pts',(34.3824423948717,144.836285143299,95.3998238623163));
#6042=CARTESIAN_POINT('Ctrl Pts',(34.3720655831415,144.857218920905,95.3998238623163));
#6043=CARTESIAN_POINT('Ctrl Pts',(34.3658007233619,144.869857406093,95.3998238623163));
#6044=CARTESIAN_POINT('Ctrl Pts',(34.3596943041235,144.882582249674,95.3998238623162));
#6045=CARTESIAN_POINT('Ctrl Pts',(34.3537605331501,144.895367425014,95.3998238623162));
#6046=CARTESIAN_POINT('Ctrl Pts',(34.3274597676432,144.952036261757,95.3998238623162));
#6047=CARTESIAN_POINT('Ctrl Pts',(34.3045012849846,145.009977346167,95.3998238623163));
#6048=CARTESIAN_POINT('Ctrl Pts',(34.2851027139505,145.068991683934,95.3998238623163));
#6049=CARTESIAN_POINT('Ctrl Pts',(34.2696279339324,145.116069063668,95.3998238623163));
#6050=CARTESIAN_POINT('Ctrl Pts',(34.2564193562458,145.163829925895,95.3998238623163));
#6051=CARTESIAN_POINT('Ctrl Pts',(34.2456110814571,145.212176782756,95.3998238623163));
#6052=CARTESIAN_POINT('Ctrl Pts',(34.2316616085891,145.274574638217,95.3998238623163));
#6053=CARTESIAN_POINT('Ctrl Pts',(34.2217091952008,145.337949786236,95.3998238623163));
#6054=CARTESIAN_POINT('Ctrl Pts',(34.2156909500854,145.401940052798,95.3998238623163));
#6055=CARTESIAN_POINT('Ctrl Pts',(34.2139723912454,145.420212993858,95.3998238623163));
#6056=CARTESIAN_POINT('Ctrl Pts',(34.212574954148,145.438535994876,95.3998238623163));
#6057=CARTESIAN_POINT('Ctrl Pts',(34.2114979106989,145.456900323909,95.3998238623163));
#6058=CARTESIAN_POINT('Ctrl Pts',(34.2108696109156,145.46761326586,95.3998238623163));
#6059=CARTESIAN_POINT('Ctrl Pts',(34.2103502566059,145.47834280785,95.3998238623163));
#6060=CARTESIAN_POINT('Ctrl Pts',(34.2099400564977,145.489078793326,95.3998238623163));
#6061=CARTESIAN_POINT('Ctrl Pts',(34.2075645931177,145.551250742661,95.3998238623163));
#6062=CARTESIAN_POINT('Ctrl Pts',(34.2088494592335,145.613479437017,95.3998238623163));
#6063=CARTESIAN_POINT('Ctrl Pts',(34.213680136614,145.675438526736,95.3998238623163));
#6064=CARTESIAN_POINT('Ctrl Pts',(34.2185171193215,145.737478489652,95.3998238623163));
#6065=CARTESIAN_POINT('Ctrl Pts',(34.2269096102318,145.799249255453,95.3998238623163));
#6066=CARTESIAN_POINT('Ctrl Pts',(34.2387927947348,145.860409547081,95.3998238623163));
#6067=CARTESIAN_POINT('Ctrl Pts',(34.250448564612,145.920399382689,95.3998238623163));
#6068=CARTESIAN_POINT('Ctrl Pts',(34.2654632310897,145.979802802194,95.3998238623163));
#6069=CARTESIAN_POINT('Ctrl Pts',(34.2838164712779,146.038269759062,95.3998238623163));
#6070=CARTESIAN_POINT('Ctrl Pts',(34.288003206693,146.051607222988,95.3998238623163));
#6071=CARTESIAN_POINT('Ctrl Pts',(34.2923638293267,146.064895806,95.3998238623163));
#6072=CARTESIAN_POINT('Ctrl Pts',(34.2968983602892,146.078131068355,95.3998238623163));
#6073=CARTESIAN_POINT('Ctrl Pts',(34.3006977166072,146.089220523487,95.3998238623163));
#6074=CARTESIAN_POINT('Ctrl Pts',(34.3046185311858,146.100270449676,95.3998238623163));
#6075=CARTESIAN_POINT('Ctrl Pts',(34.3086566936028,146.111267925867,95.3998238623163));
#6076=CARTESIAN_POINT('Ctrl Pts',(34.3292964787962,146.167478034032,95.3998238623163));
#6077=CARTESIAN_POINT('Ctrl Pts',(34.3530250932233,146.222398337136,95.3998238623162));
#6078=CARTESIAN_POINT('Ctrl Pts',(34.379798360072,146.275705406533,95.3998238623162));
#6079=CARTESIAN_POINT('Ctrl Pts',(34.396770485302,146.309497855642,95.3998238623162));
#6080=CARTESIAN_POINT('Ctrl Pts',(34.4149669326189,146.342641466025,95.3998238623162));
#6081=CARTESIAN_POINT('Ctrl Pts',(34.4343839752648,146.375046021363,95.3998238623162));
#6082=CARTESIAN_POINT('Ctrl Pts',(34.4418072762984,146.387434559284,95.3998238623162));
#6083=CARTESIAN_POINT('Ctrl Pts',(34.4494090357282,146.399715004013,95.3998238623163));
#6084=CARTESIAN_POINT('Ctrl Pts',(34.4571892475527,146.411882026623,95.3998238623163));
#6085=CARTESIAN_POINT('Ctrl Pts',(34.4639589839433,146.422468825232,95.3998238623163));
#6086=CARTESIAN_POINT('Ctrl Pts',(34.4708616942801,146.432966282714,95.3998238623163));
#6087=CARTESIAN_POINT('Ctrl Pts',(34.4778926810221,146.443364661179,95.3998238623163));
#6088=CARTESIAN_POINT('Ctrl Pts',(34.5099240511519,146.490737003295,95.3998238623163));
#6089=CARTESIAN_POINT('Ctrl Pts',(34.5446417963836,146.536097794324,95.3998238623162));
#6090=CARTESIAN_POINT('Ctrl Pts',(34.5820234991302,146.579135962849,95.3998238623162));
#6091=CARTESIAN_POINT('Ctrl Pts',(34.6010053822018,146.600990116687,95.3998238623162));
#6092=CARTESIAN_POINT('Ctrl Pts',(34.6206746576363,146.622244772466,95.3998238623162));
#6093=CARTESIAN_POINT('Ctrl Pts',(34.6410312433653,146.642854842765,95.3998238623162));
#6094=CARTESIAN_POINT('Ctrl Pts',(34.6569857587166,146.659008027163,95.3998238623162));
#6095=CARTESIAN_POINT('Ctrl Pts',(34.6733625320457,146.674765186327,95.3998238623162));
#6096=CARTESIAN_POINT('Ctrl Pts',(34.6901430990368,146.690118264159,95.3998238623162));
#6097=CARTESIAN_POINT('Origin',(-39.2,145.73,96.7249645331631));
#6098=CARTESIAN_POINT('Ctrl Pts',(-41.0019770562096,145.730954359372,95.2249645331631));
#6099=CARTESIAN_POINT('Ctrl Pts',(-41.002372020338,145.790838189931,95.2217762376273));
#6100=CARTESIAN_POINT('Ctrl Pts',(-40.9726416663975,146.441499417495,95.1871135905606));
#6101=CARTESIAN_POINT('Ctrl Pts',(-40.182958026226,147.609688851513,95.1209765919628));
#6102=CARTESIAN_POINT('Ctrl Pts',(-38.1701561848457,147.584252243079,95.0265535373698));
#6103=CARTESIAN_POINT('Ctrl Pts',(-37.0848965546354,145.889043268087,94.932130482777));
#6104=CARTESIAN_POINT('Ctrl Pts',(-37.9044887383043,144.050512846738,94.8377074281841));
#6105=CARTESIAN_POINT('Ctrl Pts',(-39.8908411176984,143.724582168321,94.743284373591));
#6106=CARTESIAN_POINT('Ctrl Pts',(-40.9153697551887,144.836211633133,94.6723700752508));
#6107=CARTESIAN_POINT('Ctrl Pts',(-41.0008278902478,145.578263977291,94.6329301284415));
#6108=CARTESIAN_POINT('Ctrl Pts',(-40.9995146104399,145.728432178179,94.6249645331631));
#6109=CARTESIAN_POINT('Ctrl Pts',(-40.9977988450957,145.72855290297,95.2746831914694));
#6110=CARTESIAN_POINT('Ctrl Pts',(-40.9950352521073,146.129452473009,95.2534480453564));
#6111=CARTESIAN_POINT('Ctrl Pts',(-40.6667562019153,147.129816161609,95.2007385477124));
#6112=CARTESIAN_POINT('Ctrl Pts',(-39.0192838985728,147.843102031732,95.1165546985375));
#6113=CARTESIAN_POINT('Ctrl Pts',(-37.3355934469426,146.741230223866,95.0221316439446));
#6114=CARTESIAN_POINT('Ctrl Pts',(-37.3303326605485,144.728111384629,94.9277085893516));
#6115=CARTESIAN_POINT('Ctrl Pts',(-39.0092243636581,143.617552495867,94.8332855347587));
#6116=CARTESIAN_POINT('Ctrl Pts',(-40.6622027977346,144.324822998622,94.7489437354646));
#6117=CARTESIAN_POINT('Ctrl Pts',(-40.9954544030406,145.327465908337,94.6960762877015));
#6118=CARTESIAN_POINT('Ctrl Pts',(-40.9984371129541,145.731386981723,94.6746831914694));
#6119=CARTESIAN_POINT('Ctrl Pts',(-38.0922796555245,146.688739087779,95.3998238623163));
#6120=CARTESIAN_POINT('Ctrl Pts',(-37.7762805575279,146.323635970415,95.3683495107853));
#6121=CARTESIAN_POINT('Ctrl Pts',(-37.5391940250671,145.262099915617,95.3054008077233));
#6122=CARTESIAN_POINT('Ctrl Pts',(-38.6786116513868,144.083139231103,95.2109777531304));
#6123=CARTESIAN_POINT('Ctrl Pts',(-40.288675665863,144.390200604839,95.1165546985374));
#6124=CARTESIAN_POINT('Ctrl Pts',(-40.9178538667803,145.902468971667,95.0221316439445));
#6125=CARTESIAN_POINT('Ctrl Pts',(-40.0001297449207,147.26007038059,94.9277085893516));
#6126=CARTESIAN_POINT('Ctrl Pts',(-38.3617051317122,147.239364931858,94.8332855347586));
#6127=CARTESIAN_POINT('Ctrl Pts',(-37.4783016822008,145.859461529517,94.7388624801658));
#6128=CARTESIAN_POINT('Ctrl Pts',(-38.1454513135801,144.362894191122,94.6444394255728));
#6129=CARTESIAN_POINT('Ctrl Pts',(-39.7623460132952,144.097585985048,94.5500163709799));
#6130=CARTESIAN_POINT('Ctrl Pts',(-40.8727826456439,145.302426956941,94.4555933163869));
#6131=CARTESIAN_POINT('Ctrl Pts',(-40.4767005091952,146.892350902566,94.361170261794));
#6132=CARTESIAN_POINT('Ctrl Pts',(-38.9308108708355,147.435449100703,94.266747207201));
#6133=CARTESIAN_POINT('Ctrl Pts',(-37.6273555706728,146.442608208307,94.1723241526081));
#6134=CARTESIAN_POINT('Ctrl Pts',(-37.7402358408172,144.807986041292,94.0779010980152));
#6135=CARTESIAN_POINT('Ctrl Pts',(-39.167791188493,144.003737188018,93.9834780434223));
#6136=CARTESIAN_POINT('Ctrl Pts',(-40.6243539883826,144.754173885422,93.8890549888294));
#6137=CARTESIAN_POINT('Ctrl Pts',(-40.7981325262649,146.383447258178,93.7946319342364));
#6138=CARTESIAN_POINT('Ctrl Pts',(-39.5326204607885,147.424220905859,93.7002088796435));
#6139=CARTESIAN_POINT('Ctrl Pts',(-37.9675478252713,146.939166037993,93.6057858250506));
#6140=CARTESIAN_POINT('Ctrl Pts',(-37.5124312076934,145.365126816852,93.5113627704576));
#6141=CARTESIAN_POINT('Ctrl Pts',(-38.577152179946,144.119695228303,93.4169397158648));
#6142=CARTESIAN_POINT('Ctrl Pts',(-40.2028147459108,144.324516648089,93.3225166612718));
#6143=CARTESIAN_POINT('Ctrl Pts',(-40.9253345471687,145.795127314274,93.2280936066788));
#6144=CARTESIAN_POINT('Ctrl Pts',(-40.0940046269779,147.207083813915,93.1336705520859));
#6145=CARTESIAN_POINT('Ctrl Pts',(-38.4575271818305,147.288767134926,93.039247497493));
#6146=CARTESIAN_POINT('Ctrl Pts',(-37.4897265353009,145.966612642375,92.9448244429));
#6147=CARTESIAN_POINT('Ctrl Pts',(-38.0622114820082,144.431362962605,92.8504013883072));
#6148=CARTESIAN_POINT('Ctrl Pts',(-39.6593976233267,144.065675905886,92.7559783337142));
#6149=CARTESIAN_POINT('Ctrl Pts',(-40.8428466896237,145.198892081609,92.6615552791213));
#6150=CARTESIAN_POINT('Ctrl Pts',(-40.5467352411125,146.810428182246,92.5671322245283));
#6151=CARTESIAN_POINT('Ctrl Pts',(-39.0377435529135,147.448922252973,92.4727091699354));
#6152=CARTESIAN_POINT('Ctrl Pts',(-37.6748812838198,146.539341564653,92.3782861153425));
#6153=CARTESIAN_POINT('Ctrl Pts',(-37.6855528003236,144.900861563725,92.2838630607496));
#6154=CARTESIAN_POINT('Ctrl Pts',(-39.0601472518116,144.009110092562,92.1894400061566));
#6155=CARTESIAN_POINT('Ctrl Pts',(-40.5606941764846,144.667205463587,92.0950169515637));
#6156=CARTESIAN_POINT('Ctrl Pts',(-40.8357893362724,146.282461869966,92.0005938969708));
#6157=CARTESIAN_POINT('Ctrl Pts',(-39.6376798872763,147.400166807556,91.9061708423777));
#6158=CARTESIAN_POINT('Ctrl Pts',(-38.0453925281788,147.013706538404,91.811747787785));
#6159=CARTESIAN_POINT('Ctrl Pts',(-37.492953638477,145.471130129747,91.7173247331919));
#6160=CARTESIAN_POINT('Ctrl Pts',(-38.4778940003371,144.161694025765,91.6229016785991));
#6161=CARTESIAN_POINT('Ctrl Pts',(-40.1131686189623,144.264686308728,91.5284786240061));
#6162=CARTESIAN_POINT('Ctrl Pts',(-40.9260365285946,145.687351886359,91.4340555694132));
#6163=CARTESIAN_POINT('Ctrl Pts',(-40.1844223876606,147.148425882809,91.3396325148202));
#6164=CARTESIAN_POINT('Ctrl Pts',(-38.5562300353186,147.332056192351,91.2452094602273));
#6165=CARTESIAN_POINT('Ctrl Pts',(-37.5078213888129,146.072858621825,91.1507864056343));
#6166=CARTESIAN_POINT('Ctrl Pts',(-37.9834031017059,144.504887539064,91.0563633510415));
#6167=CARTESIAN_POINT('Ctrl Pts',(-39.5546590529259,144.040246118254,90.9619402964484));
#6168=CARTESIAN_POINT('Ctrl Pts',(-40.8065113732042,145.097444395406,90.8675172418556));
#6169=CARTESIAN_POINT('Ctrl Pts',(-40.6115162942947,146.724254763459,90.7730941872627));
#6170=CARTESIAN_POINT('Ctrl Pts',(-39.145321315501,147.455784812694,90.6786711326697));
#6171=CARTESIAN_POINT('Ctrl Pts',(-37.7283216630792,146.632734914822,90.5842480780768));
#6172=CARTESIAN_POINT('Ctrl Pts',(-37.6368248229759,144.99736059985,90.4898250234838));
#6173=CARTESIAN_POINT('Ctrl Pts',(-38.9528895083811,144.020341377019,90.3954019688909));
#6174=CARTESIAN_POINT('Ctrl Pts',(-40.4917699286527,144.586086792293,90.300978914298));
#6175=CARTESIAN_POINT('Ctrl Pts',(-40.7401820595224,145.64502977128,90.238030211236));
#6176=CARTESIAN_POINT('Ctrl Pts',(-40.6145212445204,146.111254047586,90.206555859705));
#6177=CARTESIAN_POINT('Ctrl Pts',(-38.0079089193895,146.76176250294,95.4642465298533));
#6178=CARTESIAN_POINT('Ctrl Pts',(-37.6678414031781,146.368850905818,95.4327721783223));
#6179=CARTESIAN_POINT('Ctrl Pts',(-37.4126969146896,145.226461792012,95.3698234752604));
#6180=CARTESIAN_POINT('Ctrl Pts',(-38.6388995354144,143.957704272652,95.2754004206675));
#6181=CARTESIAN_POINT('Ctrl Pts',(-40.3715958431435,144.288153313023,95.1809773660745));
#6182=CARTESIAN_POINT('Ctrl Pts',(-41.0486960924697,145.915605260237,95.0865543114816));
#6183=CARTESIAN_POINT('Ctrl Pts',(-40.0610725053558,147.376609870897,94.9921312568886));
#6184=CARTESIAN_POINT('Ctrl Pts',(-38.2978554827567,147.354327368932,94.8977082022957));
#6185=CARTESIAN_POINT('Ctrl Pts',(-37.347166639679,145.86932210904,94.8032851477027));
#6186=CARTESIAN_POINT('Ctrl Pts',(-38.0651304551548,144.258767076327,94.70886209311));
#6187=CARTESIAN_POINT('Ctrl Pts',(-39.8051777147629,143.973251379473,94.6144390385169));
#6188=CARTESIAN_POINT('Ctrl Pts',(-41.0001919722944,145.26986038671,94.5200159839241));
#6189=CARTESIAN_POINT('Ctrl Pts',(-40.573941805089,146.980882635134,94.425592929331));
#6190=CARTESIAN_POINT('Ctrl Pts',(-38.9103077852865,147.565346503766,94.3311698747382));
#6191=CARTESIAN_POINT('Ctrl Pts',(-37.5075733812036,146.496884794821,94.2367468201452));
#6192=CARTESIAN_POINT('Ctrl Pts',(-37.6290513010478,144.737759835904,94.1423237655523));
#6193=CARTESIAN_POINT('Ctrl Pts',(-39.1653379690045,143.872254485785,94.0479007109593));
#6194=CARTESIAN_POINT('Ctrl Pts',(-40.7328414736183,144.679849018106,93.9534776563664));
#6195=CARTESIAN_POINT('Ctrl Pts',(-40.9198560446192,146.433217785977,93.8590546017735));
#6196=CARTESIAN_POINT('Ctrl Pts',(-39.557954863348,147.553263101135,93.7646315471805));
#6197=CARTESIAN_POINT('Ctrl Pts',(-37.8736767523497,147.031263496746,93.6702084925877));
#6198=CARTESIAN_POINT('Ctrl Pts',(-37.3838956779494,145.337335850286,93.5757854379946));
#6199=CARTESIAN_POINT('Ctrl Pts',(-38.5297122919454,143.997044597512,93.4813623834019));
#6200=CARTESIAN_POINT('Ctrl Pts',(-40.2791952319617,144.217466465597,93.3869393288088));
#6201=CARTESIAN_POINT('Ctrl Pts',(-41.0567465470925,145.800087807664,93.2925162742159));
#6202=CARTESIAN_POINT('Ctrl Pts',(-40.1620974708643,147.319587524201,93.198093219623));
#6203=CARTESIAN_POINT('Ctrl Pts',(-38.4009759245194,147.407492345032,93.10367016503));
#6204=CARTESIAN_POINT('Ctrl Pts',(-37.3594616792581,145.984634504044,93.0092471104371));
#6205=CARTESIAN_POINT('Ctrl Pts',(-37.9755505704274,144.332450846959,92.9148240558442));
#6206=CARTESIAN_POINT('Ctrl Pts',(-39.6943881476517,143.938910834099,92.8204010012513));
#6207=CARTESIAN_POINT('Ctrl Pts',(-40.9679759113192,145.158439663934,92.7259779466583));
#6208=CARTESIAN_POINT('Ctrl Pts',(-40.6493108092496,146.892720180882,92.6315548920654));
#6209=CARTESIAN_POINT('Ctrl Pts',(-39.0253851124898,147.579845853469,92.5371318374725));
#6210=CARTESIAN_POINT('Ctrl Pts',(-37.5587189424679,146.600985953451,92.4427087828795));
#6211=CARTESIAN_POINT('Ctrl Pts',(-37.5702032667419,144.837709324466,92.3482857282867));
#6212=CARTESIAN_POINT('Ctrl Pts',(-39.0494952137101,143.878036623503,92.2538626736936));
#6213=CARTESIAN_POINT('Ctrl Pts',(-40.664332942259,144.586256550945,92.1594396191008));
#6214=CARTESIAN_POINT('Ctrl Pts',(-40.9603810269021,146.324540734806,92.0650165645077));
#6215=CARTESIAN_POINT('Ctrl Pts',(-39.6710162563924,147.527376896026,91.9705935099149));
#6216=CARTESIAN_POINT('Ctrl Pts',(-37.957450582515,147.111481456204,91.876170455322));
#6217=CARTESIAN_POINT('Ctrl Pts',(-37.3629345782905,145.451413021882,91.781747400729));
#6218=CARTESIAN_POINT('Ctrl Pts',(-38.422894004117,144.04224227949,91.6873243461362));
#6219=CARTESIAN_POINT('Ctrl Pts',(-40.1827211093373,144.153079082754,91.5929012915431));
#6220=CARTESIAN_POINT('Ctrl Pts',(-41.0575019957043,145.684103545962,91.4984782369502));
#6221=CARTESIAN_POINT('Ctrl Pts',(-40.2594019995535,147.256461847375,91.4040551823573));
#6222=CARTESIAN_POINT('Ctrl Pts',(-38.5071965892032,147.45407856104,91.3096321277644));
#6223=CARTESIAN_POINT('Ctrl Pts',(-37.3789347471531,146.098972825159,91.2152090731714));
#6224=CARTESIAN_POINT('Ctrl Pts',(-37.8907396633205,144.411575503501,91.1207860185785));
#6225=CARTESIAN_POINT('Ctrl Pts',(-39.5816720490504,143.911544158774,91.0263629639856));
#6226=CARTESIAN_POINT('Ctrl Pts',(-40.9288730756343,145.049265103339,90.9319399093926));
#6227=CARTESIAN_POINT('Ctrl Pts',(-40.7190259824666,146.799983269049,90.8375168547997));
#6228=CARTESIAN_POINT('Ctrl Pts',(-39.1411566534677,147.587231107586,90.7430938002068));
#6229=CARTESIAN_POINT('Ctrl Pts',(-37.6162296668826,146.701492710666,90.6486707456138));
#6230=CARTESIAN_POINT('Ctrl Pts',(-37.5177638695041,144.941558315618,90.5542476910209));
#6231=CARTESIAN_POINT('Ctrl Pts',(-38.9340680664996,143.89012335107,90.459824636428));
#6232=CARTESIAN_POINT('Ctrl Pts',(-40.5901590034232,144.498959386996,90.3654015818351));
#6233=CARTESIAN_POINT('Ctrl Pts',(-40.857491716957,145.638557920526,90.3024528787731));
#6234=CARTESIAN_POINT('Ctrl Pts',(-40.7222598080251,146.140292680675,90.2709785272421));
#6235=CARTESIAN_POINT('Ctrl Pts',(-37.9235381832546,146.834785918102,95.5286691973904));
#6236=CARTESIAN_POINT('Ctrl Pts',(-37.5594022488282,146.414065841221,95.4971948458594));
#6237=CARTESIAN_POINT('Ctrl Pts',(-37.2861998043122,145.190823668406,95.4342461427974));
#6238=CARTESIAN_POINT('Ctrl Pts',(-38.5991874194422,143.832269314202,95.3398230882046));
#6239=CARTESIAN_POINT('Ctrl Pts',(-40.4545160204239,144.186106021207,95.2454000336115));
#6240=CARTESIAN_POINT('Ctrl Pts',(-41.1795383181591,145.928741548808,95.1509769790188));
#6241=CARTESIAN_POINT('Ctrl Pts',(-40.1220152657909,147.493149361205,95.0565539244257));
#6242=CARTESIAN_POINT('Ctrl Pts',(-38.2340058338012,147.469289806005,94.9621308698328));
#6243=CARTESIAN_POINT('Ctrl Pts',(-37.2160315971572,145.879182688564,94.8677078152399));
#6244=CARTESIAN_POINT('Ctrl Pts',(-37.9848095967295,144.154639961533,94.773284760647));
#6245=CARTESIAN_POINT('Ctrl Pts',(-39.8480094162307,143.848916773897,94.678861706054));
#6246=CARTESIAN_POINT('Ctrl Pts',(-41.127601298945,145.237293816479,94.5844386514612));
#6247=CARTESIAN_POINT('Ctrl Pts',(-40.6711831009828,147.069414367701,94.4900155968681));
#6248=CARTESIAN_POINT('Ctrl Pts',(-38.8898046997375,147.695243906828,94.3955925422753));
#6249=CARTESIAN_POINT('Ctrl Pts',(-37.3877911917343,146.551161381336,94.3011694876823));
#6250=CARTESIAN_POINT('Ctrl Pts',(-37.5178667612785,144.667533630517,94.2067464330894));
#6251=CARTESIAN_POINT('Ctrl Pts',(-39.162884749516,143.740771783553,94.1123233784964));
#6252=CARTESIAN_POINT('Ctrl Pts',(-40.841328958854,144.60552415079,94.0179003239035));
#6253=CARTESIAN_POINT('Ctrl Pts',(-41.0415795629735,146.482988313775,93.9234772693106));
#6254=CARTESIAN_POINT('Ctrl Pts',(-39.5832892659075,147.682305296411,93.8290542147177));
#6255=CARTESIAN_POINT('Ctrl Pts',(-37.7798056794281,147.123360955499,93.7346311601247));
#6256=CARTESIAN_POINT('Ctrl Pts',(-37.2553601482055,145.309544883719,93.6402081055318));
#6257=CARTESIAN_POINT('Ctrl Pts',(-38.4822724039447,143.874393966721,93.5457850509388));
#6258=CARTESIAN_POINT('Ctrl Pts',(-40.3555757180126,144.110416283105,93.451361996346));
#6259=CARTESIAN_POINT('Ctrl Pts',(-41.1881585470162,145.805048301055,93.356938941753));
#6260=CARTESIAN_POINT('Ctrl Pts',(-40.2301903147507,147.432091234487,93.26251588716));
#6261=CARTESIAN_POINT('Ctrl Pts',(-38.3444246672083,147.526217555138,93.1680928325672));
#6262=CARTESIAN_POINT('Ctrl Pts',(-37.2291968232154,146.002656365713,93.0736697779742));
#6263=CARTESIAN_POINT('Ctrl Pts',(-37.8888896588465,144.233538731312,92.9792467233813));
#6264=CARTESIAN_POINT('Ctrl Pts',(-39.7293786719768,143.812145762311,92.8848236687883));
#6265=CARTESIAN_POINT('Ctrl Pts',(-41.0931051330146,145.117987246259,92.7904006141955));
#6266=CARTESIAN_POINT('Ctrl Pts',(-40.7518863773866,146.975012179518,92.6959775596025));
#6267=CARTESIAN_POINT('Ctrl Pts',(-39.0130266720661,147.710769453966,92.6015545050096));
#6268=CARTESIAN_POINT('Ctrl Pts',(-37.4425566011161,146.66263034225,92.5071314504166));
#6269=CARTESIAN_POINT('Ctrl Pts',(-37.4548537331602,144.774557085207,92.4127083958238));
#6270=CARTESIAN_POINT('Ctrl Pts',(-39.0388431756087,143.746963154444,92.3182853412307));
#6271=CARTESIAN_POINT('Ctrl Pts',(-40.7679717080333,144.505307638302,92.2238622866379));
#6272=CARTESIAN_POINT('Ctrl Pts',(-41.0849727175317,146.366619599646,92.1294392320448));
#6273=CARTESIAN_POINT('Ctrl Pts',(-39.7043526255087,147.654586984497,92.035016177452));
#6274=CARTESIAN_POINT('Ctrl Pts',(-37.8695086368513,147.209256374004,91.940593122859));
#6275=CARTESIAN_POINT('Ctrl Pts',(-37.232915518104,145.431695914017,91.8461700682661));
#6276=CARTESIAN_POINT('Ctrl Pts',(-38.367894007897,143.922790533216,91.7517470136731));
#6277=CARTESIAN_POINT('Ctrl Pts',(-40.2522735997122,144.041471856781,91.6573239590803));
#6278=CARTESIAN_POINT('Ctrl Pts',(-41.1889674628139,145.680855205566,91.5629009044872));
#6279=CARTESIAN_POINT('Ctrl Pts',(-40.3343816114464,147.364497811942,91.4684778498944));
#6280=CARTESIAN_POINT('Ctrl Pts',(-38.4581631430878,147.57610092973,91.3740547953014));
#6281=CARTESIAN_POINT('Ctrl Pts',(-37.2500481054933,146.125087028494,91.2796317407086));
#6282=CARTESIAN_POINT('Ctrl Pts',(-37.7980762249351,144.318263467938,91.1852086861156));
#6283=CARTESIAN_POINT('Ctrl Pts',(-39.6086850451749,143.782842199294,91.0907856315227));
#6284=CARTESIAN_POINT('Ctrl Pts',(-41.0512347780644,145.001085811271,90.9963625769297));
#6285=CARTESIAN_POINT('Ctrl Pts',(-40.8265356706384,146.875711774639,90.9019395223368));
#6286=CARTESIAN_POINT('Ctrl Pts',(-39.1369919914345,147.718677402478,90.8075164677438));
#6287=CARTESIAN_POINT('Ctrl Pts',(-37.504137670686,146.770250506511,90.713093413151));
#6288=CARTESIAN_POINT('Ctrl Pts',(-37.3987029160322,144.885756031385,90.618670358558));
#6289=CARTESIAN_POINT('Ctrl Pts',(-38.915246624618,143.759905325122,90.5242473039651));
#6290=CARTESIAN_POINT('Ctrl Pts',(-40.6885480781937,144.411831981699,90.4298242493721));
#6291=CARTESIAN_POINT('Ctrl Pts',(-40.9748013743916,145.632086069772,90.3668755463102));
#6292=CARTESIAN_POINT('Ctrl Pts',(-40.8299983715298,146.169331313765,90.3354011947792));
#6293=CARTESIAN_POINT('Ctrl Pts',(-37.8391674471196,146.907809333263,95.5930918649275));
#6294=CARTESIAN_POINT('Ctrl Pts',(-37.4509630944784,146.459280776624,95.5616175133965));
#6295=CARTESIAN_POINT('Ctrl Pts',(-37.1597026939348,145.1551855448,95.4986688103345));
#6296=CARTESIAN_POINT('Ctrl Pts',(-38.5594753034698,143.706834355752,95.4042457557416));
#6297=CARTESIAN_POINT('Ctrl Pts',(-40.5374361977044,144.084058729392,95.3098227011486));
#6298=CARTESIAN_POINT('Ctrl Pts',(-41.3103805438485,145.941877837378,95.2153996465558));
#6299=CARTESIAN_POINT('Ctrl Pts',(-40.182958026226,147.609688851513,95.1209765919628));
#6300=CARTESIAN_POINT('Ctrl Pts',(-38.1701561848457,147.584252243079,95.0265535373698));
#6301=CARTESIAN_POINT('Ctrl Pts',(-37.0848965546354,145.889043268087,94.932130482777));
#6302=CARTESIAN_POINT('Ctrl Pts',(-37.9044887383043,144.050512846738,94.8377074281841));
#6303=CARTESIAN_POINT('Ctrl Pts',(-39.8908411176984,143.724582168321,94.743284373591));
#6304=CARTESIAN_POINT('Ctrl Pts',(-41.2550106255956,145.204727246249,94.6488613189982));
#6305=CARTESIAN_POINT('Ctrl Pts',(-40.7684243968765,147.157946100269,94.5544382644051));
#6306=CARTESIAN_POINT('Ctrl Pts',(-38.8693016141885,147.825141309891,94.4600152098124));
#6307=CARTESIAN_POINT('Ctrl Pts',(-37.2680090022651,146.60543796785,94.3655921552193));
#6308=CARTESIAN_POINT('Ctrl Pts',(-37.4066822215091,144.59730742513,94.2711691006265));
#6309=CARTESIAN_POINT('Ctrl Pts',(-39.1604315300275,143.609289081321,94.1767460460335));
#6310=CARTESIAN_POINT('Ctrl Pts',(-40.9498164440898,144.531199283473,94.0823229914406));
#6311=CARTESIAN_POINT('Ctrl Pts',(-41.1633030813278,146.532758841574,93.9878999368476));
#6312=CARTESIAN_POINT('Ctrl Pts',(-39.608623668467,147.811347491686,93.8934768822548));
#6313=CARTESIAN_POINT('Ctrl Pts',(-37.6859346065065,147.215458414251,93.7990538276618));
#6314=CARTESIAN_POINT('Ctrl Pts',(-37.1268246184615,145.281753917153,93.7046307730688));
#6315=CARTESIAN_POINT('Ctrl Pts',(-38.434832515944,143.751743335931,93.610207718476));
#6316=CARTESIAN_POINT('Ctrl Pts',(-40.4319562040635,144.003366100613,93.515784663883));
#6317=CARTESIAN_POINT('Ctrl Pts',(-41.3195705469399,145.810008794446,93.4213616092901));
#6318=CARTESIAN_POINT('Ctrl Pts',(-40.2982831586371,147.544594944773,93.3269385546971));
#6319=CARTESIAN_POINT('Ctrl Pts',(-38.2878734098973,147.644942765244,93.2325155001042));
#6320=CARTESIAN_POINT('Ctrl Pts',(-37.0989319671726,146.020678227382,93.1380924455113));
#6321=CARTESIAN_POINT('Ctrl Pts',(-37.8022287472657,144.134626615665,93.0436693909184));
#6322=CARTESIAN_POINT('Ctrl Pts',(-39.7643691963018,143.685380690524,92.9492463363254));
#6323=CARTESIAN_POINT('Ctrl Pts',(-41.2182343547101,145.077534828584,92.8548232817325));
#6324=CARTESIAN_POINT('Ctrl Pts',(-40.8544619455238,147.057304178155,92.7604002271395));
#6325=CARTESIAN_POINT('Ctrl Pts',(-39.0006682316424,147.841693054463,92.6659771725466));
#6326=CARTESIAN_POINT('Ctrl Pts',(-37.3263942597642,146.724274731048,92.5715541179537));
#6327=CARTESIAN_POINT('Ctrl Pts',(-37.3395041995785,144.711404845948,92.4771310633608));
#6328=CARTESIAN_POINT('Ctrl Pts',(-39.0281911375072,143.615889685385,92.3827080087678));
#6329=CARTESIAN_POINT('Ctrl Pts',(-40.8716104738077,144.42435872566,92.2882849541749));
#6330=CARTESIAN_POINT('Ctrl Pts',(-41.2095644081613,146.408698464486,92.1938618995819));
#6331=CARTESIAN_POINT('Ctrl Pts',(-39.7376889946249,147.781797072968,92.0994388449891));
#6332=CARTESIAN_POINT('Ctrl Pts',(-37.7815666911875,147.307031291804,92.0050157903961));
#6333=CARTESIAN_POINT('Ctrl Pts',(-37.1028964579175,145.411978806152,91.9105927358032));
#6334=CARTESIAN_POINT('Ctrl Pts',(-38.3128940116769,143.803338786942,91.8161696812102));
#6335=CARTESIAN_POINT('Ctrl Pts',(-40.3218260900871,143.929864630807,91.7217466266173));
#6336=CARTESIAN_POINT('Ctrl Pts',(-41.3204329299236,145.67760686517,91.6273235720244));
#6337=CARTESIAN_POINT('Ctrl Pts',(-40.4093612233393,147.472533776509,91.5329005174314));
#6338=CARTESIAN_POINT('Ctrl Pts',(-38.4091296969724,147.698123298419,91.4384774628385));
#6339=CARTESIAN_POINT('Ctrl Pts',(-37.1211614638335,146.151201231828,91.3440544082456));
#6340=CARTESIAN_POINT('Ctrl Pts',(-37.7054127865496,144.224951432376,91.2496313536527));
#6341=CARTESIAN_POINT('Ctrl Pts',(-39.6356980412993,143.654140239814,91.1552082990597));
#6342=CARTESIAN_POINT('Ctrl Pts',(-41.1735964804944,144.952906519203,91.0607852444668));
#6343=CARTESIAN_POINT('Ctrl Pts',(-40.9340453588102,146.951440280228,90.9663621898739));
#6344=CARTESIAN_POINT('Ctrl Pts',(-39.1328273294013,147.85012369737,90.8719391352809));
#6345=CARTESIAN_POINT('Ctrl Pts',(-37.3920456744893,146.839008302356,90.777516080688));
#6346=CARTESIAN_POINT('Ctrl Pts',(-37.2796419625604,144.829953747153,90.683093026095));
#6347=CARTESIAN_POINT('Ctrl Pts',(-38.8964251827365,143.629687299174,90.5886699715022));
#6348=CARTESIAN_POINT('Ctrl Pts',(-40.7869371529643,144.324704576402,90.4942469169092));
#6349=CARTESIAN_POINT('Ctrl Pts',(-41.0921110318263,145.625614219018,90.4312982138473));
#6350=CARTESIAN_POINT('Ctrl Pts',(-40.9377369350345,146.198369946855,90.3998238623163));
#6351=CARTESIAN_POINT('Ctrl Pts',(-40.9377369350345,146.198369946855,90.3998238623163));
#6352=CARTESIAN_POINT('Ctrl Pts',(-40.9492732815293,146.131814469322,90.3998238623163));
#6353=CARTESIAN_POINT('Ctrl Pts',(-40.9567247877577,146.064709433317,90.3998238623163));
#6354=CARTESIAN_POINT('Ctrl Pts',(-40.9602252512279,145.997377616678,90.3998238623163));
#6355=CARTESIAN_POINT('Ctrl Pts',(-40.9634825261367,145.934723559931,90.3998238623163));
#6356=CARTESIAN_POINT('Ctrl Pts',(-40.9633178611571,145.871872469733,90.3998238623163));
#6357=CARTESIAN_POINT('Ctrl Pts',(-40.9598009134618,145.80909253178,90.3998238623163));
#6358=CARTESIAN_POINT('Ctrl Pts',(-40.9589422323554,145.793764482788,90.3998238623163));
#6359=CARTESIAN_POINT('Ctrl Pts',(-40.9578833821948,145.778438659448,90.3998238623163));
#6360=CARTESIAN_POINT('Ctrl Pts',(-40.9566256284945,145.763125720636,90.3998238623163));
#6361=CARTESIAN_POINT('Ctrl Pts',(-40.9510999187275,145.695851137754,90.3998238623163));
#6362=CARTESIAN_POINT('Ctrl Pts',(-40.9417524060527,145.628972216226,90.3998238623163));
#6363=CARTESIAN_POINT('Ctrl Pts',(-40.9286926110656,145.562820021473,90.3998238623163));
#6364=CARTESIAN_POINT('Ctrl Pts',(-40.9200433228505,145.519008506895,90.3998238623163));
#6365=CARTESIAN_POINT('Ctrl Pts',(-40.9097646806061,145.475515971905,90.3998238623163));
#6366=CARTESIAN_POINT('Ctrl Pts',(-40.8978772414378,145.432444230978,90.3998238623163));
#6367=CARTESIAN_POINT('Ctrl Pts',(-40.8909278762566,145.407264606296,90.3998238623163));
#6368=CARTESIAN_POINT('Ctrl Pts',(-40.8834285372071,145.382228889503,90.3998238623163));
#6369=CARTESIAN_POINT('Ctrl Pts',(-40.8753820546306,145.35735844861,90.3998238623163));
#6370=CARTESIAN_POINT('Ctrl Pts',(-40.8714031281572,145.345060198446,90.3998238623163));
#6371=CARTESIAN_POINT('Ctrl Pts',(-40.8672926636007,145.332809526472,90.3998238623163));
#6372=CARTESIAN_POINT('Ctrl Pts',(-40.8630536152447,145.320614932442,90.3998238623163));
#6373=CARTESIAN_POINT('Ctrl Pts',(-40.840594551558,145.256006288951,90.3998238623163));
#6374=CARTESIAN_POINT('Ctrl Pts',(-40.8145126157067,145.192914175991,90.3998238623163));
#6375=CARTESIAN_POINT('Ctrl Pts',(-40.7849146530907,145.131687813729,90.3998238623163));
#6376=CARTESIAN_POINT('Ctrl Pts',(-40.7571388095345,145.074230687987,90.3998238623163));
#6377=CARTESIAN_POINT('Ctrl Pts',(-40.7262656399488,145.018416083226,90.3998238623163));
#6378=CARTESIAN_POINT('Ctrl Pts',(-40.6923445003739,144.964564005379,90.3998238623163));
#6379=CARTESIAN_POINT('Ctrl Pts',(-40.6592094767902,144.911959939247,90.3998238623163));
#6380=CARTESIAN_POINT('Ctrl Pts',(-40.6231656357397,144.861227892082,90.3998238623163));
#6381=CARTESIAN_POINT('Ctrl Pts',(-40.5842299307254,144.812705738095,90.3998238623163));
#6382=CARTESIAN_POINT('Ctrl Pts',(-40.5772269407497,144.803978525942,90.3998238623163));
#6383=CARTESIAN_POINT('Ctrl Pts',(-40.5701303329857,144.795322922228,90.3998238623163));
#6384=CARTESIAN_POINT('Ctrl Pts',(-40.5629401213571,144.786741055701,90.3998238623163));
#6385=CARTESIAN_POINT('Ctrl Pts',(-40.555752016942,144.778161704235,90.3998238623163));
#6386=CARTESIAN_POINT('Ctrl Pts',(-40.5484757761654,144.76966255253,90.3998238623163));
#6387=CARTESIAN_POINT('Ctrl Pts',(-40.5411144807363,144.761248357834,90.3998238623163));
#6388=CARTESIAN_POINT('Ctrl Pts',(-40.5047086156348,144.719635296652,90.3998238623163));
#6389=CARTESIAN_POINT('Ctrl Pts',(-40.4662033036468,144.680073280708,90.3998238623163));
#6390=CARTESIAN_POINT('Ctrl Pts',(-40.4256376493992,144.642769083256,90.3998238623163));
#6391=CARTESIAN_POINT('Ctrl Pts',(-40.3784940682771,144.599415820715,90.3998238623163));
#6392=CARTESIAN_POINT('Ctrl Pts',(-40.3285674882096,144.559110641253,90.3998238623163));
#6393=CARTESIAN_POINT('Ctrl Pts',(-40.276219970506,144.521948862098,90.3998238623163));
#6394=CARTESIAN_POINT('Ctrl Pts',(-40.2304158925154,144.489432305337,90.3998238623163));
#6395=CARTESIAN_POINT('Ctrl Pts',(-40.1827572679578,144.459323067834,90.3998238623163));
#6396=CARTESIAN_POINT('Ctrl Pts',(-40.1334780100009,144.431718378559,90.3998238623163));
#6397=CARTESIAN_POINT('Ctrl Pts',(-40.1161580445829,144.422016279066,90.3998238623163));
#6398=CARTESIAN_POINT('Ctrl Pts',(-40.098637863018,144.412623851485,90.3998238623163));
#6399=CARTESIAN_POINT('Ctrl Pts',(-40.0809276285038,144.403546273907,90.3998238623163));
#6400=CARTESIAN_POINT('Ctrl Pts',(-40.0714572715578,144.398692137176,90.3998238623163));
#6401=CARTESIAN_POINT('Ctrl Pts',(-40.0619335894972,144.393928654591,90.3998238623163));
#6402=CARTESIAN_POINT('Ctrl Pts',(-40.0523696640902,144.3892619435,90.3998238623163));
#6403=CARTESIAN_POINT('Ctrl Pts',(-39.9966055565834,144.362051884042,90.3998238623163));
#6404=CARTESIAN_POINT('Ctrl Pts',(-39.9393711956148,144.338074031648,90.3998238623163));
#6405=CARTESIAN_POINT('Ctrl Pts',(-39.88099735126,144.317405382949,90.3998238623163));
#6406=CARTESIAN_POINT('Ctrl Pts',(-39.8229604460494,144.296856035572,90.3998238623163));
#6407=CARTESIAN_POINT('Ctrl Pts',(-39.7637960243657,144.279577695608,90.3998238623163));
#6408=CARTESIAN_POINT('Ctrl Pts',(-39.7038234491909,144.265696686941,90.3998238623163));
#6409=CARTESIAN_POINT('Ctrl Pts',(-39.6449898553198,144.25207930226,90.3998238623163));
#6410=CARTESIAN_POINT('Ctrl Pts',(-39.5853775182578,144.241731449328,90.3998238623163));
#6411=CARTESIAN_POINT('Ctrl Pts',(-39.5252982021438,144.234821746154,90.3998238623163));
#6412=CARTESIAN_POINT('Ctrl Pts',(-39.5141979782493,144.233545112909,90.3998238623163));
#6413=CARTESIAN_POINT('Ctrl Pts',(-39.5030803036088,144.232385837608,90.3998238623163));
#6414=CARTESIAN_POINT('Ctrl Pts',(-39.4919521028783,144.231345624033,90.3998238623163));
#6415=CARTESIAN_POINT('Ctrl Pts',(-39.4327888763707,144.225815314791,90.3998238623163));
#6416=CARTESIAN_POINT('Ctrl Pts',(-39.3735733996525,144.223668182401,90.3998238623163));
#6417=CARTESIAN_POINT('Ctrl Pts',(-39.3145971657111,144.22500362789,90.3998238623163));
#6418=CARTESIAN_POINT('Ctrl Pts',(-39.2575748258637,144.22629482981,90.3998238623163));
#6419=CARTESIAN_POINT('Ctrl Pts',(-39.2007753006913,144.230841856662,90.3998238623163));
#6420=CARTESIAN_POINT('Ctrl Pts',(-39.1444738503014,144.238780516592,90.3998238623163));
#6421=CARTESIAN_POINT('Ctrl Pts',(-39.0921147464186,144.246163294781,90.3998238623163));
#6422=CARTESIAN_POINT('Ctrl Pts',(-39.0401859946367,144.256479750485,90.3998238623163));
#6423=CARTESIAN_POINT('Ctrl Pts',(-38.9889277282007,144.269875058952,90.3998238623163));
#6424=CARTESIAN_POINT('Ctrl Pts',(-38.9669697647794,144.275613327407,90.3998238623163));
#6425=CARTESIAN_POINT('Ctrl Pts',(-38.9451351264549,144.281917071945,90.3998238623163));
#6426=CARTESIAN_POINT('Ctrl Pts',(-38.9234406001528,144.288775515018,90.3998238623163));
#6427=CARTESIAN_POINT('Ctrl Pts',(-38.0922796555245,146.688739087779,95.3998238623163));
#6428=CARTESIAN_POINT('Ctrl Pts',(-38.0508939396653,146.650573277817,95.3998238623163));
#6429=CARTESIAN_POINT('Ctrl Pts',(-38.0120531024383,146.609981824387,95.3998238623163));
#6430=CARTESIAN_POINT('Ctrl Pts',(-37.9757592518043,146.567298076237,95.3998238623163));
#6431=CARTESIAN_POINT('Ctrl Pts',(-37.9378668085849,146.522734287194,95.3998238623163));
#6432=CARTESIAN_POINT('Ctrl Pts',(-37.9027500607317,146.475889415946,95.3998238623162));
#6433=CARTESIAN_POINT('Ctrl Pts',(-37.8704383654513,146.427092343454,95.3998238623162));
#6434=CARTESIAN_POINT('Ctrl Pts',(-37.8430412829841,146.385717311669,95.3998238623162));
#6435=CARTESIAN_POINT('Ctrl Pts',(-37.8176611636955,146.342937626808,95.3998238623162));
#6436=CARTESIAN_POINT('Ctrl Pts',(-37.7943349335299,146.29893133483,95.3998238623162));
#6437=CARTESIAN_POINT('Ctrl Pts',(-37.7817768640458,146.275239805232,95.3998238623162));
#6438=CARTESIAN_POINT('Ctrl Pts',(-37.7698144111765,146.251192442016,95.3998238623162));
#6439=CARTESIAN_POINT('Ctrl Pts',(-37.7584557614516,146.226815173746,95.3998238623162));
#6440=CARTESIAN_POINT('Ctrl Pts',(-37.7543092515565,146.217916177251,95.3998238623162));
#6441=CARTESIAN_POINT('Ctrl Pts',(-37.7502446699579,146.208976183032,95.3998238623162));
#6442=CARTESIAN_POINT('Ctrl Pts',(-37.7462656522402,146.200004428723,95.3998238623162));
#6443=CARTESIAN_POINT('Ctrl Pts',(-37.721609922612,146.144411525089,95.3998238623162));
#6444=CARTESIAN_POINT('Ctrl Pts',(-37.7001959884798,146.087515594114,95.3998238623162));
#6445=CARTESIAN_POINT('Ctrl Pts',(-37.682051637161,146.029661925121,95.3998238623162));
#6446=CARTESIAN_POINT('Ctrl Pts',(-37.6635724564337,145.970740645089,95.3998238623162));
#6447=CARTESIAN_POINT('Ctrl Pts',(-37.6484840587344,145.91082507696,95.3998238623162));
#6448=CARTESIAN_POINT('Ctrl Pts',(-37.6368556748176,145.850244175784,95.3998238623162));
#6449=CARTESIAN_POINT('Ctrl Pts',(-37.6279323310762,145.803755840928,95.3998238623162));
#6450=CARTESIAN_POINT('Ctrl Pts',(-37.6210472187307,145.756874849716,95.3998238623162));
#6451=CARTESIAN_POINT('Ctrl Pts',(-37.6162503753637,145.709741093026,95.3998238623162));
#6452=CARTESIAN_POINT('Ctrl Pts',(-37.6146967468868,145.694475148109,95.3998238623162));
#6453=CARTESIAN_POINT('Ctrl Pts',(-37.6133623189569,145.679182648605,95.3998238623162));
#6454=CARTESIAN_POINT('Ctrl Pts',(-37.612249197989,145.663868260182,95.3998238623162));
#6455=CARTESIAN_POINT('Ctrl Pts',(-37.611089134236,145.647908029964,95.3998238623162));
#6456=CARTESIAN_POINT('Ctrl Pts',(-37.6101693155903,145.631917386112,95.3998238623162));
#6457=CARTESIAN_POINT('Ctrl Pts',(-37.6094934009729,145.615937419744,95.3998238623162));
#6458=CARTESIAN_POINT('Ctrl Pts',(-37.6068045313556,145.552367192162,95.3998238623162));
#6459=CARTESIAN_POINT('Ctrl Pts',(-37.6079629028619,145.488886758399,95.3998238623162));
#6460=CARTESIAN_POINT('Ctrl Pts',(-37.6130270601933,145.425843964033,95.3998238623162));
#6461=CARTESIAN_POINT('Ctrl Pts',(-37.6167824949301,145.379093224596,95.3998238623162));
#6462=CARTESIAN_POINT('Ctrl Pts',(-37.6226866727186,145.332582389347,95.3998238623162));
#6463=CARTESIAN_POINT('Ctrl Pts',(-37.6307808803601,145.286446985447,95.3998238623162));
#6464=CARTESIAN_POINT('Ctrl Pts',(-37.6414079702919,145.225874646807,95.3998238623162));
#6465=CARTESIAN_POINT('Ctrl Pts',(-37.6558080446782,145.165948865821,95.3998238623162));
#6466=CARTESIAN_POINT('Ctrl Pts',(-37.6737468710785,145.106880815558,95.3998238623162));
#6467=CARTESIAN_POINT('Ctrl Pts',(-37.6822425790179,145.078906582885,95.3998238623162));
#6468=CARTESIAN_POINT('Ctrl Pts',(-37.6915327622735,145.051124770796,95.3998238623162));
#6469=CARTESIAN_POINT('Ctrl Pts',(-37.7015964667012,145.02355840809,95.3998238623162));
#6470=CARTESIAN_POINT('Ctrl Pts',(-37.7052206572431,145.013631074501,95.3998238623162));
#6471=CARTESIAN_POINT('Ctrl Pts',(-37.7089417934419,145.003740990387,95.3998238623162));
#6472=CARTESIAN_POINT('Ctrl Pts',(-37.7127583194097,144.993889318299,95.3998238623162));
#6473=CARTESIAN_POINT('Ctrl Pts',(-37.735716915274,144.934625851999,95.3998238623162));
#6474=CARTESIAN_POINT('Ctrl Pts',(-37.762123530628,144.876750841409,95.3998238623162));
#6475=CARTESIAN_POINT('Ctrl Pts',(-37.7916842909135,144.820482771792,95.3998238623162));
#6476=CARTESIAN_POINT('Ctrl Pts',(-37.821917517329,144.762934681951,95.3998238623162));
#6477=CARTESIAN_POINT('Ctrl Pts',(-37.8554503462928,144.707066605345,95.3998238623162));
#6478=CARTESIAN_POINT('Ctrl Pts',(-37.892023921688,144.653117103901,95.3998238623162));
#6479=CARTESIAN_POINT('Ctrl Pts',(-37.9155726897771,144.618380431746,95.3998238623162));
#6480=CARTESIAN_POINT('Ctrl Pts',(-37.9403831862537,144.584439280389,95.3998238623163));
#6481=CARTESIAN_POINT('Ctrl Pts',(-37.9663970386393,144.551361001451,95.3998238623163));
#6482=CARTESIAN_POINT('Ctrl Pts',(-37.9870067893171,144.52515438385,95.3998238623163));
#6483=CARTESIAN_POINT('Ctrl Pts',(-38.008372030508,144.499489413392,95.3998238623162));
#6484=CARTESIAN_POINT('Ctrl Pts',(-38.0304670253025,144.474401613181,95.3998238623162));
#6485=CARTESIAN_POINT('Ctrl Pts',(-38.0384694408176,144.465315256587,95.3998238623162));
#6486=CARTESIAN_POINT('Ctrl Pts',(-38.046567310655,144.45630510604,95.3998238623162));
#6487=CARTESIAN_POINT('Ctrl Pts',(-38.0547501390654,144.447382674015,95.3998238623162));
#6488=CARTESIAN_POINT('Ctrl Pts',(-38.1005057474087,144.397491452456,95.3998238623162));
#6489=CARTESIAN_POINT('Ctrl Pts',(-38.1489849845776,144.350259477939,95.3998238623163));
#6490=CARTESIAN_POINT('Ctrl Pts',(-38.1999207306958,144.305947723377,95.3998238623163));
#6491=CARTESIAN_POINT('Ctrl Pts',(-38.2341769272243,144.276146409201,95.3998238623163));
#6492=CARTESIAN_POINT('Ctrl Pts',(-38.2695453092596,144.247666226037,95.3998238623163));
#6493=CARTESIAN_POINT('Ctrl Pts',(-38.3059559880272,144.220593391975,95.3998238623163));
#6494=CARTESIAN_POINT('Ctrl Pts',(-38.3197848176628,144.210311089567,95.3998238623163));
#6495=CARTESIAN_POINT('Ctrl Pts',(-38.3337640829609,144.20023186619,95.3998238623163));
#6496=CARTESIAN_POINT('Ctrl Pts',(-38.3478902527902,144.190360726931,95.3998238623163));
#6497=CARTESIAN_POINT('Ctrl Pts',(-38.3588402479198,144.182709047239,95.3998238623163));
#6498=CARTESIAN_POINT('Ctrl Pts',(-38.3698759492285,144.175184277862,95.3998238623163));
#6499=CARTESIAN_POINT('Ctrl Pts',(-38.3809882668175,144.167793310757,95.3998238623163));
#6500=CARTESIAN_POINT('Ctrl Pts',(-38.437790444803,144.130013340416,95.3998238623163));
#6501=CARTESIAN_POINT('Ctrl Pts',(-38.4966454317863,144.095688849896,95.3998238623162));
#6502=CARTESIAN_POINT('Ctrl Pts',(-38.5573068878986,144.065095273131,95.3998238623162));
#6503=CARTESIAN_POINT('Ctrl Pts',(-38.5903967465086,144.048406964039,95.3998238623162));
#6504=CARTESIAN_POINT('Ctrl Pts',(-38.6240248441214,144.032829327936,95.3998238623162));
#6505=CARTESIAN_POINT('Ctrl Pts',(-38.6581557230316,144.018411844569,95.3998238623162));
#6506=CARTESIAN_POINT('Ctrl Pts',(-38.6836750362004,144.007632037985,95.3998238623162));
#6507=CARTESIAN_POINT('Ctrl Pts',(-38.7094754899878,143.997500870547,95.3998238623162));
#6508=CARTESIAN_POINT('Ctrl Pts',(-38.7355342439249,143.988012103722,95.3998238623162));
#6509=CARTESIAN_POINT('Ctrl Pts',(-40.6648083924403,145.728723789989,94.4316965305519));
#6510=CARTESIAN_POINT('Ctrl Pts',(-40.6658774047579,145.606486582431,94.4396621258302));
#6511=CARTESIAN_POINT('Ctrl Pts',(-40.6518279079613,145.484491619343,94.4476277211086));
#6512=CARTESIAN_POINT('Ctrl Pts',(-40.6216961841777,145.366607452563,94.4555933163869));
#6513=CARTESIAN_POINT('Ctrl Pts',(-40.5026371015277,144.900813299643,94.4870676679179));
#6514=CARTESIAN_POINT('Ctrl Pts',(-40.1324915574114,144.499199642346,94.5185420194489));
#6515=CARTESIAN_POINT('Ctrl Pts',(-39.6779363354008,144.342610848043,94.5500163709799));
#6516=CARTESIAN_POINT('Ctrl Pts',(-39.2233811133902,144.186022053739,94.5814907225109));
#6517=CARTESIAN_POINT('Ctrl Pts',(-38.6844162134851,144.274458122431,94.6129650740418));
#6518=CARTESIAN_POINT('Ctrl Pts',(-38.3037421583027,144.568104046509,94.6444394255728));
#6519=CARTESIAN_POINT('Ctrl Pts',(-37.9230681031203,144.861749970587,94.6759137771038));
#6520=CARTESIAN_POINT('Ctrl Pts',(-37.7006848926605,145.360605750052,94.7073881286348));
#6521=CARTESIAN_POINT('Ctrl Pts',(-37.7367271956826,145.840017540174,94.7388624801657));
#6522=CARTESIAN_POINT('Ctrl Pts',(-37.7727694987046,146.319429330297,94.7703368316967));
#6523=CARTESIAN_POINT('Ctrl Pts',(-38.0672373152084,146.779397131077,94.8018111832276));
#6524=CARTESIAN_POINT('Ctrl Pts',(-38.4875419923284,147.01283193959,94.8332855347586));
#6525=CARTESIAN_POINT('Ctrl Pts',(-38.9078466694484,147.246266748102,94.8647598862896));
#6526=CARTESIAN_POINT('Ctrl Pts',(-39.4539882071846,147.253168564346,94.8962342378206));
#6527=CARTESIAN_POINT('Ctrl Pts',(-39.8800129963626,147.030352570981,94.9277085893516));
#6528=CARTESIAN_POINT('Ctrl Pts',(-40.3060377855406,146.807536577616,94.9591829408826));
#6529=CARTESIAN_POINT('Ctrl Pts',(-40.6119458261605,146.355002774641,94.9906572924135));
#6530=CARTESIAN_POINT('Ctrl Pts',(-40.6600368129842,145.87669114535,95.0221316439445));
#6531=CARTESIAN_POINT('Ctrl Pts',(-40.6649083439655,145.828239032496,95.0253199394803));
#6532=CARTESIAN_POINT('Ctrl Pts',(-40.6671343296542,145.779522404917,95.0285082350161));
#6533=CARTESIAN_POINT('Ctrl Pts',(-40.6668128280856,145.730776850384,95.0316965305519));
#6534=CARTESIAN_POINT('Ctrl Pts',(-39.6632481951715,143.990890695738,95.3998238623163));
#6535=CARTESIAN_POINT('Ctrl Pts',(-40.236456254037,144.143576670148,95.3683495107853));
#6536=CARTESIAN_POINT('Ctrl Pts',(-41.2104900879448,145.058320028718,95.3054008077233));
#6537=CARTESIAN_POINT('Ctrl Pts',(-40.8671367677801,147.043059846502,95.2109777531304));
#6538=CARTESIAN_POINT('Ctrl Pts',(-39.0192838985728,147.843102031732,95.1165546985375));
#6539=CARTESIAN_POINT('Ctrl Pts',(-37.3355934469426,146.741230223866,95.0221316439446));
#6540=CARTESIAN_POINT('Ctrl Pts',(-37.3303326605485,144.728111384629,94.9277085893516));
#6541=CARTESIAN_POINT('Ctrl Pts',(-39.0092243636581,143.617552495867,94.8332855347587));
#6542=CARTESIAN_POINT('Ctrl Pts',(-40.8597809587049,144.40936203577,94.7388624801657));
#6543=CARTESIAN_POINT('Ctrl Pts',(-41.2155963341198,146.390604315789,94.6444394255727));
#6544=CARTESIAN_POINT('Ctrl Pts',(-39.7561166944573,147.776874806669,94.5500163709799));
#6545=CARTESIAN_POINT('Ctrl Pts',(-37.7958097461491,147.319726387756,94.4555933163869));
#6546=CARTESIAN_POINT('Ctrl Pts',(-37.1001200463043,145.430852120441,94.361170261794));
#6547=CARTESIAN_POINT('Ctrl Pts',(-38.2956020821398,143.811395544293,94.266747207201));
#6548=CARTESIAN_POINT('Ctrl Pts',(-40.305590265497,143.919847758933,94.1723241526081));
#6549=CARTESIAN_POINT('Ctrl Pts',(-41.3198760333193,145.658537790982,94.0779010980152));
#6550=CARTESIAN_POINT('Ctrl Pts',(-40.4249845772009,147.461586951403,93.9834780434223));
#6551=CARTESIAN_POINT('Ctrl Pts',(-38.4268626514439,147.705155565112,93.8890549888294));
#6552=CARTESIAN_POINT('Ctrl Pts',(-37.125034156615,146.169883638981,93.7946319342364));
#6553=CARTESIAN_POINT('Ctrl Pts',(-37.6919360885674,144.238449114912,93.7002088796436));
#6554=CARTESIAN_POINT('Ctrl Pts',(-39.6170120978966,143.65031691197,93.6057858250505));
#6555=CARTESIAN_POINT('Ctrl Pts',(-41.1665237749786,144.935163491003,93.5113627704577));
#6556=CARTESIAN_POINT('Ctrl Pts',(-40.9449688309204,146.935846012928,93.4169397158646));
#6557=CARTESIAN_POINT('Ctrl Pts',(-39.1518813787272,147.850534232149,93.3225166612718));
#6558=CARTESIAN_POINT('Ctrl Pts',(-37.40212993044,146.85545281723,93.2280936066788));
#6559=CARTESIAN_POINT('Ctrl Pts',(-37.2715542599031,144.846779836151,93.1336705520859));
#6560=CARTESIAN_POINT('Ctrl Pts',(-38.8777518316261,143.633541808502,93.039247497493));
#6561=CARTESIAN_POINT('Ctrl Pts',(-40.7741686119118,144.30839034475,92.9448244429));
#6562=CARTESIAN_POINT('Ctrl Pts',(-41.2528768886454,146.263551600753,92.8504013883072));
#6563=CARTESIAN_POINT('Ctrl Pts',(-39.8827482621084,147.738192132538,92.7559783337141));
#6564=CARTESIAN_POINT('Ctrl Pts',(-37.8977312369523,147.40423920018,92.6615552791213));
#6565=CARTESIAN_POINT('Ctrl Pts',(-37.0855475952113,145.562453413636,92.5671322245283));
#6566=CARTESIAN_POINT('Ctrl Pts',(-38.1776562459105,143.871561386862,92.4727091699354));
#6567=CARTESIAN_POINT('Ctrl Pts',(-40.1904956381831,143.854393638961,92.3782861153425));
#6568=CARTESIAN_POINT('Ctrl Pts',(-41.3112869501367,145.526411577905,92.2838630607495));
#6569=CARTESIAN_POINT('Ctrl Pts',(-40.5306368020355,147.38178283344,92.1894400061566));
#6570=CARTESIAN_POINT('Ctrl Pts',(-38.5516047954626,147.749545615311,92.0950169515636));
#6571=CARTESIAN_POINT('Ctrl Pts',(-37.1565225529522,146.298489894225,92.0005938969708));
#6572=CARTESIAN_POINT('Ctrl Pts',(-37.6018120109819,144.335447758049,91.9061708423777));
#6573=CARTESIAN_POINT('Ctrl Pts',(-39.4864419945759,143.628350207384,91.8117477877849));
#6574=CARTESIAN_POINT('Ctrl Pts',(-41.113100122181,144.814014853484,91.7173247331919));
#6575=CARTESIAN_POINT('Ctrl Pts',(-41.0168053189482,146.82462277415,91.622901678599));
#6576=CARTESIAN_POINT('Ctrl Pts',(-39.2842816563802,147.849405068966,91.5284786240061));
#6577=CARTESIAN_POINT('Ctrl Pts',(-37.4758529585405,146.965434316517,91.4340555694131));
#6578=CARTESIAN_POINT('Ctrl Pts',(-37.2202051817006,144.968822537955,91.3396325148202));
#6579=CARTESIAN_POINT('Ctrl Pts',(-38.7475745944584,143.657731550644,91.2452094602273));
#6580=CARTESIAN_POINT('Ctrl Pts',(-40.6824048810024,144.212944949675,91.1507864056343));
#6581=CARTESIAN_POINT('Ctrl Pts',(-41.282163374612,146.13442296356,91.0563633510414));
#6582=CARTESIAN_POINT('Ctrl Pts',(-40.0067229189678,147.691689265956,90.9619402964485));
#6583=CARTESIAN_POINT('Ctrl Pts',(-38.0047127528812,147.482211705337,90.8675172418556));
#6584=CARTESIAN_POINT('Ctrl Pts',(-37.0792485127198,145.694744782808,90.7730941872626));
#6585=CARTESIAN_POINT('Ctrl Pts',(-38.0636207089506,143.938888930106,90.6786711326696));
#6586=CARTESIAN_POINT('Ctrl Pts',(-40.0716986805104,143.796417891285,90.5842480780768));
#6587=CARTESIAN_POINT('Ctrl Pts',(-41.2941451125322,145.394716905462,90.4898250234838));
#6588=CARTESIAN_POINT('Ctrl Pts',(-40.6318504897126,147.296293503175,90.395401968891));
#6589=CARTESIAN_POINT('Ctrl Pts',(-38.6776554708257,147.784356485712,90.3009789142979));
#6590=CARTESIAN_POINT('Ctrl Pts',(-37.6939058681912,146.880070004026,90.238030211236));
#6591=CARTESIAN_POINT('Ctrl Pts',(-37.4995709201398,146.31961089446,90.206555859705));
#6592=CARTESIAN_POINT('Ctrl Pts',(-39.6345271073661,144.098714345245,95.4642465298533));
#6593=CARTESIAN_POINT('Ctrl Pts',(-40.1721966381572,144.241933888219,95.4327721783223));
#6594=CARTESIAN_POINT('Ctrl Pts',(-41.0858410057686,145.099963751528,95.3698234752604));
#6595=CARTESIAN_POINT('Ctrl Pts',(-40.7637753688794,146.961650987194,95.2754004206674));
#6596=CARTESIAN_POINT('Ctrl Pts',(-39.0304881797142,147.712091075558,95.1809773660746));
#6597=CARTESIAN_POINT('Ctrl Pts',(-37.4511854446526,146.678534605505,95.0865543114816));
#6598=CARTESIAN_POINT('Ctrl Pts',(-37.4462508236048,144.790227829319,94.9921312568887));
#6599=CARTESIAN_POINT('Ctrl Pts',(-39.0210523294433,143.748522871754,94.8977082022957));
#6600=CARTESIAN_POINT('Ctrl Pts',(-40.7568756151985,144.491240733465,94.8032851477028));
#6601=CARTESIAN_POINT('Ctrl Pts',(-41.0906306679909,146.349647276439,94.7088620931098));
#6602=CARTESIAN_POINT('Ctrl Pts',(-39.721637819897,147.649969895518,94.614439038517));
#6603=CARTESIAN_POINT('Ctrl Pts',(-37.8828686316381,147.221164382236,94.520015983924));
#6604=CARTESIAN_POINT('Ctrl Pts',(-37.2303112422111,145.449399095055,94.4255929293311));
#6605=CARTESIAN_POINT('Ctrl Pts',(-38.3516741667819,143.930347776834,94.3311698747381));
#6606=CARTESIAN_POINT('Ctrl Pts',(-40.237044385722,144.032076024469,94.2367468201453));
#6607=CARTESIAN_POINT('Ctrl Pts',(-41.1884450934381,145.662968401617,94.1423237655522));
#6608=CARTESIAN_POINT('Ctrl Pts',(-40.3490363274962,147.354229682896,94.0479007109594));
#6609=CARTESIAN_POINT('Ctrl Pts',(-38.4747966658772,147.582697200447,93.9534776563664));
#6610=CARTESIAN_POINT('Ctrl Pts',(-37.2536806938328,146.142611138514,93.8590546017735));
#6611=CARTESIAN_POINT('Ctrl Pts',(-37.7854350734916,144.330924302907,93.7646315471805));
#6612=CARTESIAN_POINT('Ctrl Pts',(-39.5911576181502,143.779255915298,93.6702084925876));
#6613=CARTESIAN_POINT('Ctrl Pts',(-41.0446005757057,144.984442839318,93.5757854379947));
#6614=CARTESIAN_POINT('Ctrl Pts',(-40.8367818945587,146.861084341802,93.4813623834018));
#6615=CARTESIAN_POINT('Ctrl Pts',(-39.1548647020538,147.719062484367,93.3869393288088));
#6616=CARTESIAN_POINT('Ctrl Pts',(-37.5135967093047,146.785675472123,93.2925162742159));
#6617=CARTESIAN_POINT('Ctrl Pts',(-37.3911166456969,144.901538913772,93.1980932196229));
#6618=CARTESIAN_POINT('Ctrl Pts',(-38.8977310091718,143.763520857371,93.1036701650301));
#6619=CARTESIAN_POINT('Ctrl Pts',(-40.6765711784094,144.396529221834,93.009247110437));
#6620=CARTESIAN_POINT('Ctrl Pts',(-41.1255998523026,146.230471747375,92.9148240558442));
#6621=CARTESIAN_POINT('Ctrl Pts',(-39.8404183124412,147.613685522108,92.8204010012512));
#6622=CARTESIAN_POINT('Ctrl Pts',(-37.978471056081,147.300437455074,92.7259779466583));
#6623=CARTESIAN_POINT('Ctrl Pts',(-37.2166422736394,145.572841193381,92.6315548920654));
#6624=CARTESIAN_POINT('Ctrl Pts',(-38.2410408959419,143.986783376166,92.5371318374725));
#6625=CARTESIAN_POINT('Ctrl Pts',(-40.1290855506928,143.970680017506,92.4427087828796));
#6626=CARTESIAN_POINT('Ctrl Pts',(-41.1803885278451,145.539033928101,92.3482857282866));
#6627=CARTESIAN_POINT('Ctrl Pts',(-40.4481381828789,147.279373368515,92.2538626736937));
#6628=CARTESIAN_POINT('Ctrl Pts',(-38.5918048778293,147.624335096308,92.1594396191007));
#6629=CARTESIAN_POINT('Ctrl Pts',(-37.2832168300091,146.263243889299,92.0650165645078));
#6630=CARTESIAN_POINT('Ctrl Pts',(-37.7008986302945,144.421909093048,91.9705935099149));
#6631=CARTESIAN_POINT('Ctrl Pts',(-39.4686827765949,143.758651132157,91.8761704553219));
#6632=CARTESIAN_POINT('Ctrl Pts',(-40.9944891547503,144.870805338792,91.781747400729));
#6633=CARTESIAN_POINT('Ctrl Pts',(-40.904164566896,146.756756871729,91.6873243461361));
#6634=CARTESIAN_POINT('Ctrl Pts',(-39.2790562483192,147.718003328569,91.5929012915431));
#6635=CARTESIAN_POINT('Ctrl Pts',(-37.582748957453,146.888838189749,91.4984782369502));
#6636=CARTESIAN_POINT('Ctrl Pts',(-37.3429511770566,145.016015047177,91.4040551823573));
#6637=CARTESIAN_POINT('Ctrl Pts',(-38.7756246763225,143.78621085118,91.3096321277643));
#6638=CARTESIAN_POINT('Ctrl Pts',(-40.5904967393317,144.307001379382,91.2152090731714));
#6639=CARTESIAN_POINT('Ctrl Pts',(-41.1530705951239,146.109349001982,91.1207860185785));
#6640=CARTESIAN_POINT('Ctrl Pts',(-39.9567066209404,147.570065803109,91.0263629639856));
#6641=CARTESIAN_POINT('Ctrl Pts',(-38.0788197873718,147.373575715457,90.9319399093926));
#6642=CARTESIAN_POINT('Ctrl Pts',(-37.2107337301791,145.69693058342,90.8375168547997));
#6643=CARTESIAN_POINT('Ctrl Pts',(-38.1340754883512,144.049936655373,90.7430938002068));
#6644=CARTESIAN_POINT('Ctrl Pts',(-40.0176539273871,143.916298728604,90.6486707456138));
#6645=CARTESIAN_POINT('Ctrl Pts',(-41.1643094730601,145.41550423998,90.5542476910209));
#6646=CARTESIAN_POINT('Ctrl Pts',(-40.5430766875306,147.19918432131,90.459824636428));
#6647=CARTESIAN_POINT('Ctrl Pts',(-38.7100404930308,147.65698771531,90.365401581835));
#6648=CARTESIAN_POINT('Ctrl Pts',(-37.7872827280556,146.808766409296,90.3024528787731));
#6649=CARTESIAN_POINT('Ctrl Pts',(-37.6049964208081,146.283055401212,90.2709785272421));
#6650=CARTESIAN_POINT('Ctrl Pts',(-39.6058060195606,144.206537994752,95.5286691973904));
#6651=CARTESIAN_POINT('Ctrl Pts',(-40.1079370222775,144.34029110629,95.4971948458594));
#6652=CARTESIAN_POINT('Ctrl Pts',(-40.9611919235925,145.141607474339,95.4342461427975));
#6653=CARTESIAN_POINT('Ctrl Pts',(-40.6604139699787,146.880242127887,95.3398230882046));
#6654=CARTESIAN_POINT('Ctrl Pts',(-39.0416924608556,147.581080119384,95.2454000336116));
#6655=CARTESIAN_POINT('Ctrl Pts',(-37.5667774423626,146.615838987143,95.1509769790187));
#6656=CARTESIAN_POINT('Ctrl Pts',(-37.562168986661,144.85234427401,95.0565539244257));
#6657=CARTESIAN_POINT('Ctrl Pts',(-39.0328802952284,143.879493247641,94.9621308698329));
#6658=CARTESIAN_POINT('Ctrl Pts',(-40.6539702716922,144.573119431159,94.8677078152399));
#6659=CARTESIAN_POINT('Ctrl Pts',(-40.965665001862,146.308690237089,94.7732847606469));
#6660=CARTESIAN_POINT('Ctrl Pts',(-39.6871589453367,147.523064984367,94.678861706054));
#6661=CARTESIAN_POINT('Ctrl Pts',(-37.9699275171271,147.122602376717,94.5844386514611));
#6662=CARTESIAN_POINT('Ctrl Pts',(-37.3605024381178,145.467946069668,94.4900155968682));
#6663=CARTESIAN_POINT('Ctrl Pts',(-38.4077462514239,144.049300009375,94.3955925422753));
#6664=CARTESIAN_POINT('Ctrl Pts',(-40.168498505947,144.144304290006,94.3011694876822));
#6665=CARTESIAN_POINT('Ctrl Pts',(-41.0570141535569,145.667399012252,94.2067464330894));
#6666=CARTESIAN_POINT('Ctrl Pts',(-40.2730880777915,147.24687241439,94.1123233784964));
#6667=CARTESIAN_POINT('Ctrl Pts',(-38.5227306803105,147.460238835781,94.0179003239036));
#6668=CARTESIAN_POINT('Ctrl Pts',(-37.3823272310506,146.115338638046,93.9234772693105));
#6669=CARTESIAN_POINT('Ctrl Pts',(-37.8789340584158,144.423399490903,93.8290542147176));
#6670=CARTESIAN_POINT('Ctrl Pts',(-39.5653031384037,143.908194918626,93.7346311601247));
#6671=CARTESIAN_POINT('Ctrl Pts',(-40.9226773764328,145.033722187632,93.6402081055318));
#6672=CARTESIAN_POINT('Ctrl Pts',(-40.7285949581971,146.786322670676,93.5457850509388));
#6673=CARTESIAN_POINT('Ctrl Pts',(-39.1578480253804,147.587590736585,93.451361996346));
#6674=CARTESIAN_POINT('Ctrl Pts',(-37.6250634881694,146.715898127016,93.3569389417529));
#6675=CARTESIAN_POINT('Ctrl Pts',(-37.5106790314908,144.956297991394,93.26251588716));
#6676=CARTESIAN_POINT('Ctrl Pts',(-38.9177101867174,143.893499906239,93.1680928325671));
#6677=CARTESIAN_POINT('Ctrl Pts',(-40.5789737449071,144.484668098918,93.0736697779742));
#6678=CARTESIAN_POINT('Ctrl Pts',(-40.9983228159598,146.197391893997,92.9792467233813));
#6679=CARTESIAN_POINT('Ctrl Pts',(-39.7980883627739,147.489178911677,92.8848236687883));
#6680=CARTESIAN_POINT('Ctrl Pts',(-38.0592108752096,147.196635709969,92.7904006141954));
#6681=CARTESIAN_POINT('Ctrl Pts',(-37.3477369520675,145.583228973125,92.6959775596024));
#6682=CARTESIAN_POINT('Ctrl Pts',(-38.3044255459731,144.102005365469,92.6015545050096));
#6683=CARTESIAN_POINT('Ctrl Pts',(-40.0676754632026,144.086966396051,92.5071314504166));
#6684=CARTESIAN_POINT('Ctrl Pts',(-41.0494901055534,145.551656278297,92.4127083958237));
#6685=CARTESIAN_POINT('Ctrl Pts',(-40.3656395637223,147.176963903591,92.3182853412307));
#6686=CARTESIAN_POINT('Ctrl Pts',(-38.6320049601961,147.499124577306,92.2238622866378));
#6687=CARTESIAN_POINT('Ctrl Pts',(-37.4099111070659,146.227997884374,92.1294392320449));
#6688=CARTESIAN_POINT('Ctrl Pts',(-37.7999852496071,144.508370428047,92.035016177452));
#6689=CARTESIAN_POINT('Ctrl Pts',(-39.4509235586138,143.88895205693,91.940593122859));
#6690=CARTESIAN_POINT('Ctrl Pts',(-40.8758781873196,144.927595824099,91.8461700682661));
#6691=CARTESIAN_POINT('Ctrl Pts',(-40.7915238148438,146.688890969308,91.7517470136731));
#6692=CARTESIAN_POINT('Ctrl Pts',(-39.2738308402582,147.586601588173,91.6573239590802));
#6693=CARTESIAN_POINT('Ctrl Pts',(-37.6896449563656,146.81224206298,91.5629009044872));
#6694=CARTESIAN_POINT('Ctrl Pts',(-37.4656971724125,145.0632075564,91.4684778498944));
#6695=CARTESIAN_POINT('Ctrl Pts',(-38.8036747581867,143.914690151717,91.3740547953014));
#6696=CARTESIAN_POINT('Ctrl Pts',(-40.498588597661,144.401057809089,91.2796317407086));
#6697=CARTESIAN_POINT('Ctrl Pts',(-41.0239778156357,146.084275040403,91.1852086861155));
#6698=CARTESIAN_POINT('Ctrl Pts',(-39.906690322913,147.448442340262,91.0907856315226));
#6699=CARTESIAN_POINT('Ctrl Pts',(-38.1529268218623,147.264939725576,90.9963625769298));
#6700=CARTESIAN_POINT('Ctrl Pts',(-37.3422189476383,145.699116384032,90.9019395223367));
#6701=CARTESIAN_POINT('Ctrl Pts',(-38.2045302677518,144.16098438064,90.8075164677439));
#6702=CARTESIAN_POINT('Ctrl Pts',(-39.9636091742638,144.036179565923,90.7130934131509));
#6703=CARTESIAN_POINT('Ctrl Pts',(-41.0344738335879,145.436291574498,90.618670358558));
#6704=CARTESIAN_POINT('Ctrl Pts',(-40.4543028853486,147.102075139444,90.5242473039651));
#6705=CARTESIAN_POINT('Ctrl Pts',(-38.742425515236,147.529618944909,90.4298242493721));
#6706=CARTESIAN_POINT('Ctrl Pts',(-37.88065958792,146.737462814566,90.3668755463102));
#6707=CARTESIAN_POINT('Ctrl Pts',(-37.7104219214764,146.246499907964,90.3354011947792));
#6708=CARTESIAN_POINT('Ctrl Pts',(-39.5770849317551,144.31436164426,95.5930918649275));
#6709=CARTESIAN_POINT('Ctrl Pts',(-40.0436774063977,144.43864832436,95.5616175133965));
#6710=CARTESIAN_POINT('Ctrl Pts',(-40.8365428414164,145.18325119715,95.4986688103345));
#6711=CARTESIAN_POINT('Ctrl Pts',(-40.5570525710781,146.798833268579,95.4042457557416));
#6712=CARTESIAN_POINT('Ctrl Pts',(-39.052896741997,147.45006916321,95.3098227011486));
#6713=CARTESIAN_POINT('Ctrl Pts',(-37.6823694400727,146.553143368781,95.2153996465558));
#6714=CARTESIAN_POINT('Ctrl Pts',(-37.6780871497172,144.9144607187,95.1209765919627));
#6715=CARTESIAN_POINT('Ctrl Pts',(-39.0447082610135,144.010463623528,95.0265535373699));
#6716=CARTESIAN_POINT('Ctrl Pts',(-40.551064928186,144.654998128853,94.932130482777));
#6717=CARTESIAN_POINT('Ctrl Pts',(-40.840699335733,146.267733197739,94.837707428184));
#6718=CARTESIAN_POINT('Ctrl Pts',(-39.6526800707765,147.396160073216,94.7432843735911));
#6719=CARTESIAN_POINT('Ctrl Pts',(-38.0569864026161,147.024040371197,94.6488613189982));
#6720=CARTESIAN_POINT('Ctrl Pts',(-37.4906936340246,145.486493044282,94.5544382644052));
#6721=CARTESIAN_POINT('Ctrl Pts',(-38.463818336066,144.168252241916,94.4600152098123));
#6722=CARTESIAN_POINT('Ctrl Pts',(-40.099952626172,144.256532555542,94.3655921552194));
#6723=CARTESIAN_POINT('Ctrl Pts',(-40.9255832136757,145.671829622886,94.2711691006264));
#6724=CARTESIAN_POINT('Ctrl Pts',(-40.1971398280868,147.139515145884,94.1767460460336));
#6725=CARTESIAN_POINT('Ctrl Pts',(-38.5706646947439,147.337780471115,94.0823229914405));
#6726=CARTESIAN_POINT('Ctrl Pts',(-37.5109737682684,146.088066137579,93.9878999368477));
#6727=CARTESIAN_POINT('Ctrl Pts',(-37.9724330433401,144.515874678898,93.8934768822546));
#6728=CARTESIAN_POINT('Ctrl Pts',(-39.5394486586573,144.037133921954,93.7990538276619));
#6729=CARTESIAN_POINT('Ctrl Pts',(-40.8007541771599,145.083001535947,93.7046307730688));
#6730=CARTESIAN_POINT('Ctrl Pts',(-40.6204080218355,146.711560999549,93.6102077184759));
#6731=CARTESIAN_POINT('Ctrl Pts',(-39.160831348707,147.456118988803,93.515784663883));
#6732=CARTESIAN_POINT('Ctrl Pts',(-37.736530267034,146.646120781909,93.4213616092901));
#6733=CARTESIAN_POINT('Ctrl Pts',(-37.6302414172846,145.011057069016,93.3269385546971));
#6734=CARTESIAN_POINT('Ctrl Pts',(-38.937689364263,144.023478955108,93.2325155001042));
#6735=CARTESIAN_POINT('Ctrl Pts',(-40.4813763114047,144.572806976001,93.1380924455113));
#6736=CARTESIAN_POINT('Ctrl Pts',(-40.8710457796169,146.164312040619,93.0436693909183));
#6737=CARTESIAN_POINT('Ctrl Pts',(-39.7557584131067,147.364672301247,92.9492463363254));
#6738=CARTESIAN_POINT('Ctrl Pts',(-38.1399506943382,147.092833964864,92.8548232817324));
#6739=CARTESIAN_POINT('Ctrl Pts',(-37.4788316304956,145.59361675287,92.7604002271396));
#6740=CARTESIAN_POINT('Ctrl Pts',(-38.3678101960044,144.217227354773,92.6659771725466));
#6741=CARTESIAN_POINT('Ctrl Pts',(-40.0062653757124,144.203252774595,92.5715541179537));
#6742=CARTESIAN_POINT('Ctrl Pts',(-40.9185916832617,145.564278628493,92.4771310633608));
#6743=CARTESIAN_POINT('Ctrl Pts',(-40.2831409445657,147.074554438666,92.3827080087678));
#6744=CARTESIAN_POINT('Ctrl Pts',(-38.6722050425629,147.373914058303,92.2882849541749));
#6745=CARTESIAN_POINT('Ctrl Pts',(-37.5366053841228,146.192751879449,92.1938618995819));
#6746=CARTESIAN_POINT('Ctrl Pts',(-37.8990718689198,144.594831763046,92.099438844989));
#6747=CARTESIAN_POINT('Ctrl Pts',(-39.4331643406327,144.019252981702,92.0050157903961));
#6748=CARTESIAN_POINT('Ctrl Pts',(-40.7572672198889,144.984386309406,91.9105927358031));
#6749=CARTESIAN_POINT('Ctrl Pts',(-40.6788830627916,146.621025066887,91.8161696812102));
#6750=CARTESIAN_POINT('Ctrl Pts',(-39.2686054321972,147.455199847776,91.7217466266173));
#6751=CARTESIAN_POINT('Ctrl Pts',(-37.7965409552781,146.735645936212,91.6273235720243));
#6752=CARTESIAN_POINT('Ctrl Pts',(-37.5884431677685,145.110400065622,91.5329005174314));
#6753=CARTESIAN_POINT('Ctrl Pts',(-38.8317248400508,144.043169452253,91.4384774628385));
#6754=CARTESIAN_POINT('Ctrl Pts',(-40.4066804559903,144.495114238796,91.3440544082455));
#6755=CARTESIAN_POINT('Ctrl Pts',(-40.8948850361476,146.059201078825,91.2496313536527));
#6756=CARTESIAN_POINT('Ctrl Pts',(-39.8566740248855,147.326818877414,91.1552082990597));
#6757=CARTESIAN_POINT('Ctrl Pts',(-38.2270338563528,147.156303735696,91.0607852444668));
#6758=CARTESIAN_POINT('Ctrl Pts',(-37.4737041650976,145.701302184644,90.9663621898738));
#6759=CARTESIAN_POINT('Ctrl Pts',(-38.2749850471524,144.272032105907,90.871939135281));
#6760=CARTESIAN_POINT('Ctrl Pts',(-39.9095644211405,144.156060403241,90.7775160806879));
#6761=CARTESIAN_POINT('Ctrl Pts',(-40.9046381941157,145.457078909016,90.6830930260951));
#6762=CARTESIAN_POINT('Ctrl Pts',(-40.3655290831666,147.004965957578,90.5886699715022));
#6763=CARTESIAN_POINT('Ctrl Pts',(-38.7748105374411,147.402250174507,90.4942469169092));
#6764=CARTESIAN_POINT('Ctrl Pts',(-37.9740364477844,146.666159219835,90.4312982138473));
#6765=CARTESIAN_POINT('Ctrl Pts',(-37.8158474221446,146.209944414715,90.3998238623163));
#6766=CARTESIAN_POINT('Ctrl Pts',(-37.8158474221446,146.209944414715,90.3998238623163));
#6767=CARTESIAN_POINT('Ctrl Pts',(-37.828308767453,146.265320078325,90.3998238623163));
#6768=CARTESIAN_POINT('Ctrl Pts',(-37.8442104502901,146.319739531037,90.3998238623163));
#6769=CARTESIAN_POINT('Ctrl Pts',(-37.8632771650975,146.373027364243,90.3998238623163));
#6770=CARTESIAN_POINT('Ctrl Pts',(-37.8743621446433,146.404007768948,90.3998238623163));
#6771=CARTESIAN_POINT('Ctrl Pts',(-37.8865179127316,146.434605786932,90.3998238623163));
#6772=CARTESIAN_POINT('Ctrl Pts',(-37.899698162914,146.464786851298,90.3998238623163));
#6773=CARTESIAN_POINT('Ctrl Pts',(-37.9101507775371,146.488721983816,90.3998238623163));
#6774=CARTESIAN_POINT('Ctrl Pts',(-37.9212478349148,146.512394885698,90.3998238623163));
#6775=CARTESIAN_POINT('Ctrl Pts',(-37.9329685855459,146.5357879309,90.3998238623163));
#6776=CARTESIAN_POINT('Ctrl Pts',(-37.9388706426657,146.547567644789,90.3998238623163));
#6777=CARTESIAN_POINT('Ctrl Pts',(-37.9449306263794,146.559275623296,90.3998238623163));
#6778=CARTESIAN_POINT('Ctrl Pts',(-37.951139439092,146.570898010496,90.3998238623163));
#6779=CARTESIAN_POINT('Ctrl Pts',(-37.9793818565413,146.623765495195,90.3998238623163));
#6780=CARTESIAN_POINT('Ctrl Pts',(-38.0107309766106,146.674926579596,90.3998238623163));
#6781=CARTESIAN_POINT('Ctrl Pts',(-38.0449108497429,146.724180251977,90.3998238623163));
#6782=CARTESIAN_POINT('Ctrl Pts',(-38.0680350828605,146.757502593392,90.3998238623163));
#6783=CARTESIAN_POINT('Ctrl Pts',(-38.0924561716615,146.78995184115,90.3998238623163));
#6784=CARTESIAN_POINT('Ctrl Pts',(-38.1181016209721,146.821462326362,90.3998238623163));
#6785=CARTESIAN_POINT('Ctrl Pts',(-38.1256688504274,146.830760158073,90.3998238623163));
#6786=CARTESIAN_POINT('Ctrl Pts',(-38.1333427450128,146.839976228037,90.3998238623163));
#6787=CARTESIAN_POINT('Ctrl Pts',(-38.1411215978236,146.84910877513,90.3998238623163));
#6788=CARTESIAN_POINT('Ctrl Pts',(-38.1493147545439,146.858727724274,90.3998238623163));
#6789=CARTESIAN_POINT('Ctrl Pts',(-38.1576194826975,146.868248228965,90.3998238623163));
#6790=CARTESIAN_POINT('Ctrl Pts',(-38.1660290403983,146.877663805392,90.3998238623163));
#6791=CARTESIAN_POINT('Ctrl Pts',(-38.2070966593448,146.923644262225,90.3998238623163));
#6792=CARTESIAN_POINT('Ctrl Pts',(-38.2506907727334,146.967159452414,90.3998238623163));
#6793=CARTESIAN_POINT('Ctrl Pts',(-38.2965317977693,147.008005449027,90.3998238623163));
#6794=CARTESIAN_POINT('Ctrl Pts',(-38.3429845541735,147.049396520217,90.3998238623163));
#6795=CARTESIAN_POINT('Ctrl Pts',(-38.3917451347917,147.088047647413,90.3998238623163));
#6796=CARTESIAN_POINT('Ctrl Pts',(-38.4425703905435,147.123724771524,90.3998238623163));
#6797=CARTESIAN_POINT('Ctrl Pts',(-38.4927543549178,147.158951736914,90.3998238623163));
#6798=CARTESIAN_POINT('Ctrl Pts',(-38.5449519470591,147.191280127369,90.3998238623163));
#6799=CARTESIAN_POINT('Ctrl Pts',(-38.598965579384,147.220450065936,90.3998238623163));
#6800=CARTESIAN_POINT('Ctrl Pts',(-38.6118691622484,147.227418616341,90.3998238623163));
#6801=CARTESIAN_POINT('Ctrl Pts',(-38.6248808827912,147.234208750547,90.3998238623163));
#6802=CARTESIAN_POINT('Ctrl Pts',(-38.6379713113006,147.240803452598,90.3998238623163));
#6803=CARTESIAN_POINT('Ctrl Pts',(-38.690550761244,147.267291951898,90.3998238623163));
#6804=CARTESIAN_POINT('Ctrl Pts',(-38.7444694211349,147.290670428753,90.3998238623163));
#6805=CARTESIAN_POINT('Ctrl Pts',(-38.7995187250559,147.310760111096,90.3998238623163));
#6806=CARTESIAN_POINT('Ctrl Pts',(-38.8568850708289,147.331695374246,90.3998238623163));
#6807=CARTESIAN_POINT('Ctrl Pts',(-38.9154794227616,147.349060729183,90.3998238623163));
#6808=CARTESIAN_POINT('Ctrl Pts',(-38.9749940361913,147.362979667691,90.3998238623163));
#6809=CARTESIAN_POINT('Ctrl Pts',(-39.0360232825631,147.377252839916,90.3998238623163));
#6810=CARTESIAN_POINT('Ctrl Pts',(-39.0980210426684,147.387902148121,90.3998238623163));
#6811=CARTESIAN_POINT('Ctrl Pts',(-39.1606794683504,147.395012286932,90.3998238623163));
#6812=CARTESIAN_POINT('Ctrl Pts',(-39.178214391435,147.397002055041,90.3998238623163));
#6813=CARTESIAN_POINT('Ctrl Pts',(-39.1958011538522,147.398714355142,90.3998238623163));
#6814=CARTESIAN_POINT('Ctrl Pts',(-39.2134331923698,147.400150353915,90.3998238623163));
#6815=CARTESIAN_POINT('Ctrl Pts',(-39.2242327998758,147.401029901853,90.3998238623163));
#6816=CARTESIAN_POINT('Ctrl Pts',(-39.2350486604806,147.401805643718,90.3998238623163));
#6817=CARTESIAN_POINT('Ctrl Pts',(-39.2458660927806,147.402477269682,90.3998238623163));
#6818=CARTESIAN_POINT('Ctrl Pts',(-39.3102448277836,147.406474376274,90.3998238623163));
#6819=CARTESIAN_POINT('Ctrl Pts',(-39.3747977998436,147.406798146516,90.3998238623163));
#6820=CARTESIAN_POINT('Ctrl Pts',(-39.4391864658578,147.403589696988,90.3998238623163));
#6821=CARTESIAN_POINT('Ctrl Pts',(-39.5049431446173,147.400313080185,90.3998238623163));
#6822=CARTESIAN_POINT('Ctrl Pts',(-39.570529431858,147.393352693988,90.3998238623163));
#6823=CARTESIAN_POINT('Ctrl Pts',(-39.6356043099253,147.38280766772,90.3998238623163));
#6824=CARTESIAN_POINT('Ctrl Pts',(-39.7009866658906,147.37221281635,90.3998238623163));
#6825=CARTESIAN_POINT('Ctrl Pts',(-39.7658538829845,147.357999375729,90.3998238623163));
#6826=CARTESIAN_POINT('Ctrl Pts',(-39.8298637366972,147.340215895827,90.3998238623163));
#6827=CARTESIAN_POINT('Ctrl Pts',(-39.8428034439289,147.33662093333,90.3998238623163));
#6828=CARTESIAN_POINT('Ctrl Pts',(-39.855708094542,147.332879910657,90.3998238623163));
#6829=CARTESIAN_POINT('Ctrl Pts',(-39.8685748151129,147.328992971932,90.3998238623163));
#6830=CARTESIAN_POINT('Ctrl Pts',(-39.879112379255,147.325809653704,90.3998238623163));
#6831=CARTESIAN_POINT('Ctrl Pts',(-39.8896234754863,147.322528693264,90.3998238623163));
#6832=CARTESIAN_POINT('Ctrl Pts',(-39.9000945294544,147.319154294012,90.3998238623163));
#6833=CARTESIAN_POINT('Ctrl Pts',(-39.9650076410164,147.298235410794,90.3998238623163));
#6834=CARTESIAN_POINT('Ctrl Pts',(-40.0285047858592,147.273693098286,90.3998238623163));
#6835=CARTESIAN_POINT('Ctrl Pts',(-40.0902291258597,147.24564249032,90.3998238623163));
#6836=CARTESIAN_POINT('Ctrl Pts',(-40.1514768438723,147.217808483075,90.3998238623163));
#6837=CARTESIAN_POINT('Ctrl Pts',(-40.2109801565516,147.186520008065,90.3998238623163));
#6838=CARTESIAN_POINT('Ctrl Pts',(-40.2683886511814,147.151839252375,90.3998238623163));
#6839=CARTESIAN_POINT('Ctrl Pts',(-40.3176650657999,147.12207112646,90.3998238623163));
#6840=CARTESIAN_POINT('Ctrl Pts',(-40.365398488814,147.0898028712,90.3998238623163));
#6841=CARTESIAN_POINT('Ctrl Pts',(-40.411356724661,147.055044993356,90.3998238623163));
#6842=CARTESIAN_POINT('Ctrl Pts',(-40.4334412442633,147.038342632605,90.3998238623163));
#6843=CARTESIAN_POINT('Ctrl Pts',(-40.4551156396575,147.021064984112,90.3998238623163));
#6844=CARTESIAN_POINT('Ctrl Pts',(-40.4763729300655,147.003233099694,90.3998238623163));
#6845=CARTESIAN_POINT('Ctrl Pts',(-40.6639313073914,145.73112900582,94.8679511940806));
#6846=CARTESIAN_POINT('Ctrl Pts',(-40.6650754428054,145.886068781369,94.8578699387817));
#6847=CARTESIAN_POINT('Ctrl Pts',(-40.6423825994937,146.040682506093,94.8477886834829));
#6848=CARTESIAN_POINT('Ctrl Pts',(-40.5944237236491,146.187015165504,94.837707428184));
#6849=CARTESIAN_POINT('Ctrl Pts',(-40.4446929140809,146.643875489565,94.806233076653));
#6850=CARTESIAN_POINT('Ctrl Pts',(-40.0486864924287,147.02001778139,94.7747587251221));
#6851=CARTESIAN_POINT('Ctrl Pts',(-39.5847343369092,147.146068976967,94.7432843735911));
#6852=CARTESIAN_POINT('Ctrl Pts',(-39.1207821813897,147.272120172543,94.7118100220601));
#6853=CARTESIAN_POINT('Ctrl Pts',(-38.5888842920029,147.14808027187,94.6803356705292));
#6854=CARTESIAN_POINT('Ctrl Pts',(-38.2285532192109,146.829802433714,94.6488613189982));
#6855=CARTESIAN_POINT('Ctrl Pts',(-37.868222146419,146.511524595559,94.6173869674672));
#6856=CARTESIAN_POINT('Ctrl Pts',(-37.6794578902218,145.99900881992,94.5859126159362));
#6857=CARTESIAN_POINT('Ctrl Pts',(-37.7472632124634,145.523044131707,94.5544382644052));
#6858=CARTESIAN_POINT('Ctrl Pts',(-37.8150685347051,145.047079443493,94.5229639128743));
#6859=CARTESIAN_POINT('Ctrl Pts',(-38.1394434353855,144.607665842705,94.4914895613433));
#6860=CARTESIAN_POINT('Ctrl Pts',(-38.5743199340768,144.402672427915,94.4600152098123));
#6861=CARTESIAN_POINT('Ctrl Pts',(-39.009196432768,144.197679013125,94.4285408582813));
#6862=CARTESIAN_POINT('Ctrl Pts',(-39.55457452947,144.227105784334,94.3970665067503));
#6863=CARTESIAN_POINT('Ctrl Pts',(-39.9648686757383,144.477702014495,94.3655921552194));
#6864=CARTESIAN_POINT('Ctrl Pts',(-40.3751628220066,144.728298244657,94.3341178036884));
#6865=CARTESIAN_POINT('Ctrl Pts',(-40.6503730178411,145.200063933771,94.3026434521574));
#6866=CARTESIAN_POINT('Ctrl Pts',(-40.6665708848269,145.680561032162,94.2711691006264));
#6867=CARTESIAN_POINT('Ctrl Pts',(-40.6671229027894,145.696936214736,94.2700964651112));
#6868=CARTESIAN_POINT('Ctrl Pts',(-40.6673740976398,145.713321538177,94.2690238295959));
#6869=CARTESIAN_POINT('Ctrl Pts',(-40.6673287971735,145.729708282747,94.2679511940806));
#6870=CARTESIAN_POINT('Ctrl Pts',(-39.6632481951715,143.990890695738,95.3998238623163));
#6871=CARTESIAN_POINT('Ctrl Pts',(-39.7254828170474,144.013747128985,95.3998238623163));
#6872=CARTESIAN_POINT('Ctrl Pts',(-39.7861349389351,144.040249024543,95.3998238623162));
#6873=CARTESIAN_POINT('Ctrl Pts',(-39.8450201920966,144.070112681903,95.3998238623162));
#6874=CARTESIAN_POINT('Ctrl Pts',(-39.9055697917041,144.100820412598,95.3998238623162));
#6875=CARTESIAN_POINT('Ctrl Pts',(-39.9642520313199,144.135083334054,95.3998238623162));
#6876=CARTESIAN_POINT('Ctrl Pts',(-40.0208353229061,144.172637527058,95.3998238623162));
#6877=CARTESIAN_POINT('Ctrl Pts',(-40.0661538093286,144.202715296273,95.3998238623162));
#6878=CARTESIAN_POINT('Ctrl Pts',(-40.1101254177386,144.234905351779,95.3998238623163));
#6879=CARTESIAN_POINT('Ctrl Pts',(-40.1526121797494,144.269086959427,95.3998238623163));
#6880=CARTESIAN_POINT('Ctrl Pts',(-40.1713839998045,144.284189333851,95.3998238623163));
#6881=CARTESIAN_POINT('Ctrl Pts',(-40.189865716374,144.299680623682,95.3998238623162));
#6882=CARTESIAN_POINT('Ctrl Pts',(-40.2080441927641,144.315550984472,95.3998238623162));
#6883=CARTESIAN_POINT('Ctrl Pts',(-40.2184383498615,144.324625398614,95.3998238623162));
#6884=CARTESIAN_POINT('Ctrl Pts',(-40.2287333520455,144.33382375041,95.3998238623163));
#6885=CARTESIAN_POINT('Ctrl Pts',(-40.2389266219854,144.343144237079,95.3998238623163));
#6886=CARTESIAN_POINT('Ctrl Pts',(-40.2463019999433,144.349888109492,95.3998238623163));
#6887=CARTESIAN_POINT('Ctrl Pts',(-40.2536227302718,144.356694725665,95.3998238623162));
#6888=CARTESIAN_POINT('Ctrl Pts',(-40.2608812833992,144.363556906416,95.3998238623162));
#6889=CARTESIAN_POINT('Ctrl Pts',(-40.3091039806026,144.409146276462,95.3998238623162));
#6890=CARTESIAN_POINT('Ctrl Pts',(-40.3546709734456,144.457262930626,95.3998238623162));
#6891=CARTESIAN_POINT('Ctrl Pts',(-40.3973684917489,144.507656231686,95.3998238623162));
#6892=CARTESIAN_POINT('Ctrl Pts',(-40.4405127297613,144.558576769027,95.3998238623162));
#6893=CARTESIAN_POINT('Ctrl Pts',(-40.4807278494,144.611822727663,95.3998238623162));
#6894=CARTESIAN_POINT('Ctrl Pts',(-40.5177454465974,144.66716125434,95.3998238623162));
#6895=CARTESIAN_POINT('Ctrl Pts',(-40.5455086444954,144.708665149348,95.3998238623162));
#6896=CARTESIAN_POINT('Ctrl Pts',(-40.571472307165,144.751346725927,95.3998238623162));
#6897=CARTESIAN_POINT('Ctrl Pts',(-40.5955021992524,144.795112548244,95.3998238623162));
#6898=CARTESIAN_POINT('Ctrl Pts',(-40.6067408270425,144.815581545156,95.3998238623162));
#6899=CARTESIAN_POINT('Ctrl Pts',(-40.6175561934921,144.836287740834,95.3998238623162));
#6900=CARTESIAN_POINT('Ctrl Pts',(-40.6279330563014,144.857221656505,95.3998238623162));
#6901=CARTESIAN_POINT('Ctrl Pts',(-40.6341981941933,144.86986072389,95.3998238623162));
#6902=CARTESIAN_POINT('Ctrl Pts',(-40.6403048787014,144.882586156301,95.3998238623162));
#6903=CARTESIAN_POINT('Ctrl Pts',(-40.6462389006534,144.895371924367,95.3998238623162));
#6904=CARTESIAN_POINT('Ctrl Pts',(-40.6725396844083,144.952041030713,95.3998238623162));
#6905=CARTESIAN_POINT('Ctrl Pts',(-40.6954981840119,145.009982356603,95.3998238623163));
#6906=CARTESIAN_POINT('Ctrl Pts',(-40.7148967717916,145.068996894779,95.3998238623163));
#6907=CARTESIAN_POINT('Ctrl Pts',(-40.7303715478947,145.116074381835,95.3998238623163));
#6908=CARTESIAN_POINT('Ctrl Pts',(-40.7435801265918,145.163835323723,95.3998238623162));
#6909=CARTESIAN_POINT('Ctrl Pts',(-40.7543884082915,145.212182226037,95.3998238623162));
#6910=CARTESIAN_POINT('Ctrl Pts',(-40.7683378913738,145.274580145952,95.3998238623162));
#6911=CARTESIAN_POINT('Ctrl Pts',(-40.7782903240678,145.337955301601,95.3998238623163));
#6912=CARTESIAN_POINT('Ctrl Pts',(-40.7843085956453,145.401945529064,95.3998238623163));
#6913=CARTESIAN_POINT('Ctrl Pts',(-40.7860271616497,145.420218454789,95.3998238623163));
#6914=CARTESIAN_POINT('Ctrl Pts',(-40.7874246066416,145.438541436639,95.3998238623162));
#6915=CARTESIAN_POINT('Ctrl Pts',(-40.7885016586702,145.456905742905,95.3998238623162));
#6916=CARTESIAN_POINT('Ctrl Pts',(-40.7891299641104,145.467618682694,95.3998238623162));
#6917=CARTESIAN_POINT('Ctrl Pts',(-40.7896493240853,145.478348221332,95.3998238623162));
#6918=CARTESIAN_POINT('Ctrl Pts',(-40.7900595298531,145.489084202291,95.3998238623162));
#6919=CARTESIAN_POINT('Ctrl Pts',(-40.7924350236837,145.55125606464,95.3998238623162));
#6920=CARTESIAN_POINT('Ctrl Pts',(-40.7911501949207,145.613484633171,95.3998238623162));
#6921=CARTESIAN_POINT('Ctrl Pts',(-40.7863195598565,145.675443568363,95.3998238623162));
#6922=CARTESIAN_POINT('Ctrl Pts',(-40.7814826194487,145.737483377472,95.3998238623162));
#6923=CARTESIAN_POINT('Ctrl Pts',(-40.7730901757145,145.799253960653,95.3998238623162));
#6924=CARTESIAN_POINT('Ctrl Pts',(-40.7612070413874,145.860414050706,95.3998238623162));
#6925=CARTESIAN_POINT('Ctrl Pts',(-40.7495513111792,145.920403737731,95.3998238623162));
#6926=CARTESIAN_POINT('Ctrl Pts',(-40.7345366817639,145.979806989437,95.3998238623162));
#6927=CARTESIAN_POINT('Ctrl Pts',(-40.7161834742819,146.038273767807,95.3998238623162));
#6928=CARTESIAN_POINT('Ctrl Pts',(-40.7119966708845,146.051611431349,95.3998238623162));
#6929=CARTESIAN_POINT('Ctrl Pts',(-40.7076359737745,146.06490021166,95.3998238623162));
#6930=CARTESIAN_POINT('Ctrl Pts',(-40.7031013618177,146.078135668859,95.3998238623162));
#6931=CARTESIAN_POINT('Ctrl Pts',(-40.6993019868734,146.089225143534,95.3998238623162));
#6932=CARTESIAN_POINT('Ctrl Pts',(-40.6953811524873,146.100275087862,95.3998238623162));
#6933=CARTESIAN_POINT('Ctrl Pts',(-40.6913429688537,146.111272581517,95.3998238623162));
#6934=CARTESIAN_POINT('Ctrl Pts',(-40.6707031799623,146.167482493686,95.3998238623162));
#6935=CARTESIAN_POINT('Ctrl Pts',(-40.6469745573282,146.222402593191,95.3998238623162));
#6936=CARTESIAN_POINT('Ctrl Pts',(-40.6202012758821,146.275709459545,95.3998238623162));
#6937=CARTESIAN_POINT('Ctrl Pts',(-40.6032291963121,146.309501670604,95.3998238623162));
#6938=CARTESIAN_POINT('Ctrl Pts',(-40.5850328000048,146.342645047354,95.3998238623162));
#6939=CARTESIAN_POINT('Ctrl Pts',(-40.5656158131827,146.375049376465,95.3998238623162));
#6940=CARTESIAN_POINT('Ctrl Pts',(-40.5581917800118,146.387439085352,95.3998238623162));
#6941=CARTESIAN_POINT('Ctrl Pts',(-40.5505892529211,146.39972068019,95.3998238623162));
#6942=CARTESIAN_POINT('Ctrl Pts',(-40.5428082378801,146.411888830593,95.3998238623162));
#6943=CARTESIAN_POINT('Ctrl Pts',(-40.5360375208028,146.422477051191,95.3998238623162));
#6944=CARTESIAN_POINT('Ctrl Pts',(-40.5291337947413,146.432975901799,95.3998238623162));
#6945=CARTESIAN_POINT('Ctrl Pts',(-40.5221017552967,146.443375646716,95.3998238623162));
#6946=CARTESIAN_POINT('Ctrl Pts',(-40.4900700701616,146.490747587286,95.3998238623162));
#6947=CARTESIAN_POINT('Ctrl Pts',(-40.4553520043973,146.536107970883,95.3998238623162));
#6948=CARTESIAN_POINT('Ctrl Pts',(-40.4179699721251,146.579145731403,95.3998238623162));
#6949=CARTESIAN_POINT('Ctrl Pts',(-40.3989902358972,146.600997013766,95.3998238623162));
#6950=CARTESIAN_POINT('Ctrl Pts',(-40.3793232725499,146.622248944013,95.3998238623162));
#6951=CARTESIAN_POINT('Ctrl Pts',(-40.3589691637894,146.642856452077,95.3998238623162));
#6952=CARTESIAN_POINT('Ctrl Pts',(-40.3430146551313,146.659009587039,95.3998238623162));
#6953=CARTESIAN_POINT('Ctrl Pts',(-40.3266378874147,146.674766701098,95.3998238623162));
#6954=CARTESIAN_POINT('Ctrl Pts',(-40.3098573250025,146.690119737868,95.3998238623162));
#6955=CARTESIAN_POINT('Origin',(-45.6,194.13,95.3998238623163));
#6956=CARTESIAN_POINT('',(-47.065,194.13,95.3998238623163));
#6957=CARTESIAN_POINT('Origin',(-45.6,194.13,95.3998238623163));
#6958=CARTESIAN_POINT('',(-47.065,194.13,90.3998238623163));
#6959=CARTESIAN_POINT('',(-47.065,194.13,95.3998238623163));
#6960=CARTESIAN_POINT('Origin',(-45.6,194.13,90.3998238623163));
#6961=CARTESIAN_POINT('Origin',(-45.6,194.13,90.3998238623163));
#6962=CARTESIAN_POINT('Origin',(37.,194.13,95.3998238623163));
#6963=CARTESIAN_POINT('Origin',(37.,194.13,90.3998238623163));
#6964=CARTESIAN_POINT('Origin',(-39.2,145.73,95.3998238623163));
#6965=CARTESIAN_POINT('Origin',(-39.2,145.73,90.3998238623163));
#6966=CARTESIAN_POINT('Origin',(35.8,145.73,95.3998238623163));
#6967=CARTESIAN_POINT('Origin',(35.8,145.73,90.3998238623163));
#6968=CARTESIAN_POINT('Origin',(51.,146.060427314212,106.968623571583));
#6969=CARTESIAN_POINT('',(108.342878474779,146.060427314212,95.3998238623163));
#6970=CARTESIAN_POINT('',(98.0706834902843,146.060427314212,106.968623571583));
#6971=CARTESIAN_POINT('Origin',(85.43,146.060427314212,85.3998238623163));
#6972=CARTESIAN_POINT('',(51.,146.060427314212,95.3998238623163));
#6973=CARTESIAN_POINT('',(51.,146.060427314212,95.3998238623163));
#6974=CARTESIAN_POINT('',(51.,146.060427314212,106.968623571583));
#6975=CARTESIAN_POINT('',(51.,146.060427314212,108.684223716949));
#6976=CARTESIAN_POINT('',(51.,146.060427314212,106.968623571583));
#6977=CARTESIAN_POINT('Origin',(51.,192.858426370773,106.968623571583));
#6978=CARTESIAN_POINT('',(98.0706834902843,192.858426370773,106.968623571583));
#6979=CARTESIAN_POINT('',(98.0706834902843,100.,106.968623571583));
#6980=CARTESIAN_POINT('',(51.,192.858426370773,106.968623571583));
#6981=CARTESIAN_POINT('',(51.,194.814213185386,106.968623571583));
#6982=CARTESIAN_POINT('',(51.,192.858426370773,106.968623571583));
#6983=CARTESIAN_POINT('Origin',(51.,192.858426370773,95.3998238623163));
#6984=CARTESIAN_POINT('',(108.342878474779,192.858426370773,95.3998238623163));
#6985=CARTESIAN_POINT('Origin',(85.43,192.858426370773,85.3998238623163));
#6986=CARTESIAN_POINT('',(51.,192.858426370773,95.3998238623163));
#6987=CARTESIAN_POINT('',(51.,192.858426370773,102.899823862316));
#6988=CARTESIAN_POINT('',(51.,192.858426370773,95.3998238623163));
#6989=CARTESIAN_POINT('Origin',(-58.7504090213386,176.873528081554,110.399823862316));
#6990=CARTESIAN_POINT('',(-58.7504090213386,176.873528081554,106.906990222968));
#6991=CARTESIAN_POINT('',(-58.7504090213386,160.968102844733,106.906990222968));
#6992=CARTESIAN_POINT('',(-58.7504090213386,176.873528081554,106.906990222968));
#6993=CARTESIAN_POINT('',(-58.7504090213386,160.968102844733,106.899823862316));
#6994=CARTESIAN_POINT('',(-58.7504090213386,160.968102844733,108.653407042642));
#6995=CARTESIAN_POINT('',(-58.7504090213386,176.873528081554,106.899823862316));
#6996=CARTESIAN_POINT('',(-58.7504090213386,176.873528081554,106.899823862316));
#6997=CARTESIAN_POINT('',(-58.7504090213386,176.873528081554,110.399823862316));
#6998=CARTESIAN_POINT('Origin',(-75.2401995721742,160.873528081554,110.399823862316));
#6999=CARTESIAN_POINT('',(-75.2401995721742,160.873528081554,110.399823862316));
#7000=CARTESIAN_POINT('',(-75.2401995721742,176.873528081554,110.399823862316));
#7001=CARTESIAN_POINT('',(-75.2401995721742,160.873528081554,110.399823862316));
#7002=CARTESIAN_POINT('',(-75.2401995721742,176.873528081554,106.899823862316));
#7003=CARTESIAN_POINT('',(-75.2401995721742,176.873528081554,110.399823862316));
#7004=CARTESIAN_POINT('',(-75.2401995721742,160.873528081554,106.899823862316));
#7005=CARTESIAN_POINT('',(-75.2401995721742,160.873528081554,106.899823862316));
#7006=CARTESIAN_POINT('',(-75.2401995721742,160.873528081554,110.399823862316));
#7007=CARTESIAN_POINT('Origin',(-66.9953042967564,168.873528081554,106.899823862316));
#7008=CARTESIAN_POINT('',(-58.7504090213386,160.873528081554,106.899823862316));
#7009=CARTESIAN_POINT('',(-62.8728566590475,160.873528081554,106.899823862316));
#7010=CARTESIAN_POINT('',(-71.1846661463434,176.873528081554,106.899823862316));
#7011=CARTESIAN_POINT('',(-58.7504090213386,172.873528081554,106.899823862316));
#7012=CARTESIAN_POINT('Origin',(-75.3740279959304,176.873528081554,110.399823862316));
#7013=CARTESIAN_POINT('',(-75.3740279959304,176.873528081554,110.399823862316));
#7014=CARTESIAN_POINT('',(-80.4020139979652,176.873528081554,110.399823862316));
#7015=CARTESIAN_POINT('',(-75.3740279959304,176.873528081554,70.6825341652011));
#7016=CARTESIAN_POINT('',(-75.3740279959304,176.873528081554,110.399823862316));
#7017=CARTESIAN_POINT('',(-58.7504090213386,176.873528081554,70.6825341652011));
#7018=CARTESIAN_POINT('',(4.81837030464965,176.873528081554,70.6825341652011));
#7019=CARTESIAN_POINT('',(-58.7504090213386,176.873528081554,96.8412764807562));
#7020=CARTESIAN_POINT('',(-58.7504090213386,176.873528081554,110.399823862316));
#7021=CARTESIAN_POINT('',(-51.,176.873528081554,96.8412764807562));
#7022=CARTESIAN_POINT('',(-58.7504090213386,176.873528081554,96.8412764807562));
#7023=CARTESIAN_POINT('',(-51.,176.873528081554,106.906990222968));
#7024=CARTESIAN_POINT('',(-51.,176.873528081554,103.620550171536));
#7025=CARTESIAN_POINT('',(-58.7504090213386,176.873528081554,106.906990222968));
#7026=CARTESIAN_POINT('Origin',(-58.7504090213386,160.968102844733,96.8412764807562));
#7027=CARTESIAN_POINT('',(-51.,160.968102844733,96.8412764807562));
#7028=CARTESIAN_POINT('',(-51.,152.099051422366,96.8412764807562));
#7029=CARTESIAN_POINT('',(-58.7504090213386,160.968102844733,96.8412764807562));
#7030=CARTESIAN_POINT('',(-58.7504090213386,168.920815463144,96.8412764807562));
#7031=CARTESIAN_POINT('',(-58.7504090213386,160.968102844733,96.8412764807562));
#7032=CARTESIAN_POINT('Origin',(-58.7504090213386,160.968102844733,106.906990222968));
#7033=CARTESIAN_POINT('',(-51.,160.968102844733,106.906990222968));
#7034=CARTESIAN_POINT('',(-51.,160.968102844733,108.653407042642));
#7035=CARTESIAN_POINT('',(-58.7504090213386,160.968102844733,108.653407042642));
#7036=CARTESIAN_POINT('',(-58.7504090213386,160.968102844733,106.906990222968));
#7037=CARTESIAN_POINT('Origin',(-58.7504090213386,176.873528081554,106.906990222968));
#7038=CARTESIAN_POINT('',(-51.,160.051764040777,106.906990222968));
#7039=CARTESIAN_POINT('Origin',(-58.7504090213386,160.873528081554,110.399823862316));
#7040=CARTESIAN_POINT('',(-58.7504090213386,160.873528081554,70.6825341652011));
#7041=CARTESIAN_POINT('',(-58.7504090213386,160.873528081554,110.399823862316));
#7042=CARTESIAN_POINT('',(-75.3740279959304,160.873528081554,70.6825341652011));
#7043=CARTESIAN_POINT('',(13.1301797919456,160.873528081554,70.6825341652011));
#7044=CARTESIAN_POINT('',(-75.3740279959304,160.873528081554,110.399823862316));
#7045=CARTESIAN_POINT('',(-75.3740279959304,160.873528081554,110.399823862316));
#7046=CARTESIAN_POINT('',(-72.0902045106693,160.873528081554,110.399823862316));
#7047=CARTESIAN_POINT('Origin',(-58.7504090213386,176.873528081554,110.399823862316));
#7048=CARTESIAN_POINT('',(-58.7504090213386,138.436764040777,70.6825341652011));
#7049=CARTESIAN_POINT('Origin',(-75.3740279959304,160.873528081554,110.399823862316));
#7050=CARTESIAN_POINT('',(-75.3740279959304,130.436764040777,70.6825341652011));
#7051=CARTESIAN_POINT('',(-75.3740279959304,130.436764040777,110.399823862316));
#7052=CARTESIAN_POINT('Origin',(97.500286557621,100.,74.0271586889366));
#7053=CARTESIAN_POINT('',(89.200286557621,100.,74.0271586889366));
#7054=CARTESIAN_POINT('Origin',(97.500286557621,100.,74.0271586889366));
#7055=CARTESIAN_POINT('',(89.200286557621,110.,74.0271586889366));
#7056=CARTESIAN_POINT('',(89.200286557621,100.,74.0271586889366));
#7057=CARTESIAN_POINT('Origin',(97.500286557621,110.,74.0271586889366));
#7058=CARTESIAN_POINT('Origin',(97.500286557621,110.,74.0271586889366));
#7059=CARTESIAN_POINT('Origin',(-97.499713442379,100.,74.0271586889366));
#7060=CARTESIAN_POINT('',(-105.799713442379,100.,74.0271586889366));
#7061=CARTESIAN_POINT('Origin',(-97.499713442379,100.,74.0271586889366));
#7062=CARTESIAN_POINT('',(-105.799713442379,110.,74.0271586889366));
#7063=CARTESIAN_POINT('',(-105.799713442379,100.,74.0271586889366));
#7064=CARTESIAN_POINT('Origin',(-97.499713442379,110.,74.0271586889366));
#7065=CARTESIAN_POINT('Origin',(-97.499713442379,110.,74.0271586889366));
#7066=CARTESIAN_POINT('Origin',(97.6406079009159,100.,-143.972841311063));
#7067=CARTESIAN_POINT('',(89.3406079009159,100.,-143.972841311063));
#7068=CARTESIAN_POINT('Origin',(97.6406079009159,100.,-143.972841311063));
#7069=CARTESIAN_POINT('',(89.3406079009159,110.,-143.972841311063));
#7070=CARTESIAN_POINT('',(89.3406079009159,100.,-143.972841311063));
#7071=CARTESIAN_POINT('Origin',(97.6406079009159,110.,-143.972841311063));
#7072=CARTESIAN_POINT('Origin',(97.6406079009159,110.,-143.972841311063));
#7073=CARTESIAN_POINT('Origin',(-97.3593920990841,100.,-143.972841311063));
#7074=CARTESIAN_POINT('',(-105.659392099084,100.,-143.972841311063));
#7075=CARTESIAN_POINT('Origin',(-97.3593920990841,100.,-143.972841311063));
#7076=CARTESIAN_POINT('',(-105.659392099084,110.,-143.972841311063));
#7077=CARTESIAN_POINT('',(-105.659392099084,100.,-143.972841311063));
#7078=CARTESIAN_POINT('Origin',(-97.3593920990841,110.,-143.972841311063));
#7079=CARTESIAN_POINT('Origin',(-97.3593920990841,110.,-143.972841311063));
#7080=CARTESIAN_POINT('Origin',(-80.7366410444909,100.,-129.40484300513));
#7081=CARTESIAN_POINT('',(85.0107686052297,100.,-129.40484300513));
#7082=CARTESIAN_POINT('',(-80.7366410444909,100.,-129.40484300513));
#7083=CARTESIAN_POINT('',(-40.3683205222454,100.,-129.40484300513));
#7084=CARTESIAN_POINT('',(85.0107686052297,230.,-129.40484300513));
#7085=CARTESIAN_POINT('',(85.0107686052297,100.,-129.40484300513));
#7086=CARTESIAN_POINT('',(-80.7366410444909,230.,-129.40484300513));
#7087=CARTESIAN_POINT('',(-80.7366410444909,230.,-129.40484300513));
#7088=CARTESIAN_POINT('',(-80.7366410444909,100.,-129.40484300513));
#7089=CARTESIAN_POINT('Origin',(110.43,100.,-160.43));
#7090=CARTESIAN_POINT('',(110.43,100.,-160.43));
#7091=CARTESIAN_POINT('',(-110.43,100.,-160.43));
#7092=CARTESIAN_POINT('',(-110.43,100.,-160.43));
#7093=CARTESIAN_POINT('',(-110.43,240.,-160.43));
#7094=CARTESIAN_POINT('',(-110.43,100.,-160.43));
#7095=CARTESIAN_POINT('',(110.43,240.,-160.43));
#7096=CARTESIAN_POINT('',(-110.43,240.,-160.43));
#7097=CARTESIAN_POINT('',(110.43,100.,-160.43));
#7098=CARTESIAN_POINT('Origin',(10.2726585066548,144.259815460676,110.399823862316));
#7099=CARTESIAN_POINT('',(10.2726585066548,144.259815460676,95.3998238623163));
#7100=CARTESIAN_POINT('',(10.2726585066548,143.23,95.3998238623163));
#7101=CARTESIAN_POINT('',(10.2726585066548,157.129907730338,95.3998238623163));
#7102=CARTESIAN_POINT('',(10.2726585066548,144.259815460676,90.3998238623163));
#7103=CARTESIAN_POINT('',(10.2726585066548,144.259815460676,110.399823862316));
#7104=CARTESIAN_POINT('',(10.2726585066548,139.033096014052,90.3998238623163));
#7105=CARTESIAN_POINT('',(10.2726585066548,139.033096014052,90.3998238623163));
#7106=CARTESIAN_POINT('',(10.2726585066548,139.033096014052,110.399823862316));
#7107=CARTESIAN_POINT('',(10.2726585066548,139.033096014052,110.399823862316));
#7108=CARTESIAN_POINT('',(10.2726585066548,143.23,110.399823862316));
#7109=CARTESIAN_POINT('',(10.2726585066548,122.129907730338,110.399823862316));
#7110=CARTESIAN_POINT('',(10.2726585066548,143.23,110.399823862316));
#7111=CARTESIAN_POINT('Origin',(10.2726585066548,139.033096014052,110.399823862316));
#7112=CARTESIAN_POINT('',(-10.0602748287452,139.033096014052,110.399823862316));
#7113=CARTESIAN_POINT('',(-37.5786707466726,139.033096014052,110.399823862316));
#7114=CARTESIAN_POINT('',(-10.0602748287452,139.033096014052,90.3998238623163));
#7115=CARTESIAN_POINT('',(-10.0602748287452,139.033096014052,90.3998238623163));
#7116=CARTESIAN_POINT('',(-10.0602748287452,139.033096014052,110.399823862316));
#7117=CARTESIAN_POINT('Origin',(-10.0602748287452,144.259815460676,110.399823862316));
#7118=CARTESIAN_POINT('',(-10.0602748287452,144.259815460676,95.3998238623163));
#7119=CARTESIAN_POINT('',(-5.03013741437259,144.259815460676,95.3998238623163));
#7120=CARTESIAN_POINT('',(-10.0602748287452,144.259815460676,90.3998238623163));
#7121=CARTESIAN_POINT('',(-10.0602748287452,144.259815460676,110.399823862316));
#7122=CARTESIAN_POINT('',(10.2726585066548,144.259815460676,90.3998238623163));
#7123=CARTESIAN_POINT('Origin',(-10.0602748287452,139.033096014052,110.399823862316));
#7124=CARTESIAN_POINT('',(-10.0602748287452,143.23,95.3998238623163));
#7125=CARTESIAN_POINT('',(-10.0602748287452,154.516548007026,95.3998238623163));
#7126=CARTESIAN_POINT('',(-10.0602748287452,143.23,110.399823862316));
#7127=CARTESIAN_POINT('',(-10.0602748287452,143.23,110.399823862316));
#7128=CARTESIAN_POINT('',(-10.0602748287452,119.516548007026,110.399823862316));
#7129=CARTESIAN_POINT('',(-10.0602748287452,144.259815460676,90.3998238623163));
#7130=CARTESIAN_POINT('Origin',(0.106191838954792,141.646455737364,90.3998238623163));
#7131=CARTESIAN_POINT('Origin',(-85.43,100.,110.399823862316));
#7132=CARTESIAN_POINT('',(85.4300000000001,100.,110.399823862316));
#7133=CARTESIAN_POINT('',(-85.43,100.,110.399823862316));
#7134=CARTESIAN_POINT('',(85.4300000000001,100.,110.399823862316));
#7135=CARTESIAN_POINT('',(85.43,240.,110.399823862316));
#7136=CARTESIAN_POINT('',(85.4300000000001,100.,110.399823862316));
#7137=CARTESIAN_POINT('',(-85.43,240.,110.399823862316));
#7138=CARTESIAN_POINT('',(-85.43,240.,110.399823862316));
#7139=CARTESIAN_POINT('',(-85.43,100.,110.399823862316));
#7140=CARTESIAN_POINT('',(-51.,143.23,110.399823862316));
#7141=CARTESIAN_POINT('',(-17.215,143.23,110.399823862316));
#7142=CARTESIAN_POINT('',(-51.,196.77,110.399823862316));
#7143=CARTESIAN_POINT('',(-51.,121.615,110.399823862316));
#7144=CARTESIAN_POINT('',(51.,196.77,110.399823862316));
#7145=CARTESIAN_POINT('',(-68.215,196.77,110.399823862316));
#7146=CARTESIAN_POINT('',(51.,143.23,110.399823862316));
#7147=CARTESIAN_POINT('',(51.,148.385,110.399823862316));
#7148=CARTESIAN_POINT('',(-17.215,143.23,110.399823862316));
#7149=CARTESIAN_POINT('Origin',(51.,143.23,110.399823862316));
#7150=CARTESIAN_POINT('',(-51.,143.23,95.3998238623163));
#7151=CARTESIAN_POINT('',(51.,143.23,95.3998238623163));
#7152=CARTESIAN_POINT('',(-51.,143.23,110.399823862316));
#7153=CARTESIAN_POINT('Origin',(51.,143.23,110.399823862316));
#7154=CARTESIAN_POINT('',(51.,143.23,95.3998238623163));
#7155=CARTESIAN_POINT('',(51.,143.23,110.399823862316));
#7156=CARTESIAN_POINT('',(51.,143.23,95.3998238623163));
#7157=CARTESIAN_POINT('Origin',(-51.,143.23,110.399823862316));
#7158=CARTESIAN_POINT('',(-51.,196.77,95.3998238623163));
#7159=CARTESIAN_POINT('',(-51.,143.23,95.3998238623163));
#7160=CARTESIAN_POINT('',(-51.,196.77,110.399823862316));
#7161=CARTESIAN_POINT('Origin',(51.,196.77,110.399823862316));
#7162=CARTESIAN_POINT('',(51.,196.77,95.3998238623163));
#7163=CARTESIAN_POINT('',(51.,196.77,95.3998238623163));
#7164=CARTESIAN_POINT('',(51.,196.77,110.399823862316));
#7165=CARTESIAN_POINT('',(51.,196.77,95.3998238623163));
#7166=CARTESIAN_POINT('Origin',(-51.,196.77,110.399823862316));
#7167=CARTESIAN_POINT('',(-51.,196.77,95.3998238623163));
#7168=CARTESIAN_POINT('Origin',(3.5527136788005E-14,170.,95.3998238623163));
#7169=CARTESIAN_POINT('',(108.342878474779,100.,95.3998238623163));
#7170=CARTESIAN_POINT('Origin',(1.77635683940025E-14,230.,-0.0150880688418553));
#7171=CARTESIAN_POINT('',(85.0107686052297,230.,70.6825341652011));
#7172=CARTESIAN_POINT('',(85.0107686052297,230.,-89.4048430051297));
#7173=CARTESIAN_POINT('',(-80.7366410444909,230.,70.6825341652011));
#7174=CARTESIAN_POINT('',(85.0107686052297,230.,70.6825341652011));
#7175=CARTESIAN_POINT('',(-80.7366410444909,230.,70.6825341652011));
#7176=CARTESIAN_POINT('Origin',(1.77635683940025E-14,240.,-0.0150880688418553));
#7177=CARTESIAN_POINT('',(-110.43,240.,85.3998238623163));
#7178=CARTESIAN_POINT('',(-110.43,240.,-110.43));
#7179=CARTESIAN_POINT('Origin',(-85.43,240.,85.3998238623163));
#7180=CARTESIAN_POINT('',(110.43,240.,85.3998238623162));
#7181=CARTESIAN_POINT('Origin',(85.43,240.,85.3998238623163));
#7182=CARTESIAN_POINT('',(110.43,240.,-110.43));
#7183=CARTESIAN_POINT('Origin',(85.0107686052297,100.,-89.4048430051297));
#7184=CARTESIAN_POINT('',(85.0107686052297,100.,70.6825341652011));
#7185=CARTESIAN_POINT('',(85.0107686052297,100.,-44.7099655369858));
#7186=CARTESIAN_POINT('',(85.0107686052297,100.,70.6825341652011));
#7187=CARTESIAN_POINT('Origin',(-80.7366410444909,100.,70.6825341652011));
#7188=CARTESIAN_POINT('',(-80.7366410444909,100.,70.6825341652011));
#7189=CARTESIAN_POINT('',(-80.7366410444909,100.,70.6825341652011));
#7190=CARTESIAN_POINT('',(-80.7366410444909,100.,70.6825341652011));
#7191=CARTESIAN_POINT('Origin',(85.0107686052297,100.,70.6825341652011));
#7192=CARTESIAN_POINT('',(85.0107686052297,100.,70.6825341652011));
#7193=CARTESIAN_POINT('Origin',(-110.43,100.,-110.43));
#7194=CARTESIAN_POINT('',(-110.43,100.,85.3998238623163));
#7195=CARTESIAN_POINT('',(-110.43,100.,-110.43));
#7196=CARTESIAN_POINT('',(-110.43,100.,85.3998238623163));
#7197=CARTESIAN_POINT('Origin',(110.43,100.,85.3998238623162));
#7198=CARTESIAN_POINT('',(110.43,100.,85.3998238623162));
#7199=CARTESIAN_POINT('',(110.43,100.,-110.43));
#7200=CARTESIAN_POINT('',(110.43,100.,85.3998238623162));
#7201=CARTESIAN_POINT('Origin',(85.43,100.,85.3998238623163));
#7202=CARTESIAN_POINT('Origin',(85.43,100.,85.3998238623163));
#7203=CARTESIAN_POINT('Origin',(-85.43,100.,85.3998238623163));
#7204=CARTESIAN_POINT('Origin',(-85.43,100.,85.3998238623163));
#7205=CARTESIAN_POINT('Origin',(1.77635683940025E-14,100.,-0.0150880688418731));
#7206=UNCERTAINTY_MEASURE_WITH_UNIT(LENGTH_MEASURE(0.01),#7210,
'DISTANCE_ACCURACY_VALUE',
'Maximum model space distance between geometric entities at asserted c
onnectivities');
#7207=UNCERTAINTY_MEASURE_WITH_UNIT(LENGTH_MEASURE(0.01),#7210,
'DISTANCE_ACCURACY_VALUE',
'Maximum model space distance between geometric entities at asserted c
onnectivities');
#7208=(
GEOMETRIC_REPRESENTATION_CONTEXT(3)
GLOBAL_UNCERTAINTY_ASSIGNED_CONTEXT((#7206))
GLOBAL_UNIT_ASSIGNED_CONTEXT((#7210,#7211,#7212))
REPRESENTATION_CONTEXT('','3D')
);
#7209=(
GEOMETRIC_REPRESENTATION_CONTEXT(3)
GLOBAL_UNCERTAINTY_ASSIGNED_CONTEXT((#7207))
GLOBAL_UNIT_ASSIGNED_CONTEXT((#7210,#7211,#7212))
REPRESENTATION_CONTEXT('','3D')
);
#7210=(
LENGTH_UNIT()
NAMED_UNIT(*)
SI_UNIT(.MILLI.,.METRE.)
);
#7211=(
NAMED_UNIT(*)
PLANE_ANGLE_UNIT()
SI_UNIT($,.RADIAN.)
);
#7212=(
NAMED_UNIT(*)
SI_UNIT($,.STERADIAN.)
SOLID_ANGLE_UNIT()
);
#7213=SHAPE_DEFINITION_REPRESENTATION(#7214,#7215);
#7214=PRODUCT_DEFINITION_SHAPE('',$,#7217);
#7215=SHAPE_REPRESENTATION('',(#2087),#7208);
#7216=PRODUCT_DEFINITION_CONTEXT('part definition',#7221,'design');
#7217=PRODUCT_DEFINITION('PillGuard','PillGuard v10',#7218,#7216);
#7218=PRODUCT_DEFINITION_FORMATION('',$,#7223);
#7219=PRODUCT_RELATED_PRODUCT_CATEGORY('PillGuard v10','PillGuard v10',
(#7223));
#7220=APPLICATION_PROTOCOL_DEFINITION('international standard',
'automotive_design',2009,#7221);
#7221=APPLICATION_CONTEXT(
'Core Data for Automotive Mechanical Design Process');
#7222=PRODUCT_CONTEXT('part definition',#7221,'mechanical');
#7223=PRODUCT('PillGuard','PillGuard v10',$,(#7222));
#7224=PRESENTATION_STYLE_ASSIGNMENT((#7229));
#7225=PRESENTATION_STYLE_ASSIGNMENT((#7230));
#7226=PRESENTATION_STYLE_ASSIGNMENT((#7231));
#7227=PRESENTATION_STYLE_ASSIGNMENT((#7232));
#7228=PRESENTATION_STYLE_ASSIGNMENT((#7233));
#7229=SURFACE_STYLE_USAGE(.BOTH.,#7234);
#7230=SURFACE_STYLE_USAGE(.BOTH.,#7235);
#7231=SURFACE_STYLE_USAGE(.BOTH.,#7236);
#7232=SURFACE_STYLE_USAGE(.BOTH.,#7237);
#7233=SURFACE_STYLE_USAGE(.BOTH.,#7238);
#7234=SURFACE_SIDE_STYLE('',(#7239));
#7235=SURFACE_SIDE_STYLE('',(#7240));
#7236=SURFACE_SIDE_STYLE('',(#7241));
#7237=SURFACE_SIDE_STYLE('',(#7242));
#7238=SURFACE_SIDE_STYLE('',(#7243));
#7239=SURFACE_STYLE_FILL_AREA(#7244);
#7240=SURFACE_STYLE_FILL_AREA(#7245);
#7241=SURFACE_STYLE_FILL_AREA(#7246);
#7242=SURFACE_STYLE_FILL_AREA(#7247);
#7243=SURFACE_STYLE_FILL_AREA(#7248);
#7244=FILL_AREA_STYLE('Steel - Satin',(#7249));
#7245=FILL_AREA_STYLE('Plastic - Matte (Blue)',(#7250));
#7246=FILL_AREA_STYLE('Paint - Metallic (Black)',(#7251));
#7247=FILL_AREA_STYLE('Plastic - Matte (Yellow)',(#7252));
#7248=FILL_AREA_STYLE('ABS (White)',(#7253));
#7249=FILL_AREA_STYLE_COLOUR('Steel - Satin',#7254);
#7250=FILL_AREA_STYLE_COLOUR('Plastic - Matte (Blue)',#7255);
#7251=FILL_AREA_STYLE_COLOUR('Paint - Metallic (Black)',#7256);
#7252=FILL_AREA_STYLE_COLOUR('Plastic - Matte (Yellow)',#7257);
#7253=FILL_AREA_STYLE_COLOUR('ABS (White)',#7258);
#7254=COLOUR_RGB('Steel - Satin',0.627450980392157,0.627450980392157,0.627450980392157);
#7255=COLOUR_RGB('Plastic - Matte (Blue)',0.109803921568627,0.152941176470588,
0.549019607843137);
#7256=COLOUR_RGB('Paint - Metallic (Black)',0.0980392156862745,0.0980392156862745,
0.0980392156862745);
#7257=COLOUR_RGB('Plastic - Matte (Yellow)',0.909803921568627,0.67843137254902,
0.137254901960784);
#7258=COLOUR_RGB('ABS (White)',0.964705882352941,0.964705882352941,0.952941176470588);
ENDSEC;
END-ISO-10303-21;
